{"type":"FeatureCollection","features":[{"type":"Feature","properties":{"NAM_0":"India"},"geometry":{"type":"MultiPolygon","coordinates":[[[[97.0617,27.7497],[97.0187,27.7401],[96.9842,27.6669],[96.9381,27.6613],[96.9115,27.6192],[96.8943,27.6159],[96.8921,27.5776],[96.91,27.5784],[96.9075,27.5438],[96.9266,27.5265],[96.9031,27.4535],[96.9638,27.402],[96.9619,27.374],[96.9991,27.3188],[97.0279,27.3087],[97.0883,27.2392],[97.0907,27.2137],[97.1634,27.1426],[97.1385,27.0919],[97.0991,27.1085],[97.0626,27.0927],[96.9847,27.1556],[96.8743,27.1811],[96.8546,27.2099],[96.8853,27.228],[96.884,27.2606],[96.8472,27.2718],[96.8482,27.2906],[96.7986,27.3451],[96.7042,27.3728],[96.6976,27.3583],[96.6067,27.3661],[96.5954,27.3345],[96.5513,27.318],[96.5242,27.287],[96.4407,27.3065],[96.3864,27.2848],[96.3082,27.2946],[96.2715,27.2718],[96.2288,27.2788],[96.1856,27.2495],[96.09,27.2237],[96.022,27.1797],[95.9409,27.0491],[95.8697,27.0134],[95.8008,27.0147],[95.7609,26.9654],[95.7456,26.9001],[95.7221,26.8814],[95.6668,26.9032],[95.6321,26.8736],[95.6077,26.8139],[95.5314,26.8278],[95.508,26.8095],[95.4832,26.7465],[95.4606,26.7437],[95.4312,26.7008],[95.3036,26.6505],[95.2588,26.6556],[95.2576,26.6764],[95.2335,26.6816],[95.2091,26.6486],[95.1491,26.6158],[95.1525,26.5817],[95.1082,26.5426],[95.1144,26.518],[95.0678,26.4621],[95.1035,26.4214],[95.0998,26.3938],[95.1325,26.3778],[95.1145,26.2326],[95.1425,26.2112],[95.1216,26.1854],[95.1176,26.1009],[95.1657,26.092],[95.1849,26.0701],[95.0973,25.9557],[95.031,25.9284],[95.0115,25.8977],[95.0081,25.8672],[95.05,25.8007],[95.0398,25.7406],[95.0024,25.7283],[94.937,25.6685],[94.9151,25.6081],[94.8821,25.5917],[94.8983,25.5671],[94.8342,25.5533],[94.8061,25.4921],[94.7814,25.4801],[94.7516,25.4941],[94.6837,25.4664],[94.6699,25.4188],[94.6345,25.3946],[94.6348,25.3581],[94.5881,25.2736],[94.576,25.2141],[94.606,25.1817],[94.737,25.1354],[94.7431,25.0366],[94.6965,24.968],[94.7139,24.9348],[94.6323,24.8398],[94.6187,24.785],[94.6296,24.7591],[94.6052,24.7128],[94.5864,24.7048],[94.5807,24.722],[94.5694,24.705],[94.5467,24.707],[94.541,24.6427],[94.5097,24.5927],[94.4556,24.5707],[94.4239,24.4849],[94.3944,24.4827],[94.4082,24.4396],[94.3957,24.4098],[94.3608,24.3944],[94.3772,24.3753],[94.3506,24.3339],[94.3209,24.3263],[94.3217,24.2769],[94.2914,24.2334],[94.2807,24.1745],[94.2592,24.162],[94.2553,24.0828],[94.2396,24.0524],[94.2284,24.0555],[94.2382,24.0332],[94.2024,23.982],[94.1887,23.9304],[94.1691,23.9276],[94.1563,23.8477],[94.1257,23.8332],[94.0957,23.889],[94.0482,23.8877],[94.0167,23.9269],[93.9724,23.925],[93.93,23.9504],[93.8078,23.9266],[93.755,24.0054],[93.623,24.0106],[93.5914,23.961],[93.5601,23.982],[93.5415,23.9485],[93.5052,23.962],[93.4911,23.9507],[93.4518,23.9836],[93.4202,24.0667],[93.3414,24.1027],[93.3519,24.0927],[93.3282,24.0795],[93.3303,23.9868],[93.366,23.9334],[93.3949,23.9242],[93.3857,23.8476],[93.4042,23.7971],[93.3923,23.756],[93.4104,23.7037],[93.437,23.6838],[93.4171,23.6412],[93.4287,23.588],[93.4096,23.5639],[93.4184,23.5394],[93.3964,23.5075],[93.3878,23.4462],[93.4015,23.3838],[93.388,23.3604],[93.3561,23.3535],[93.3717,23.3294],[93.3693,23.2511],[93.3889,23.2178],[93.3681,23.1446],[93.387,23.1429],[93.3553,23.1161],[93.3426,23.0575],[93.2927,23.0057],[93.23,23.0109],[93.2098,23.0483],[93.1826,23.0596],[93.1527,23.0436],[93.1351,23.0599],[93.1256,23.0386],[93.1194,23.0043],[93.1412,22.9892],[93.1374,22.9507],[93.1644,22.9112],[93.1318,22.9072],[93.1106,22.8179],[93.0947,22.8068],[93.1068,22.7547],[93.0954,22.6725],[93.141,22.5909],[93.1063,22.5276],[93.1285,22.5241],[93.1387,22.4544],[93.1848,22.4289],[93.2017,22.2622],[93.1421,22.2458],[93.1617,22.1956],[93.1507,22.1765],[93.1232,22.1743],[93.1112,22.2043],[93.0377,22.1947],[93.048,22.1754],[93.0378,22.1443],[93.0589,22.1004],[93.0045,22.1022],[92.9947,22.0424],[93.005,21.9865],[92.9877,21.9788],[92.9519,22.03],[92.9276,22.0159],[92.9357,22.0063],[92.9062,21.9402],[92.8945,22.0042],[92.8639,22.0262],[92.8634,22.0632],[92.8403,22.0605],[92.7268,22.1497],[92.6998,22.1556],[92.6924,22.076],[92.682,22.1028],[92.6812,22.0148],[92.6533,22.0161],[92.6351,21.9838],[92.6024,21.9796],[92.6125,21.9917],[92.5926,22.0391],[92.6028,22.0605],[92.5622,22.1279],[92.5791,22.1433],[92.6052,22.1234],[92.6092,22.1646],[92.5943,22.1812],[92.5808,22.3195],[92.5522,22.4148],[92.5508,22.5141],[92.5229,22.5588],[92.5383,22.5754],[92.5289,22.6649],[92.5079,22.737],[92.476,22.7454],[92.4505,22.8923],[92.4331,22.8864],[92.4207,22.9172],[92.401,22.9119],[92.3969,22.9302],[92.3722,22.9349],[92.3921,23.054],[92.3582,23.1066],[92.3682,23.1241],[92.3502,23.2357],[92.4041,23.2412],[92.381,23.2851],[92.3857,23.3063],[92.3644,23.3227],[92.3789,23.362],[92.3563,23.3728],[92.3573,23.4107],[92.3169,23.4717],[92.3082,23.578],[92.2872,23.5961],[92.2962,23.6214],[92.273,23.643],[92.2909,23.6813],[92.28,23.7189],[92.2414,23.7199],[92.2329,23.6678],[92.2129,23.6526],[92.2072,23.7005],[92.1778,23.7084],[92.1706,23.7395],[92.1484,23.7357],[92.0626,23.645],[92.0089,23.6637],[91.978,23.733],[91.9541,23.73],[91.9571,23.6939],[91.9341,23.6844],[91.97,23.4777],[91.937,23.4665],[91.9431,23.4331],[91.8995,23.4408],[91.8451,23.4047],[91.825,23.3539],[91.7628,23.3032],[91.8099,23.1655],[91.8133,23.0994],[91.8343,23.0917],[91.8069,23.0641],[91.7745,23.0696],[91.7795,23.0284],[91.7678,23.0398],[91.7191,22.9867],[91.6462,22.985],[91.6192,22.9378],[91.6017,22.9534],[91.6064,22.9708],[91.5765,22.9652],[91.5425,22.9997],[91.5497,23.0364],[91.5305,23.0386],[91.5294,23.0918],[91.504,23.1277],[91.5154,23.145],[91.4906,23.1573],[91.5043,23.1897],[91.4707,23.1966],[91.4824,23.1986],[91.4753,23.2206],[91.4512,23.22],[91.4703,23.228],[91.4438,23.2465],[91.4539,23.2598],[91.4185,23.2586],[91.4083,23.2842],[91.411,23.2562],[91.3971,23.2656],[91.4072,23.2474],[91.3922,23.2457],[91.4005,23.2292],[91.3808,23.2086],[91.4173,23.0648],[91.3954,23.0561],[91.3471,23.1027],[91.3242,23.1592],[91.3264,23.2524],[91.3002,23.2926],[91.3126,23.3071],[91.2901,23.3187],[91.3198,23.3601],[91.2914,23.3513],[91.2495,23.4902],[91.218,23.4985],[91.2239,23.514],[91.2009,23.5197],[91.2134,23.5506],[91.1946,23.5475],[91.1769,23.5929],[91.1616,23.5948],[91.158,23.6709],[91.1988,23.6494],[91.2083,23.6862],[91.1542,23.691],[91.1589,23.7417],[91.1962,23.751],[91.2206,23.7377],[91.2332,23.811],[91.2541,23.8372],[91.2296,23.8813],[91.2461,23.9133],[91.2326,23.928],[91.2762,23.9227],[91.2708,23.9619],[91.2846,23.9822],[91.2997,23.9723],[91.3044,23.9959],[91.3794,23.9754],[91.3731,24.0025],[91.3965,24.0498],[91.3745,24.1077],[91.4752,24.1024],[91.5862,24.0727],[91.5939,24.0971],[91.6395,24.1086],[91.6342,24.1368],[91.66,24.1897],[91.648,24.2194],[91.6641,24.2323],[91.6837,24.167],[91.7599,24.1418],[91.7445,24.2474],[91.8162,24.2102],[91.8422,24.2268],[91.8465,24.1907],[91.8735,24.1746],[91.8849,24.1387],[91.9058,24.1388],[91.9405,24.2684],[91.9199,24.3371],[91.9573,24.3566],[91.9959,24.3224],[91.9695,24.3844],[91.9835,24.3762],[91.9992,24.3924],[92.0972,24.3725],[92.1222,24.384],[92.1369,24.4252],[92.1664,24.4219],[92.155,24.519],[92.1692,24.5319],[92.2128,24.5041],[92.2238,24.5176],[92.2485,24.6585],[92.2958,24.7371],[92.2796,24.7444],[92.2888,24.788],[92.273,24.7995],[92.273,24.8276],[92.2414,24.8422],[92.2474,24.8875],[92.2318,24.9003],[92.2986,24.9163],[92.3989,24.8489],[92.4538,24.8739],[92.4861,24.8719],[92.4989,24.9044],[92.489,24.9481],[92.4498,24.9398],[92.4695,24.9635],[92.4189,24.9676],[92.4257,25.0296],[92.3417,25.0494],[92.3475,25.0736],[92.3349,25.0786],[92.3108,25.0694],[92.2229,25.0974],[92.2072,25.1123],[92.2273,25.1175],[92.1885,25.1359],[92.1819,25.1192],[92.1646,25.1263],[92.1351,25.1422],[92.1326,25.1601],[92.0617,25.1878],[92.002,25.1854],[91.9762,25.1683],[91.9193,25.1824],[91.7758,25.1633],[91.7521,25.1761],[91.7457,25.1406],[91.7031,25.1593],[91.6916,25.1372],[91.6378,25.1227],[91.6003,25.1467],[91.6125,25.1763],[91.4746,25.1336],[91.468,25.152],[91.4403,25.1501],[91.4145,25.1713],[91.2924,25.1839],[91.2688,25.2068],[91.0748,25.1977],[90.8633,25.1583],[90.8054,25.1662],[90.7813,25.1858],[90.7331,25.1551],[90.7101,25.1689],[90.6971,25.1574],[90.6854,25.175],[90.6659,25.166],[90.6629,25.1973],[90.6411,25.1749],[90.5093,25.1752],[90.4409,25.1446],[90.3704,25.163],[90.3301,25.1938],[90.1182,25.2235],[90.0537,25.2619],[89.9838,25.2808],[89.9665,25.3037],[89.9481,25.2933],[89.9092,25.3083],[89.8765,25.2854],[89.8383,25.2932],[89.821,25.359],[89.8255,25.4138],[89.852,25.4669],[89.8512,25.5387],[89.8656,25.5459],[89.8824,25.6173],[89.8507,25.7123],[89.8267,25.7324],[89.841,25.7612],[89.8164,25.8138],[89.8331,25.8712],[89.8869,25.9453],[89.8253,25.9455],[89.8472,25.9502],[89.8417,25.9707],[89.8732,25.976],[89.836,26.011],[89.8359,25.9824],[89.8213,25.9865],[89.8074,26.044],[89.79,26.0179],[89.8016,26.0404],[89.7735,26.0377],[89.7986,26.0593],[89.7946,26.0878],[89.7812,26.0835],[89.7829,26.1062],[89.7572,26.1081],[89.7664,26.1308],[89.7475,26.1575],[89.6826,26.1626],[89.701,26.1735],[89.6733,26.2021],[89.6878,26.2202],[89.6798,26.2343],[89.6719,26.2199],[89.6343,26.2292],[89.649,26.1907],[89.6301,26.1959],[89.6277,26.1841],[89.6554,26.1815],[89.6492,26.1645],[89.6076,26.1794],[89.6103,26.1546],[89.5916,26.1568],[89.6036,26.1178],[89.6295,26.1232],[89.5939,26.1024],[89.6081,26.0886],[89.6277,26.1083],[89.6497,26.0666],[89.6182,26.0538],[89.6051,26.0636],[89.6134,26.0542],[89.5786,26.0263],[89.5762,25.9685],[89.5664,25.9803],[89.5576,25.9654],[89.5404,25.9699],[89.5394,26.0052],[89.4792,25.9971],[89.4308,26.0111],[89.4256,26.0452],[89.4074,26.0416],[89.3914,26.0088],[89.3548,26.0084],[89.3059,26.047],[89.2784,26.0486],[89.282,26.0656],[89.254,26.064],[89.2665,26.0942],[89.2513,26.0914],[89.2289,26.1225],[89.155,26.139],[89.1572,26.1632],[89.1362,26.1816],[89.1488,26.2102],[89.1408,26.236],[89.1017,26.2831],[89.1037,26.3139],[89.1225,26.2865],[89.1358,26.3213],[89.0843,26.3222],[89.1002,26.3373],[89.0963,26.3602],[89.0795,26.363],[89.0919,26.3938],[89.0335,26.3956],[89.0204,26.4148],[88.9944,26.4142],[88.9655,26.4576],[88.9461,26.448],[88.9429,26.4254],[88.9261,26.4322],[88.925,26.4069],[88.9067,26.4068],[88.9143,26.3653],[88.9583,26.3618],[88.9519,26.3321],[88.9632,26.3502],[88.9872,26.3484],[88.9848,26.334],[89.0009,26.3299],[88.9824,26.3086],[88.9943,26.293],[89.0071,26.3038],[89.0183,26.2904],[89.0206,26.3083],[89.0203,26.2881],[89.0385,26.2775],[89.0457,26.2956],[89.0603,26.2918],[89.0626,26.2536],[89.0455,26.241],[88.9533,26.2421],[88.9265,26.2825],[88.8983,26.2888],[88.8615,26.2727],[88.8777,26.2334],[88.8417,26.2308],[88.8128,26.2565],[88.8191,26.2947],[88.7934,26.3101],[88.7466,26.3083],[88.7458,26.2895],[88.6871,26.2781],[88.6795,26.2592],[88.6666,26.2651],[88.668,26.2972],[88.6914,26.281],[88.706,26.2905],[88.6854,26.2948],[88.675,26.3202],[88.7464,26.3224],[88.7341,26.3287],[88.7454,26.3479],[88.7046,26.3326],[88.6813,26.378],[88.7017,26.3888],[88.6722,26.3958],[88.686,26.4122],[88.6678,26.4072],[88.6238,26.4351],[88.6229,26.471],[88.5961,26.4695],[88.5843,26.4504],[88.5603,26.461],[88.5568,26.4854],[88.5263,26.4807],[88.5214,26.5106],[88.4903,26.5124],[88.4833,26.5415],[88.4481,26.5354],[88.4226,26.5662],[88.4164,26.6315],[88.3983,26.6246],[88.3869,26.6108],[88.3996,26.6025],[88.3766,26.5929],[88.3316,26.482],[88.3551,26.4494],[88.3602,26.4837],[88.3747,26.4881],[88.4058,26.4845],[88.4195,26.4658],[88.4855,26.4603],[88.5236,26.3619],[88.5058,26.3508],[88.5057,26.3637],[88.4882,26.3604],[88.4884,26.3489],[88.4576,26.3765],[88.4343,26.3349],[88.4043,26.3297],[88.4151,26.3153],[88.3841,26.3127],[88.3497,26.2827],[88.3507,26.2205],[88.2419,26.1888],[88.1774,26.1479],[88.1591,26.0794],[88.1823,26.0737],[88.1699,26.0469],[88.1823,26.0255],[88.1396,26.0121],[88.1143,25.9587],[88.1219,25.9482],[88.0857,25.9167],[88.1022,25.8895],[88.0938,25.8743],[88.111,25.8673],[88.1019,25.8283],[88.12,25.8125],[88.1145,25.7983],[88.1442,25.7938],[88.1521,25.7758],[88.1853,25.8018],[88.2102,25.7863],[88.2366,25.81],[88.2692,25.8084],[88.2665,25.7833],[88.3755,25.7147],[88.3703,25.7012],[88.4035,25.6861],[88.4019,25.6732],[88.4542,25.6645],[88.4454,25.5971],[88.4995,25.5841],[88.494,25.5589],[88.5327,25.5421],[88.5398,25.5087],[88.5525,25.521],[88.5955,25.5061],[88.6089,25.5165],[88.6234,25.4972],[88.6486,25.4968],[88.6467,25.4781],[88.6994,25.4713],[88.7225,25.502],[88.7414,25.505],[88.7441,25.4881],[88.768,25.4985],[88.7607,25.5263],[88.8101,25.5236],[88.8122,25.4916],[88.829,25.4903],[88.8396,25.4583],[88.8303,25.4177],[88.8144,25.4102],[88.8411,25.3976],[88.8408,25.364],[88.8851,25.3257],[88.9062,25.3378],[88.9294,25.3042],[89.0089,25.3031],[89.0084,25.2644],[88.989,25.2741],[88.9562,25.2552],[88.9612,25.2084],[88.937,25.211],[88.9495,25.1813],[88.9224,25.1651],[88.9096,25.1802],[88.8751,25.1792],[88.8438,25.2139],[88.8058,25.1706],[88.7693,25.1899],[88.7509,25.1757],[88.7091,25.2076],[88.6123,25.2039],[88.5639,25.1753],[88.5575,25.1928],[88.5339,25.1878],[88.5379,25.1979],[88.4993,25.2102],[88.475,25.2122],[88.4631,25.1952],[88.4376,25.2033],[88.4611,25.1519],[88.4413,25.126],[88.4527,25.0792],[88.4353,25.0549],[88.4527,25.0373],[88.4414,25.0121],[88.4129,24.9982],[88.4159,24.9732],[88.3952,24.9692],[88.3991,24.9457],[88.3817,24.9391],[88.3631,24.9533],[88.3399,24.9399],[88.3243,24.9175],[88.3471,24.8923],[88.327,24.8703],[88.3178,24.8841],[88.3026,24.8718],[88.2776,24.8973],[88.2591,24.8784],[88.2647,24.9114],[88.2223,24.9622],[88.1379,24.9363],[88.175,24.8602],[88.1441,24.8493],[88.1368,24.8055],[88.1235,24.8232],[88.1061,24.7797],[88.0683,24.7692],[88.0621,24.7209],[88.0086,24.6678],[88.1416,24.5107],[88.2035,24.46],[88.2724,24.4403],[88.3339,24.3815],[88.445,24.3789],[88.5265,24.3448],[88.5551,24.2934],[88.5683,24.3272],[88.6279,24.3048],[88.6987,24.3137],[88.7354,24.2791],[88.7314,24.172],[88.7461,24.147],[88.6987,24.1207],[88.7422,24.0568],[88.7236,24.0461],[88.7408,24.0359],[88.7294,23.9949],[88.7577,24.007],[88.7695,23.9825],[88.7372,23.9825],[88.7333,23.9111],[88.7008,23.9125],[88.6606,23.8688],[88.6167,23.8768],[88.5766,23.8604],[88.6021,23.8176],[88.578,23.7867],[88.5586,23.7863],[88.5806,23.7655],[88.5648,23.7131],[88.5738,23.6669],[88.5583,23.6492],[88.5622,23.6372],[88.5938,23.6409],[88.5798,23.6046],[88.643,23.6087],[88.6595,23.5492],[88.7252,23.5115],[88.7443,23.4832],[88.7741,23.4799],[88.7703,23.4976],[88.8008,23.4973],[88.7904,23.4415],[88.7646,23.4485],[88.7486,23.3974],[88.7649,23.3667],[88.7319,23.3517],[88.7452,23.3074],[88.7307,23.3199],[88.725,23.2984],[88.7125,23.3122],[88.6967,23.303],[88.7244,23.2713],[88.7191,23.2548],[88.7695,23.2449],[88.7789,23.2208],[88.8115,23.2217],[88.8093,23.2552],[88.8291,23.2448],[88.824,23.2339],[88.9068,23.2361],[88.9146,23.2135],[88.9421,23.2065],[88.976,23.2245],[88.9945,23.2157],[88.9803,23.2131],[88.978,23.1826],[88.9622,23.1932],[88.9389,23.1774],[88.9307,23.1431],[88.8705,23.1017],[88.8629,23.076],[88.8841,23.0403],[88.8802,23.0084],[88.8449,23.0094],[88.8707,22.9792],[88.8588,22.9438],[88.8943,22.9521],[88.8872,22.9333],[88.9083,22.919],[88.8955,22.9124],[88.9094,22.8799],[88.9453,22.8808],[88.9685,22.8449],[88.9582,22.7966],[88.9374,22.793],[88.9116,22.7574],[88.9278,22.7182],[88.9621,22.6952],[88.9261,22.6521],[88.9355,22.6175],[88.9601,22.6168],[88.9375,22.5605],[88.9605,22.5504],[88.9965,22.4677],[88.9986,22.4291],[88.9644,22.4096],[88.9587,22.3649],[88.9351,22.3966],[88.9539,22.3657],[88.9428,22.3097],[88.907,22.3359],[88.8961,22.3813],[88.9283,22.401],[88.9082,22.4146],[88.9209,22.425],[88.9029,22.4561],[88.9025,22.4163],[88.922,22.4019],[88.8967,22.3854],[88.8973,22.3664],[88.8546,22.4333],[88.8265,22.4355],[88.8121,22.4654],[88.8279,22.4467],[88.8171,22.4325],[88.7933,22.4715],[88.8165,22.4309],[88.8482,22.431],[88.8563,22.3735],[88.875,22.3548],[88.8184,22.361],[88.8035,22.2802],[88.743,22.2289],[88.746,22.2039],[88.7327,22.1954],[88.6365,22.2161],[88.681,22.2733],[88.6823,22.3255],[88.6983,22.3287],[88.6721,22.3287],[88.661,22.3453],[88.6771,22.2913],[88.6672,22.3004],[88.6755,22.2893],[88.6309,22.2172],[88.6732,22.201],[88.6303,22.1495],[88.6198,22.1117],[88.6,22.1323],[88.5976,22.1028],[88.6185,22.1017],[88.6353,22.0423],[88.6047,22.0227],[88.6008,22.055],[88.5998,22.0224],[88.6133,22.013],[88.5941,21.9873],[88.5551,22.0054],[88.5408,21.981],[88.5012,21.9795],[88.491,21.9598],[88.5075,21.93],[88.4742,21.8964],[88.4559,21.9017],[88.4535,21.9352],[88.4701,21.9597],[88.4473,21.9643],[88.4429,21.9914],[88.4575,22.0102],[88.4419,21.9896],[88.4448,21.9643],[88.4678,21.9569],[88.4521,21.9444],[88.4567,21.9197],[88.4208,21.9076],[88.4096,21.886],[88.385,21.8974],[88.4078,21.9196],[88.3991,21.9531],[88.3753,21.9665],[88.3919,21.9701],[88.3737,21.9684],[88.4042,21.923],[88.3826,21.9021],[88.3973,21.8847],[88.3825,21.7915],[88.3636,21.7977],[88.3546,21.8307],[88.3704,21.8957],[88.3479,21.9404],[88.3669,21.8973],[88.3567,21.8618],[88.2703,21.8573],[88.2546,21.8694],[88.3112,21.847],[88.2527,21.8114],[88.2548,21.7821],[88.2798,21.7574],[88.2675,21.7301],[88.2733,21.7557],[88.2178,21.7641],[88.1999,21.8363],[88.1642,21.8803],[88.177,21.9271],[88.1539,21.9599],[88.2073,22.0226],[88.2266,22.0845],[88.2082,22.1552],[88.1766,22.1934],[88.0696,22.2118],[88.1028,22.2898],[88.1081,22.3789],[88.1461,22.41],[88.1215,22.4653],[88.2389,22.5192],[88.243,22.5519],[88.2322,22.5528],[88.2376,22.5283],[88.1154,22.4679],[88.1363,22.4132],[88.0888,22.3702],[88.0901,22.3054],[88.0493,22.2198],[87.9778,22.2541],[87.9595,22.282],[87.9445,22.4046],[87.9221,22.4297],[87.8856,22.4366],[87.935,22.3887],[87.946,22.341],[87.9373,22.2607],[88.0088,22.2011],[88.0326,22.2093],[88.0764,22.1869],[88.1359,22.1851],[88.1919,22.1146],[88.1884,22.1003],[88.1487,22.0595],[88.0609,22.0139],[87.9925,22.1039],[87.9567,22.0998],[87.8288,22.1679],[87.9536,22.0974],[87.9816,22.0985],[88.0526,22.0093],[87.9806,21.8666],[87.9114,21.7981],[87.8798,21.8002],[87.8783,21.8687],[87.8611,21.8674],[87.8619,21.8894],[87.8341,21.8991],[87.8794,21.861],[87.8689,21.8198],[87.8822,21.7824],[87.7916,21.701],[87.8191,21.7113],[87.7862,21.6924],[87.7512,21.6975],[87.7528,21.6852],[87.6736,21.6527],[87.6461,21.6482],[87.6621,21.6686],[87.6376,21.6683],[87.632,21.6475],[87.5515,21.638],[87.3867,21.5715],[87.3092,21.5878],[87.3468,21.6307],[87.3265,21.6619],[87.3051,21.6622],[87.3077,21.6945],[87.2886,21.6799],[87.3088,21.6926],[87.3029,21.6622],[87.3241,21.6629],[87.3432,21.6423],[87.3389,21.6209],[87.3037,21.6014],[87.3013,21.5755],[87.3844,21.546],[87.2072,21.5454],[87.1279,21.5108],[87.0722,21.5561],[87.1178,21.5115],[87.0731,21.4702],[87.0398,21.4773],[87.0379,21.4656],[86.9822,21.5064],[86.9813,21.4917],[86.9908,21.508],[86.989,21.4892],[87.0115,21.4889],[87.0274,21.4648],[87.0617,21.465],[86.9796,21.4096],[86.8929,21.3164],[86.8369,21.211],[86.8266,21.2137],[86.8187,21.1716],[86.8333,21.099],[86.9587,20.8482],[86.958,20.7854],[86.8798,20.799],[86.8564,20.8339],[86.8658,20.8451],[86.8436,20.859],[86.8619,20.876],[86.8448,20.9102],[86.8611,20.8778],[86.8437,20.8549],[86.8638,20.8459],[86.8549,20.834],[86.88,20.7964],[86.8258,20.7706],[86.7973,20.7352],[86.7565,20.7389],[86.7529,20.7727],[86.7098,20.7609],[86.7092,20.7751],[86.6792,20.7883],[86.6837,20.8289],[86.6757,20.7911],[86.6136,20.8038],[86.7064,20.7756],[86.7102,20.7585],[86.7564,20.7664],[86.7612,20.732],[86.8157,20.7436],[86.7508,20.6178],[86.7513,20.6619],[86.7273,20.6846],[86.6959,20.6833],[86.6759,20.7033],[86.5828,20.6917],[86.5641,20.7203],[86.5434,20.6956],[86.5147,20.6996],[86.4909,20.681],[86.4244,20.6853],[86.4275,20.7085],[86.332,20.7558],[86.3344,20.7723],[86.2876,20.7918],[86.2668,20.8302],[86.2245,20.8245],[86.1936,20.8671],[86.1616,20.8554],[86.1135,20.8902],[86.0557,20.8822],[86.1373,20.8817],[86.1611,20.8542],[86.1947,20.8649],[86.2211,20.8243],[86.2658,20.8284],[86.2904,20.7824],[86.3005,20.7949],[86.3401,20.7478],[86.4214,20.7118],[86.4252,20.6844],[86.492,20.6793],[86.5141,20.6979],[86.541,20.6922],[86.5655,20.7184],[86.5859,20.6806],[86.5549,20.6638],[86.5531,20.6464],[86.5389,20.6528],[86.5512,20.6451],[86.5949,20.7003],[86.625,20.6857],[86.6789,20.6996],[86.6866,20.6842],[86.738,20.6714],[86.7096,20.639],[86.6757,20.6433],[86.6607,20.6099],[86.6078,20.607],[86.6127,20.5733],[86.5992,20.5702],[86.592,20.5933],[86.6015,20.5654],[86.6235,20.5862],[86.614,20.6082],[86.6698,20.6058],[86.6779,20.6404],[86.7094,20.6367],[86.7329,20.6635],[86.7464,20.6536],[86.711,20.5822],[86.7655,20.6173],[86.7731,20.6446],[86.8199,20.6383],[86.8147,20.6632],[86.7969,20.6648],[86.8037,20.6754],[86.83,20.6715],[86.8453,20.6508],[86.8809,20.6767],[86.9003,20.6728],[86.8825,20.6374],[86.8968,20.6513],[86.928,20.6408],[86.9487,20.6522],[86.9416,20.6418],[86.975,20.6619],[86.8834,20.6037],[86.8727,20.6154],[86.8987,20.6261],[86.8697,20.6422],[86.8235,20.5739],[86.8514,20.5812],[86.7886,20.5386],[86.77,20.5035],[86.7736,20.5242],[86.7573,20.5081],[86.709,20.5696],[86.7513,20.5125],[86.7394,20.486],[86.7558,20.5019],[86.7436,20.4683],[86.7217,20.4813],[86.6869,20.4707],[86.7341,20.4759],[86.7255,20.3999],[86.7057,20.4214],[86.6907,20.4095],[86.6934,20.427],[86.677,20.4354],[86.6641,20.4276],[86.6719,20.4405],[86.6588,20.4377],[86.6532,20.4553],[86.6191,20.4274],[86.5676,20.4315],[86.6202,20.4261],[86.6496,20.4521],[86.6576,20.4361],[86.6693,20.4426],[86.6639,20.4263],[86.692,20.4264],[86.6871,20.4089],[86.7052,20.4196],[86.7075,20.4053],[86.667,20.3902],[86.7027,20.4054],[86.7216,20.3922],[86.7103,20.354],[86.672,20.3291],[86.616,20.3394],[86.5932,20.4017],[86.5483,20.4159],[86.4927,20.4091],[86.4987,20.3887],[86.5858,20.4013],[86.6085,20.3423],[86.5737,20.3325],[86.6518,20.3268],[86.6866,20.2843],[86.7183,20.2907],[86.6799,20.268],[86.6711,20.2814],[86.6773,20.2586],[86.5103,20.1772],[86.4947,20.1809],[86.4998,20.2076],[86.5131,20.203],[86.4993,20.2172],[86.4901,20.1722],[86.4756,20.1668],[86.468,20.183],[86.4734,20.1524],[86.4595,20.1564],[86.4681,20.146],[86.4889,20.1655],[86.4663,20.1175],[86.4892,20.138],[86.4846,20.1122],[86.5076,20.1689],[86.584,20.2176],[86.5272,20.1748],[86.4375,20.0567],[86.3992,20.0621],[86.4182,20.0456],[86.4031,20.009],[86.3684,19.9804],[86.3443,19.9807],[86.3276,20.0306],[86.2746,20.0615],[86.2501,20.0558],[86.2426,20.0315],[86.2204,20.0309],[86.1855,20.058],[86.1538,20.113],[86.1657,20.1695],[86.076,20.1908],[86.1635,20.1676],[86.1533,20.1063],[86.1721,20.0657],[86.217,20.0283],[86.3184,20.0133],[86.3214,19.9826],[86.3408,19.9698],[86.3163,19.9493],[86.3426,19.9671],[86.3879,19.9625],[86.131,19.8699],[85.9055,19.8273],[85.907,19.8167],[85.685,19.7472],[85.5123,19.666],[85.661,19.7402],[85.5059,19.6818],[85.511,19.7158],[85.5377,19.7396],[85.4972,19.7144],[85.5095,19.6983],[85.4875,19.6668],[85.4393,19.663],[85.4997,19.708],[85.4454,19.6909],[85.4184,19.7095],[85.4304,19.7012],[85.4519,19.7245],[85.5019,19.73],[85.5747,19.7738],[85.5571,19.8007],[85.5731,19.8526],[85.5513,19.865],[85.5525,19.8806],[85.5162,19.8844],[85.4856,19.8399],[85.4683,19.8604],[85.4535,19.8455],[85.3839,19.8509],[85.345,19.8323],[85.3244,19.7984],[85.2772,19.7946],[85.2401,19.7644],[85.2418,19.7471],[85.2189,19.7513],[85.1917,19.7152],[85.2039,19.6837],[85.1616,19.6616],[85.1797,19.6354],[85.1253,19.6046],[85.1604,19.5661],[85.1233,19.5647],[85.0952,19.5291],[85.0995,19.5021],[85.1125,19.5015],[85.1174,19.522],[85.1316,19.503],[85.1256,19.4718],[85.1562,19.486],[85.1494,19.5016],[85.1761,19.5176],[85.2051,19.5035],[85.1891,19.5489],[85.244,19.5504],[85.1846,19.5871],[85.2547,19.5825],[85.2431,19.5988],[85.2263,19.5835],[85.2516,19.62],[85.2166,19.6354],[85.2501,19.6478],[85.2513,19.6688],[85.3008,19.6511],[85.3191,19.6254],[85.2929,19.669],[85.3349,19.656],[85.3727,19.6804],[85.371,19.66],[85.3845,19.6931],[85.4115,19.6743],[85.4055,19.6378],[85.3718,19.6593],[85.3903,19.6229],[85.3667,19.6006],[85.3271,19.5998],[85.3219,19.6252],[85.3103,19.621],[85.3173,19.6021],[85.2971,19.6095],[85.3247,19.5925],[85.2787,19.545],[85.3072,19.5799],[85.3197,19.5738],[85.3185,19.5872],[85.5084,19.6625],[85.2704,19.5364],[85.1387,19.4423],[85.0776,19.3775],[85.0434,19.3764],[85.0682,19.3675],[84.8911,19.2419],[84.7825,19.113],[84.7461,19.118],[84.7288,19.0959],[84.7245,19.1112],[84.7205,19.0913],[84.7516,19.0825],[84.7888,19.115],[84.6869,18.9725],[84.667,18.9689],[84.6827,18.9665],[84.6013,18.887],[84.5521,18.7911],[84.4421,18.6789],[84.4147,18.6751],[84.4287,18.661],[84.4457,18.6831],[84.4399,18.6612],[84.3671,18.593],[84.3405,18.5571],[84.3533,18.5542],[84.1197,18.3448],[84.1313,18.3384],[84.1241,18.3105],[83.945,18.2132],[83.9289,18.2183],[83.9196,18.2501],[83.9366,18.21],[83.6854,18.0927],[83.5712,18.0124],[83.5319,17.9509],[83.4627,17.9054],[83.4292,17.9371],[83.4585,17.9057],[83.4127,17.8484],[83.4102,17.8103],[83.3018,17.6917],[83.2824,17.6896],[83.2848,17.7063],[83.279,17.6943],[83.2532,17.7149],[83.295,17.6763],[83.2363,17.6288],[83.2126,17.6265],[83.2343,17.6258],[83.2358,17.6133],[83.2127,17.5905],[82.6631,17.3208],[82.513,17.2289],[82.3649,17.1093],[82.2927,17.0227],[82.2702,16.9415],[82.2482,16.9362],[82.2499,16.8463],[82.2357,16.8237],[82.3001,16.7807],[82.3103,16.7347],[82.2945,16.7087],[82.1864,16.7296],[82.1261,16.7097],[82.0952,16.7255],[82.0783,16.7028],[82.0475,16.6969],[82.0759,16.7025],[82.0656,16.6816],[82.0102,16.721],[81.9244,16.7248],[81.8665,16.7808],[81.9207,16.7236],[82.0011,16.7147],[81.9877,16.7103],[82.0759,16.6626],[82.1676,16.7055],[82.2472,16.7049],[82.2586,16.6447],[82.2257,16.6421],[82.1867,16.6029],[82.1575,16.6163],[82.1593,16.6741],[82.1562,16.6166],[82.1907,16.601],[82.2289,16.6413],[82.2708,16.64],[82.254,16.6008],[82.1879,16.5421],[82.2084,16.5349],[82.2795,16.5968],[82.2966,16.598],[82.2989,16.5843],[82.2565,16.5606],[82.2863,16.5575],[81.9605,16.4047],[81.9728,16.5232],[81.9322,16.5676],[81.9123,16.5639],[81.9165,16.53],[81.8979,16.5372],[81.8866,16.5874],[81.8968,16.5328],[81.9181,16.524],[81.9175,16.5606],[81.9298,16.5663],[81.9644,16.5122],[81.9493,16.3989],[81.8525,16.3727],[81.7197,16.3098],[81.7282,16.3488],[81.7055,16.4117],[81.7122,16.4411],[81.7542,16.4145],[81.7861,16.4501],[81.7495,16.4197],[81.7107,16.4434],[81.6978,16.416],[81.717,16.3705],[81.7093,16.3193],[81.5365,16.347],[81.5652,16.3544],[81.5469,16.3857],[81.4876,16.3778],[81.4964,16.4316],[81.4861,16.3871],[81.4547,16.4053],[81.4376,16.3987],[81.4253,16.4184],[81.4339,16.3996],[81.4742,16.3941],[81.487,16.3549],[81.401,16.3426],[81.4338,16.3608],[81.4068,16.3468],[81.3823,16.3694],[81.3132,16.3454],[81.3552,16.3425],[81.338,16.3246],[81.3913,16.3409],[81.2692,16.279],[81.2828,16.2952],[81.2581,16.3038],[81.2648,16.2744],[81.2314,16.2377],[81.2024,16.1464],[81.2047,16.1924],[81.1714,16.14],[81.1819,16.1],[81.2024,16.141],[81.1447,16.0318],[81.1259,16.0755],[81.0896,16.0238],[81.1066,16.0076],[81.0692,16.004],[81.0706,16.0586],[81.0481,16.058],[81.0409,16.0798],[81.0124,16.0923],[80.9988,16.0885],[80.9922,16.0461],[80.9063,16.0442],[80.9261,16.0325],[80.99,16.0428],[81.0051,16.0553],[81.0047,16.0872],[81.018,16.0881],[81.0449,16.0575],[81.0709,16.053],[81.0644,16.0032],[81.1054,16.0022],[81.1062,15.9675],[81.1297,15.9705],[81.0508,15.9035],[81.0374,15.8801],[81.0655,15.9069],[81.008,15.8373],[81.0143,15.8596],[80.9922,15.8578],[80.9756,15.8164],[80.9725,15.8286],[80.9588,15.819],[80.9725,15.802],[80.9826,15.8097],[80.9858,15.7797],[80.8949,15.8461],[80.9143,15.9324],[80.8936,16.0398],[80.8888,16.0154],[80.8743,16.0277],[80.901,15.9416],[80.8959,15.9033],[80.8288,15.746],[80.8146,15.7731],[80.8211,15.8305],[80.8469,15.8355],[80.8178,15.8432],[80.8309,15.8597],[80.8427,15.8514],[80.8476,15.8746],[80.8391,15.8652],[80.8183,15.8903],[80.8361,15.8669],[80.8093,15.8809],[80.8186,15.8713],[80.7768,15.8722],[80.7732,15.8905],[80.7694,15.8628],[80.694,15.8808],[80.727,15.8835],[80.6834,15.8895],[80.6911,15.9],[80.6425,15.9022],[80.6354,15.8898],[80.6218,15.9011],[80.6269,15.8858],[80.5297,15.8536],[80.5238,15.8675],[80.532,15.8474],[80.3773,15.7729],[80.2646,15.6752],[80.2282,15.5931],[80.2244,15.5366],[80.1895,15.5537],[80.2269,15.534],[80.2031,15.5097],[80.2125,15.4935],[80.201,15.4654],[80.1215,15.3669],[80.0986,15.3146],[80.0638,15.3184],[80.0986,15.3101],[80.0847,15.1946],[80.0245,15.2101],[80.0848,15.189],[80.0477,15.0827],[80.086,14.8757],[80.089,14.8211],[80.0761,14.8102],[80.0932,14.8049],[80.1386,14.7061],[80.1248,14.6857],[80.1155,14.6967],[80.1149,14.7392],[80.1116,14.6947],[80.1331,14.6829],[80.1331,14.7259],[80.1895,14.5901],[80.1369,14.567],[80.1768,14.5695],[80.1973,14.5868],[80.1696,14.3579],[80.138,14.2505],[80.1213,14.2696],[80.1308,14.2908],[80.1168,14.2719],[80.1289,14.2531],[80.0825,14.2749],[80.0718,14.2418],[80.0861,14.2319],[80.0496,14.2167],[80.0358,14.2339],[80.0493,14.2109],[80.0265,14.1988],[80.0429,14.194],[80.0179,14.1836],[80.0094,14.1974],[80.0256,14.1805],[80.0635,14.2257],[80.0667,14.2142],[80.1101,14.2492],[80.1356,14.241],[80.125,14.1317],[80.1383,14.0737],[80.1223,14.0701],[80.1416,14.0712],[80.1638,13.9791],[80.1515,14.0334],[80.243,13.8198],[80.217,13.8254],[80.2023,13.8082],[80.2093,13.8267],[80.1748,13.8178],[80.1699,13.7773],[80.1248,13.7313],[80.1593,13.725],[80.1828,13.7959],[80.2152,13.8068],[80.2193,13.8236],[80.244,13.8154],[80.2528,13.7784],[80.2361,13.6433],[80.3158,13.4407],[80.2947,13.4448],[80.2582,13.5743],[80.1891,13.6436],[80.1606,13.7241],[80.129,13.7251],[80.1225,13.7041],[80.1179,13.7224],[80.0998,13.7159],[80.127,13.7401],[80.1092,13.8013],[80.1598,13.809],[80.1465,13.8351],[80.0976,13.792],[80.0852,13.8051],[80.0872,13.7545],[80.068,13.7453],[80.0624,13.7081],[80.0749,13.7309],[80.095,13.7327],[80.0782,13.6943],[80.081,13.6558],[80.0956,13.658],[80.0515,13.5847],[80.0974,13.5385],[80.1061,13.4906],[80.1124,13.5089],[80.1285,13.5084],[80.153,13.4904],[80.2257,13.4852],[80.2639,13.4583],[80.2673,13.4154],[80.2814,13.4342],[80.3039,13.4067],[80.3151,13.428],[80.3294,13.3323],[80.3386,13.3622],[80.3256,13.3583],[80.3214,13.4585],[80.347,13.2859],[80.3333,13.2358],[80.3177,13.2315],[80.3267,13.3052],[80.3133,13.2307],[80.3333,13.2333],[80.2986,13.1389],[80.3012,13.0884],[80.2779,13.0131],[80.2595,13.0141],[80.277,13.0095],[80.2487,12.8074],[80.2379,12.8184],[80.2327,12.7962],[80.2384,12.7831],[80.2483,12.8027],[80.2556,12.7816],[80.1856,12.577],[80.172,12.5827],[80.1786,12.6064],[80.1616,12.5882],[80.1855,12.575],[80.1552,12.4636],[80.1558,12.4752],[80.1431,12.4686],[80.148,12.4507],[80.0117,12.2604],[79.9461,12.2188],[79.9561,12.2112],[80.0087,12.2545],[79.8696,12.0322],[79.8251,11.8807],[79.786,11.8826],[79.8217,11.8727],[79.7813,11.7071],[79.7861,11.736],[79.7686,11.7383],[79.7761,11.7053],[79.7379,11.6338],[79.7802,11.7048],[79.7579,11.5872],[79.7723,11.4981],[79.7301,11.467],[79.727,11.4483],[79.6933,11.4473],[79.7268,11.4465],[79.7309,11.4649],[79.7765,11.4815],[79.7797,11.4984],[79.7942,11.4655],[79.7801,11.4672],[79.7889,11.446],[79.7729,11.4275],[79.8053,11.407],[79.8117,11.3652],[79.7659,11.39],[79.7405,11.3463],[79.7151,11.3389],[79.7374,11.3395],[79.7725,11.383],[79.8152,11.3594],[79.8071,11.3429],[79.8204,11.3581],[79.83,11.3146],[79.824,11.3588],[79.8378,11.3476],[79.8462,11.2461],[79.8266,11.2366],[79.8487,11.2314],[79.8554,11.1784],[79.8526,10.8915],[79.8233,10.8843],[79.8524,10.8815],[79.8393,10.8225],[79.8517,10.8243],[79.8442,10.677],[79.8625,10.4963],[79.8251,10.491],[79.8363,10.4925],[79.8365,10.4611],[79.8366,10.4937],[79.8625,10.4914],[79.8759,10.2958],[79.847,10.2773],[79.7611,10.2736],[79.7634,10.2864],[79.7885,10.2844],[79.763,10.3137],[79.635,10.3214],[79.6305,10.3621],[79.6154,10.3423],[79.6335,10.3317],[79.6004,10.3046],[79.5511,10.3169],[79.5587,10.3313],[79.5863,10.3264],[79.5914,10.3426],[79.5172,10.3568],[79.5426,10.3241],[79.5244,10.3204],[79.5067,10.3394],[79.4737,10.3364],[79.4851,10.3246],[79.4674,10.3227],[79.5119,10.3107],[79.4336,10.3187],[79.42,10.348],[79.3675,10.2929],[79.2944,10.2601],[79.229,10.1411],[79.2317,10.0824],[79.2636,10.0367],[79.1189,9.8902],[79.1214,9.8543],[79.086,9.8345],[79.0773,9.7991],[78.9931,9.7072],[78.9291,9.5938],[78.914,9.4929],[78.8981,9.4789],[78.93,9.4178],[78.9984,9.3474],[78.9977,9.3287],[78.9733,9.3334],[79.0011,9.3286],[79.0013,9.3453],[79.1116,9.2809],[79.2641,9.2926],[79.3145,9.3277],[79.3347,9.3125],[79.3151,9.2833],[79.3261,9.2403],[79.4457,9.1534],[79.2915,9.2491],[79.2176,9.2532],[79.2078,9.2824],[79.0941,9.2602],[78.9537,9.2718],[78.9098,9.2506],[78.8361,9.247],[78.8269,9.2705],[78.833,9.2439],[78.7275,9.2091],[78.719,9.1909],[78.6607,9.1929],[78.6436,9.178],[78.6485,9.1558],[78.5756,9.1306],[78.5196,9.1356],[78.4099,9.1099],[78.2215,8.971],[78.1875,8.9247],[78.1684,8.8757],[78.1624,8.7536],[78.1448,8.7549],[78.1624,8.7511],[78.1661,8.7727],[78.1802,8.7661],[78.1841,8.79],[78.1963,8.7887],[78.1992,8.7654],[78.219,8.757],[78.1997,8.7526],[78.217,8.7436],[78.1702,8.7439],[78.1318,8.6741],[78.1254,8.6857],[78.139,8.5867],[78.1303,8.4978],[78.0652,8.4175],[78.066,8.3713],[77.8033,8.2403],[77.7819,8.2011],[77.7421,8.1752],[77.5771,8.136],[77.5515,8.0777],[77.3157,8.1221],[76.9853,8.3761],[76.7857,8.6322],[76.7965,8.637],[76.8372,8.5912],[76.8219,8.6189],[76.7696,8.6536],[76.6172,8.8529],[76.5472,8.9024],[76.5175,9.0199],[76.4618,9.135],[76.4841,9.1262],[76.4845,9.1687],[76.4707,9.1435],[76.4202,9.2432],[76.4597,9.1438],[76.3257,9.4533],[76.2688,9.8341],[76.2373,9.9551],[76.251,9.9691],[76.2677,9.9378],[76.2612,9.9699],[76.2893,9.9472],[76.2719,10.0156],[76.2611,10.0178],[76.2681,9.9826],[76.2274,9.9706],[76.2215,9.9812],[76.1639,10.1766],[76.1748,10.1834],[76.206,10.1326],[76.2415,10.0399],[76.2422,9.9832],[76.2397,10.0135],[76.2633,9.9909],[76.2398,10.0695],[76.2463,10.0926],[76.2393,10.0747],[76.1786,10.1754],[76.2001,10.1948],[76.1623,10.1772],[76.1123,10.3427],[76.0401,10.5048],[76.0344,10.529],[76.0471,10.5336],[76.0334,10.5344],[76.0344,10.5125],[75.9365,10.7302],[75.967,10.7847],[75.9395,10.7603],[75.9372,10.7327],[75.9133,10.7849],[75.9639,10.8198],[75.9147,10.7932],[75.9158,10.8805],[75.9212,10.8642],[75.9028,10.8547],[75.9103,10.788],[75.8327,11.1248],[75.8013,11.1578],[75.8274,11.1577],[75.8124,11.1597],[75.8285,11.1809],[75.8017,11.1625],[75.7371,11.3243],[75.7407,11.3564],[75.6837,11.4469],[75.6168,11.4769],[75.592,11.5682],[75.6179,11.5638],[75.6199,11.5432],[75.6497,11.5284],[75.6253,11.5398],[75.6182,11.5662],[75.5872,11.5842],[75.5872,11.5711],[75.5301,11.7023],[75.5527,11.7028],[75.5715,11.6748],[75.6023,11.6957],[75.5935,11.7032],[75.6034,11.6898],[75.5709,11.6756],[75.5554,11.7025],[75.5251,11.7066],[75.4753,11.7733],[75.4537,11.7713],[75.4757,11.8178],[75.4619,11.8143],[75.4596,11.7787],[75.4467,11.7824],[75.3844,11.8566],[75.3555,11.8598],[75.2973,11.9415],[75.3465,11.9351],[75.3185,11.9462],[75.3029,11.9752],[75.3151,11.9515],[75.2928,11.9697],[75.2671,12.0214],[75.2931,12.001],[75.3397,11.9976],[75.3018,12.0303],[75.3454,12.0489],[75.3099,12.0363],[75.311,12.0505],[75.2995,12.0288],[75.2877,12.0343],[75.2974,12.0255],[75.2641,12.0186],[75.3037,11.9536],[75.2957,11.9466],[75.2248,12.0232],[75.2295,12.0498],[75.2564,12.0466],[75.2259,12.0513],[75.2246,12.0768],[75.1955,12.0723],[75.2214,12.0637],[75.2306,12.0322],[75.2005,12.0075],[75.1221,12.1967],[75.1875,12.0462],[75.1862,12.0885],[75.173,12.0903],[75.191,12.0986],[75.1605,12.1122],[75.1712,12.1008],[75.1729,12.1135],[75.1513,12.1356],[75.162,12.1405],[75.1322,12.2042],[75.1305,12.2189],[75.1519,12.2122],[75.1468,12.2403],[75.1128,12.2292],[75.1174,12.2068],[75.0578,12.3652],[74.9755,12.4962],[74.931,12.6055],[74.9375,12.5933],[74.9461,12.6037],[74.933,12.6101],[74.9405,12.631],[74.9275,12.6128],[74.8329,12.8336],[74.8564,12.8364],[74.8338,12.8489],[74.8202,12.8874],[74.8374,12.9416],[74.9273,12.9286],[74.8356,12.9444],[74.813,12.9086],[74.8228,12.848],[74.8073,12.9184],[74.8206,12.9307],[74.8035,12.9311],[74.7759,13.0715],[74.7886,13.0392],[74.7816,13.0991],[74.7939,13.0967],[74.7919,13.1163],[74.8377,13.1286],[74.7902,13.1165],[74.773,13.0843],[74.7081,13.3347],[74.7328,13.2667],[74.7302,13.2856],[74.7584,13.2955],[74.7241,13.2906],[74.7188,13.3316],[74.6963,13.3491],[74.6936,13.4471],[74.6976,13.4149],[74.7822,13.3766],[74.7485,13.3855],[74.739,13.4105],[74.7043,13.425],[74.7208,13.4528],[74.7092,13.4377],[74.7,13.4688],[74.6986,13.4515],[74.6905,13.4587],[74.6683,13.6264],[74.6779,13.6037],[74.6839,13.6361],[74.705,13.636],[74.7014,13.6151],[74.7253,13.6178],[74.7138,13.6375],[74.7632,13.6356],[74.6826,13.6517],[74.6812,13.6677],[74.7066,13.6618],[74.6855,13.6828],[74.7243,13.6934],[74.685,13.6996],[74.6677,13.6362],[74.6442,13.6854],[74.6109,13.8514],[74.6253,13.8578],[74.6018,13.8727],[74.5698,13.9463],[74.5489,13.9484],[74.5145,13.9857],[74.5015,14.024],[74.5232,14.0232],[74.5068,14.046],[74.5008,14.0256],[74.466,14.1958],[74.4415,14.2228],[74.4232,14.2885],[74.441,14.2724],[74.4135,14.3488],[74.4327,14.3821],[74.4131,14.3503],[74.4192,14.3011],[74.3918,14.4175],[74.354,14.5012],[74.3725,14.5258],[74.3829,14.4773],[74.4297,14.4792],[74.395,14.4969],[74.3626,14.5553],[74.3526,14.5199],[74.3106,14.5212],[74.2905,14.5974],[74.3598,14.5992],[74.3105,14.6191],[74.3151,14.6026],[74.2801,14.6089],[74.2702,14.6277],[74.2835,14.6293],[74.2809,14.6754],[74.2594,14.7077],[74.2702,14.7228],[74.2318,14.7467],[74.2051,14.736],[74.2051,14.7175],[74.1651,14.7611],[74.1539,14.7452],[74.1422,14.7772],[74.1189,14.773],[74.0949,14.7987],[74.123,14.8037],[74.1314,14.8434],[74.112,14.8456],[74.0959,14.8974],[74.0436,14.917],[74.0396,14.9814],[74.0544,14.9845],[73.9912,15.0175],[73.9668,15.0653],[73.9153,15.0859],[73.9357,15.1327],[73.9539,15.1395],[73.9501,15.1688],[73.9699,15.1978],[73.9453,15.1714],[73.9479,15.1446],[73.8806,15.3591],[73.807,15.3773],[73.7829,15.4119],[73.8722,15.3957],[73.9067,15.4136],[73.8803,15.4364],[73.8617,15.4283],[73.8489,15.4517],[73.7872,15.4614],[73.8355,15.5043],[73.7848,15.4962],[73.7755,15.5111],[73.7872,15.495],[73.7676,15.4909],[73.7319,15.5909],[73.7316,15.6074],[73.7518,15.6093],[73.7479,15.6225],[73.7778,15.648],[73.8395,15.6465],[73.8396,15.6606],[73.8395,15.648],[73.8198,15.6542],[73.8225,15.6878],[73.8182,15.6589],[73.7663,15.6576],[73.7707,15.6432],[73.7328,15.6159],[73.6891,15.719],[73.7269,15.7177],[73.7465,15.7349],[73.7822,15.7275],[73.7317,15.7375],[73.6827,15.72],[73.6541,15.7421],[73.6697,15.756],[73.6577,15.7999],[73.587,15.9092],[73.5101,15.9368],[73.5022,15.9529],[73.5135,15.9897],[73.4994,15.9846],[73.4977,16.0029],[73.5269,16.0176],[73.4888,16.0008],[73.4816,16.0375],[73.4553,16.0621],[73.4742,16.1341],[73.4675,16.1528],[73.4586,16.1371],[73.4622,16.0928],[73.4342,16.199],[73.4555,16.2166],[73.4507,16.228],[73.427,16.2028],[73.4135,16.2802],[73.3855,16.3361],[73.3869,16.3601],[73.4398,16.3713],[73.3684,16.363],[73.3709,16.3891],[73.3745,16.376],[73.4051,16.4052],[73.3653,16.3975],[73.3568,16.4397],[73.3745,16.4456],[73.3495,16.4479],[73.3112,16.5416],[73.3333,16.5617],[73.3628,16.5164],[73.348,16.5148],[73.3599,16.4835],[73.3448,16.4799],[73.3655,16.4704],[73.3701,16.488],[73.3952,16.4918],[73.381,16.4986],[73.3632,16.4807],[73.351,16.5046],[73.3609,16.5094],[73.4182,16.5122],[73.4654,16.4924],[73.4969,16.5194],[73.545,16.5148],[73.5721,16.5381],[73.5429,16.5149],[73.4945,16.5199],[73.4614,16.495],[73.3578,16.526],[73.346,16.5563],[73.3986,16.5492],[73.4065,16.5614],[73.3559,16.5548],[73.359,16.5693],[73.3226,16.5834],[73.3204,16.606],[73.3497,16.5953],[73.3429,16.6091],[73.3676,16.6301],[73.3874,16.5929],[73.4376,16.5937],[73.3855,16.6006],[73.3884,16.638],[73.3346,16.619],[73.3402,16.6335],[73.3237,16.6357],[73.3283,16.6896],[73.3055,16.7293],[73.3173,16.8054],[73.3313,16.8118],[73.3395,16.7988],[73.3327,16.7444],[73.3494,16.7591],[73.395,16.7361],[73.3442,16.7657],[73.3286,16.8232],[73.3153,16.8065],[73.2962,16.8147],[73.2859,16.88],[73.3161,16.8844],[73.2776,16.8916],[73.2822,16.9508],[73.2947,16.9815],[73.3066,16.9588],[73.3276,16.9558],[73.3333,16.9751],[73.3606,16.9777],[73.312,16.9627],[73.3145,16.9792],[73.2684,16.9904],[73.2836,17.0085],[73.2569,17.0209],[73.2565,17.0472],[73.2901,17.0042],[73.2973,17.0414],[73.2775,17.0384],[73.2888,17.0771],[73.3067,17.0765],[73.2842,17.0786],[73.2521,17.189],[73.2307,17.1986],[73.2531,17.2003],[73.2429,17.1982],[73.2421,17.226],[73.1894,17.2977],[73.2213,17.3022],[73.2261,17.281],[73.2907,17.2875],[73.2876,17.2586],[73.3286,17.264],[73.3378,17.228],[73.364,17.234],[73.3791,17.2056],[73.4154,17.2113],[73.3746,17.2169],[73.3686,17.2382],[73.3428,17.2302],[73.3455,17.2596],[73.2999,17.2703],[73.294,17.2941],[73.2351,17.2918],[73.242,17.3179],[73.22,17.327],[73.2168,17.3693],[73.1681,17.4031],[73.1972,17.4368],[73.1861,17.4413],[73.1922,17.4682],[73.1755,17.5157],[73.1375,17.5555],[73.1443,17.5701],[73.2043,17.5864],[73.2405,17.5616],[73.2871,17.601],[73.3083,17.5759],[73.3654,17.5539],[73.4041,17.5819],[73.4871,17.56],[73.3792,17.631],[73.3902,17.6702],[73.3775,17.6312],[73.4315,17.5979],[73.431,17.5818],[73.3438,17.5706],[73.3069,17.5789],[73.311,17.6026],[73.2884,17.6067],[73.263,17.6068],[73.2361,17.5731],[73.1994,17.597],[73.1686,17.5819],[73.1521,17.594],[73.1138,17.6892],[73.1344,17.7164],[73.0898,17.8153],[73.0899,17.8407],[73.1221,17.835],[73.091,17.842],[73.0707,17.8883],[73.0802,17.8962],[73.0519,17.9035],[73.0521,17.928],[73.0808,17.936],[73.0416,17.9324],[73.0293,17.9533],[73.04,17.9778],[73.0693,17.9857],[73.1205,17.9731],[73.1783,18.0586],[73.2542,18.0573],[73.2998,18.0733],[73.3097,18.058],[73.3616,18.0876],[73.3961,18.0702],[73.394,18.0813],[73.3546,18.0863],[73.3326,18.1068],[73.3459,18.0863],[73.3115,18.0622],[73.2979,18.077],[73.2281,18.0578],[73.2053,18.0734],[73.143,18.035],[73.1492,18.0235],[73.1131,17.984],[73.0194,17.9902],[73.0076,18.0107],[73.004,18.0209],[73.0539,18.0408],[73.042,18.0572],[73.0174,18.0309],[72.9903,18.0548],[73.0014,18.0902],[72.9973,18.0773],[72.9715,18.1323],[72.9878,18.1593],[72.978,18.1917],[72.9946,18.1877],[72.9562,18.219],[72.932,18.2187],[72.9355,18.28],[72.965,18.2791],[72.9757,18.239],[73.0012,18.2474],[73.0649,18.2133],[73.0507,18.1819],[73.07,18.1483],[73.098,18.1404],[73.1021,18.151],[73.0818,18.1703],[73.0838,18.2213],[73.0615,18.25],[73.0674,18.2788],[73.0517,18.2876],[73.0624,18.304],[73.0441,18.3134],[73.0373,18.2989],[73.0532,18.2687],[73.029,18.2635],[73.0091,18.2866],[72.9918,18.2742],[72.9484,18.3379],[72.914,18.354],[72.9255,18.3881],[72.9061,18.402],[72.8937,18.4642],[72.914,18.506],[72.9042,18.5384],[72.9313,18.5362],[72.922,18.5845],[72.9086,18.5955],[72.9073,18.581],[72.8818,18.6306],[72.9204,18.6168],[72.8891,18.6459],[72.87,18.6395],[72.8556,18.6988],[72.8689,18.8035],[72.8995,18.8041],[72.9149,18.7879],[72.9304,18.8114],[72.951,18.7606],[72.9842,18.7592],[72.961,18.7497],[72.9655,18.7162],[72.9808,18.7141],[72.9664,18.726],[72.9833,18.7522],[72.9965,18.723],[73.0335,18.6995],[72.9915,18.7407],[72.9902,18.7518],[73.0286,18.7486],[72.994,18.7527],[72.994,18.7964],[73.0268,18.7865],[73.0175,18.8002],[73.0424,18.7921],[73.0606,18.808],[72.9875,18.8152],[72.9844,18.8526],[73.0175,18.8884],[73.0433,18.88],[73.009,18.8861],[73.0101,18.8995],[72.9955,18.8741],[72.9426,18.8441],[72.9061,18.8868],[72.9234,18.9122],[72.9427,18.8813],[72.945,18.9104],[72.9613,18.9023],[72.9664,18.9196],[72.9389,18.9455],[72.9501,18.9608],[73.002,18.9321],[73.0054,18.974],[73.0374,18.9873],[73.0316,19.0035],[73.0015,19.005],[73.0011,19.0625],[72.9562,19.0573],[72.9511,19.0297],[72.907,18.9944],[72.8819,19.0227],[72.8616,19.0044],[72.8402,18.9214],[72.8121,18.8947],[72.8035,18.9016],[72.8253,18.9222],[72.8225,18.9437],[72.7916,18.9485],[72.8143,18.9817],[72.8158,19.0222],[72.8343,19.0255],[72.8419,19.0497],[72.8173,19.0418],[72.8262,19.0946],[72.8028,19.141],[72.8185,19.1399],[72.8099,19.1494],[72.8307,19.1657],[72.8304,19.1884],[72.8105,19.157],[72.7888,19.1583],[72.8029,19.1471],[72.7947,19.1303],[72.7812,19.1682],[72.8113,19.2198],[72.828,19.2205],[72.8258,19.2374],[72.8582,19.2605],[72.8523,19.2818],[72.8007,19.2613],[72.8146,19.2338],[72.8035,19.2254],[72.7892,19.2409],[72.7851,19.2211],[72.7989,19.2181],[72.7819,19.1927],[72.7844,19.3024],[72.8185,19.297],[72.8516,19.3185],[72.8352,19.3344],[72.8494,19.3418],[72.8138,19.325],[72.7752,19.3496],[72.7573,19.3821],[72.7732,19.4083],[72.7606,19.3943],[72.744,19.4602],[72.7783,19.4918],[72.8205,19.49],[72.8358,19.5048],[72.8381,19.4879],[72.8511,19.5434],[72.8273,19.5124],[72.8029,19.5076],[72.7816,19.5067],[72.7792,19.5289],[72.7822,19.5145],[72.7639,19.5036],[72.7296,19.529],[72.7148,19.5888],[72.7498,19.5997],[72.7277,19.6005],[72.6935,19.7285],[72.7174,19.7106],[72.7161,19.7523],[72.7319,19.7422],[72.7375,19.7582],[72.7152,19.7623],[72.7091,19.7372],[72.6941,19.736],[72.6892,19.8021],[72.6929,19.7895],[72.7185,19.8179],[72.6889,19.7921],[72.6526,19.8325],[72.6815,19.8836],[72.6645,19.9349],[72.7111,19.969],[72.7331,19.9433],[72.7549,19.9417],[72.7171,19.9718],[72.7076,20.0713],[72.7338,20.1036],[72.7465,20.199],[72.7703,20.2127],[72.7486,20.2047],[72.7408,20.2447],[72.7759,20.3342],[72.8338,20.3713],[72.8213,20.369],[72.8308,20.4104],[72.8538,20.4069],[72.8837,20.3438],[72.9044,20.3417],[72.8871,20.3424],[72.8554,20.4086],[72.8292,20.4154],[72.8325,20.4469],[72.8551,20.4671],[72.8878,20.4512],[72.8584,20.466],[72.886,20.5037],[72.887,20.5316],[72.9256,20.525],[72.886,20.5387],[72.8955,20.6326],[72.8754,20.651],[72.8525,20.7398],[72.8959,20.7389],[72.9547,20.7704],[72.9102,20.7464],[72.8676,20.749],[72.8355,20.7805],[72.8365,20.7998],[72.8571,20.7956],[72.8535,20.8165],[72.8466,20.8014],[72.8288,20.811],[72.7906,20.9004],[72.7857,20.9237],[72.8038,20.9188],[72.8274,20.9559],[72.8476,20.9422],[72.8855,20.959],[72.8473,20.9469],[72.8265,20.9644],[72.7724,20.9413],[72.7718,20.9152],[72.738,20.9864],[72.7243,21.0555],[72.7691,21.0477],[72.7886,21.0616],[72.7894,21.0463],[72.8249,21.0317],[72.8365,21.0447],[72.8428,21.0309],[72.8656,21.0515],[72.8425,21.0319],[72.8368,21.0461],[72.8246,21.0336],[72.799,21.046],[72.8044,21.0901],[72.7913,21.0661],[72.7562,21.0625],[72.7051,21.0802],[72.708,21.1301],[72.7423,21.1502],[72.6684,21.1566],[72.6507,21.0776],[72.6221,21.0861],[72.6211,21.139],[72.6285,21.1267],[72.6416,21.1406],[72.631,21.1288],[72.6181,21.1552],[72.634,21.1891],[72.6222,21.1879],[72.6202,21.2079],[72.6344,21.2007],[72.6643,21.2263],[72.6865,21.2092],[72.6639,21.2298],[72.6395,21.2287],[72.6311,21.2521],[72.6112,21.231],[72.5985,21.2475],[72.5962,21.2676],[72.6189,21.2589],[72.6284,21.2898],[72.6018,21.2862],[72.6014,21.3178],[72.6221,21.316],[72.6167,21.3358],[72.6436,21.3447],[72.6362,21.3528],[72.6544,21.3457],[72.6487,21.3756],[72.6258,21.3758],[72.7042,21.4671],[72.738,21.4672],[72.75,21.4455],[72.7826,21.4428],[72.7862,21.4211],[72.8024,21.4242],[72.7874,21.4214],[72.7665,21.4547],[72.7529,21.4464],[72.737,21.4771],[72.6461,21.4445],[72.6789,21.5104],[72.7372,21.5386],[72.6257,21.5436],[72.6098,21.5825],[72.63,21.6167],[72.7008,21.6464],[72.7867,21.644],[72.8356,21.6675],[72.8867,21.6582],[73.0039,21.6883],[72.9374,21.6773],[72.8681,21.6893],[72.7994,21.6624],[72.7403,21.6902],[72.6069,21.6829],[72.5431,21.6593],[72.5273,21.6758],[72.5277,21.7146],[72.5483,21.7365],[72.5644,21.8093],[72.6165,21.8607],[72.6429,21.9437],[72.6305,21.9479],[72.6815,21.9552],[72.708,21.9358],[72.7515,21.9682],[72.7137,21.9414],[72.696,21.9639],[72.6376,21.9595],[72.5877,21.9226],[72.5795,21.8867],[72.5463,21.8775],[72.5173,21.8814],[72.5074,21.9651],[72.5512,22.1542],[72.5876,22.2046],[72.6466,22.2164],[72.7417,22.1753],[72.7949,22.2191],[72.7816,22.2166],[72.7952,22.2399],[72.8731,22.2213],[72.9028,22.235],[72.9293,22.2836],[72.9173,22.2712],[72.9096,22.2945],[72.9285,22.3086],[72.9551,22.2516],[72.9975,22.2631],[72.9563,22.2536],[72.9312,22.3105],[72.9093,22.2984],[72.9061,22.253],[72.8771,22.2325],[72.8262,22.2714],[72.7519,22.2323],[72.7025,22.2597],[72.6724,22.2587],[72.6878,22.2659],[72.6588,22.2814],[72.5903,22.2915],[72.5346,22.2828],[72.5093,22.26],[72.4728,22.2619],[72.4421,22.2783],[72.4339,22.3018],[72.3892,22.3114],[72.4136,22.3568],[72.3677,22.4069],[72.3783,22.4278],[72.3579,22.4069],[72.3895,22.3891],[72.3572,22.3774],[72.3433,22.419],[72.3379,22.3911],[72.3209,22.4253],[72.2861,22.4236],[72.2705,22.4435],[72.2284,22.4492],[72.2669,22.4423],[72.2856,22.4218],[72.3249,22.4215],[72.328,22.3935],[72.3566,22.3689],[72.3835,22.3733],[72.3986,22.3494],[72.3442,22.3362],[72.3628,22.3341],[72.3532,22.3132],[72.3366,22.3151],[72.3502,22.2822],[72.3324,22.2881],[72.3531,22.2475],[72.3327,22.2421],[72.3156,22.2108],[72.3052,22.2164],[72.3208,22.2339],[72.2954,22.2408],[72.3061,22.2298],[72.2913,22.2274],[72.2929,22.2018],[72.2722,22.1989],[72.2933,22.1797],[72.2815,22.1764],[72.2895,22.1451],[72.2341,22.1403],[72.2755,22.0829],[72.2492,22.068],[72.2468,22.0819],[72.237,22.0612],[72.2258,22.0698],[72.2347,22.0609],[72.2252,22.0429],[72.2176,22.0512],[72.2186,22.0166],[72.1911,22.0349],[72.1972,22.0867],[72.1769,22.0475],[72.1352,22.1073],[72.117,22.1025],[72.1611,22.064],[72.144,22.0509],[72.1665,22.0399],[72.1389,22.0438],[72.1665,22.0358],[72.1528,22.035],[72.1509,22.0165],[72.1647,21.9948],[72.1469,21.986],[72.1336,22.0155],[72.1021,22.018],[72.0758,22.0427],[72.0694,22.0265],[72.0873,22.0295],[72.0823,22.0185],[72.1085,22.0049],[72.094,21.996],[72.1212,21.9773],[72.0718,21.9824],[72.1158,21.9554],[72.0599,21.9393],[72.0864,21.9396],[72.1244,21.9005],[72.1558,21.9423],[72.2187,21.9325],[72.2074,21.9099],[72.2319,21.9041],[72.2499,21.8355],[72.2411,21.8099],[72.1913,21.8313],[72.1757,21.8147],[72.1487,21.828],[72.1479,21.8121],[72.1352,21.8144],[72.1438,21.8247],[72.116,21.845],[72.0958,21.8182],[72.1195,21.814],[72.1184,21.8006],[72.1361,21.8106],[72.1544,21.7919],[72.1903,21.8014],[72.2143,21.7855],[72.209,21.7746],[72.237,21.7646],[72.2256,21.753],[72.2421,21.7263],[72.2165,21.7145],[72.2793,21.6903],[72.2779,21.6631],[72.306,21.6308],[72.2703,21.576],[72.2499,21.4907],[72.2127,21.4235],[72.1109,21.3086],[72.0875,21.3262],[72.1123,21.2942],[72.1018,21.2795],[72.0919,21.2874],[72.0969,21.263],[72.0817,21.2461],[72.1105,21.1988],[72.0074,21.1382],[72.0062,21.1706],[71.9714,21.1258],[71.895,21.1093],[71.8511,21.0787],[71.8287,21.0972],[71.8122,21.0809],[71.8354,21.0744],[71.7765,21.0606],[71.8046,21.0397],[71.7772,21.0382],[71.7719,21.0523],[71.7806,21.0302],[71.6506,20.9965],[71.6272,20.9859],[71.6282,20.9698],[71.6065,20.98],[71.6098,20.9943],[71.6412,21.0077],[71.5893,21.0021],[71.6008,21.0081],[71.5865,21.0132],[71.5642,21.0068],[71.5643,20.9929],[71.5448,21.0098],[71.5317,20.9959],[71.4986,21.0022],[71.552,20.9666],[71.497,20.9537],[71.5124,20.9569],[71.5143,20.9229],[71.4789,20.916],[71.4772,20.8908],[71.4304,20.8682],[71.3713,20.8693],[71.3584,20.8855],[71.3849,20.8988],[71.3895,20.9188],[71.3768,20.9241],[71.375,20.8956],[71.3672,20.9055],[71.3565,20.8873],[71.3364,20.8957],[71.3446,20.8793],[71.3006,20.876],[71.3504,20.8819],[71.3823,20.8569],[71.3203,20.8467],[71.204,20.795],[71.2225,20.8154],[71.1984,20.8066],[71.2026,20.7892],[71.1581,20.7794],[71.1488,20.7586],[71.0932,20.7578],[71.0502,20.7313],[71.0069,20.7379],[70.9828,20.7248],[70.9973,20.7141],[70.9773,20.7022],[70.9257,20.7117],[70.8974,20.6997],[70.8742,20.7188],[70.9338,20.7439],[70.8728,20.7305],[70.8407,20.7768],[70.819,20.7369],[70.8569,20.7509],[70.869,20.704],[70.8239,20.6911],[70.4389,20.8534],[70.416,20.8843],[70.3215,20.9268],[70.1545,21.0578],[70.0182,21.1866],[69.6135,21.6271],[69.57,21.6478],[69.4319,21.7672],[69.3681,21.832],[69.382,21.8237],[69.3805,21.8423],[69.3535,21.838],[69.2171,21.9579],[68.9935,22.1978],[68.9659,22.2355],[68.9816,22.2275],[68.9573,22.2379],[68.9364,22.3103],[68.9852,22.4143],[69.0671,22.4789],[69.0833,22.4748],[69.0736,22.4532],[69.0428,22.4354],[69.0445,22.4003],[69.0646,22.3909],[69.1004,22.396],[69.1021,22.4095],[69.1296,22.3962],[69.1926,22.4221],[69.1997,22.3915],[69.1756,22.3764],[69.1578,22.3141],[69.1903,22.244],[69.1971,22.2583],[69.2368,22.2499],[69.2544,22.2672],[69.2837,22.2544],[69.299,22.2872],[69.3393,22.3105],[69.3328,22.3276],[69.354,22.3259],[69.3535,22.3134],[69.3774,22.3198],[69.382,22.3052],[69.4439,22.3192],[69.4326,22.2944],[69.4505,22.3061],[69.4475,22.2877],[69.4628,22.2858],[69.4551,22.2991],[69.4797,22.2996],[69.4601,22.3202],[69.4929,22.3353],[69.4936,22.358],[69.5145,22.3709],[69.5442,22.3734],[69.5523,22.3567],[69.5391,22.3449],[69.5762,22.3556],[69.5676,22.3127],[69.5971,22.3128],[69.6197,22.366],[69.6516,22.3409],[69.665,22.346],[69.6655,22.3906],[69.7007,22.3804],[69.7179,22.4362],[69.6739,22.4417],[69.7114,22.4439],[69.7262,22.4686],[69.7315,22.4307],[69.7504,22.4185],[69.7599,22.4331],[69.7745,22.3757],[69.7872,22.3743],[69.8171,22.4153],[69.8033,22.4255],[69.8207,22.4206],[69.8343,22.4513],[69.8697,22.4424],[69.8717,22.4241],[69.8943,22.4583],[69.9136,22.4438],[69.9178,22.4542],[69.9236,22.4379],[69.9343,22.478],[69.9785,22.4755],[69.9655,22.491],[70.0166,22.5311],[70.0298,22.5207],[70.0425,22.5554],[70.0613,22.5426],[70.0612,22.5103],[70.0955,22.5405],[70.1185,22.5371],[70.1181,22.5196],[70.1358,22.5232],[70.1252,22.5435],[70.1409,22.5449],[70.1466,22.5221],[70.146,22.5462],[70.1732,22.5414],[70.2313,22.6537],[70.2427,22.6423],[70.2564,22.6542],[70.2529,22.6792],[70.2717,22.6819],[70.2654,22.7067],[70.2877,22.7051],[70.2785,22.7262],[70.323,22.7536],[70.3124,22.7399],[70.3283,22.7103],[70.3796,22.7154],[70.3733,22.7444],[70.3933,22.7727],[70.3806,22.7827],[70.4112,22.8123],[70.4296,22.8008],[70.434,22.8219],[70.4657,22.8231],[70.4905,22.8929],[70.4831,22.9079],[70.5004,22.9072],[70.4859,22.92],[70.5052,22.9018],[70.499,22.9205],[70.5213,22.9091],[70.5177,22.9421],[70.5326,22.9453],[70.4483,22.9598],[70.5476,22.949],[70.5161,22.9629],[70.5415,22.9941],[70.5134,22.9927],[70.5135,23.0062],[70.5329,23.0222],[70.5505,23.0051],[70.5729,23.0397],[70.5915,23.0255],[70.6045,23.0485],[70.5826,23.0544],[70.6099,23.0678],[70.5922,23.0758],[70.6329,23.0847],[70.6457,23.1094],[70.7038,23.1335],[70.6885,23.1457],[70.7191,23.1572],[70.7056,23.1562],[70.6979,23.1829],[70.7291,23.195],[70.749,23.1559],[70.7524,23.1809],[70.7663,23.155],[70.797,23.1713],[70.7955,23.1551],[70.8155,23.1598],[70.8123,23.1405],[70.835,23.124],[70.8332,23.1014],[70.8582,23.1292],[70.8288,23.1483],[70.8439,23.152],[70.8355,23.1715],[70.9382,23.1888],[70.9525,23.1384],[70.953,23.1698],[71.0257,23.1768],[71.0349,23.1959],[71.0015,23.2184],[70.9131,23.2043],[70.9016,23.2182],[70.9233,23.2395],[70.89,23.2279],[70.8524,23.2656],[70.8034,23.2492],[70.8111,23.2324],[70.7793,23.2173],[70.8046,23.1995],[70.7918,23.1932],[70.7577,23.2258],[70.7163,23.201],[70.7124,23.2193],[70.7028,23.1999],[70.6614,23.2142],[70.631,23.1781],[70.5221,23.1705],[70.4881,23.1874],[70.4769,23.1675],[70.476,23.1836],[70.4415,23.1833],[70.4325,23.2046],[70.4011,23.1828],[70.4005,23.2087],[70.3983,23.1864],[70.3902,23.2068],[70.3598,23.2058],[70.3483,23.1905],[70.3566,23.2058],[70.3325,23.213],[70.3438,23.1891],[70.3241,23.1847],[70.3221,23.2069],[70.3164,23.1933],[70.3089,23.2088],[70.3078,23.1815],[70.2422,23.1615],[70.2585,23.1505],[70.2377,23.1217],[70.2262,23.1447],[70.2091,23.0933],[70.1878,23.0813],[70.2076,23.0877],[70.2088,23.0752],[70.167,23.0582],[70.1087,22.9753],[70.0593,22.9508],[70.0915,22.9475],[70.0833,22.9204],[69.9327,22.8979],[69.8998,22.8685],[69.8876,22.8768],[69.7999,22.8482],[69.752,22.8183],[69.7372,22.7911],[69.7187,22.801],[69.7126,22.7791],[69.7291,22.7819],[69.7142,22.7593],[69.7018,22.7833],[69.6849,22.7821],[69.7164,22.741],[69.7066,22.7367],[69.6716,22.7705],[69.6813,22.7965],[69.6438,22.7936],[69.6467,22.8117],[69.5057,22.802],[69.5122,22.7868],[69.457,22.7994],[69.4927,22.7811],[69.4724,22.7734],[69.3575,22.8302],[69.3486,22.8202],[69.2657,22.8246],[69.2294,22.8461],[69.1966,22.8379],[68.7584,23.0813],[68.6287,23.1744],[68.6968,23.1311],[68.7066,23.1398],[68.6384,23.1981],[68.6495,23.2048],[68.6308,23.2118],[68.6381,23.2234],[68.6033,23.2421],[68.6622,23.2444],[68.6779,23.2289],[68.6641,23.2887],[68.6966,23.3087],[68.7215,23.2968],[68.6994,23.3127],[68.6643,23.3053],[68.6718,23.3243],[68.6525,23.3035],[68.6342,23.3178],[68.6226,23.3649],[68.5914,23.3885],[68.6,23.3607],[68.5691,23.3988],[68.5732,23.3807],[68.5587,23.3864],[68.5603,23.4191],[68.5438,23.4177],[68.5361,23.452],[68.5005,23.4758],[68.507,23.4934],[68.4847,23.5488],[68.5095,23.6406],[68.521,23.6361],[68.5549,23.6711],[68.5292,23.6733],[68.5215,23.6532],[68.5276,23.687],[68.5552,23.6715],[68.5466,23.6968],[68.5587,23.7204],[68.5875,23.7041],[68.5953,23.7242],[68.6182,23.7238],[68.6143,23.7382],[68.6405,23.7431],[68.6348,23.7624],[68.6568,23.799],[68.688,23.7965],[68.7335,23.8325],[68.8815,23.8192],[68.8227,23.8438],[68.8457,23.8379],[68.8266,23.8836],[68.856,23.8771],[68.8346,23.8976],[68.8655,23.9172],[68.8442,23.9216],[68.828,23.9],[68.8134,23.9095],[68.8254,23.9231],[68.8068,23.919],[68.8084,23.9053],[68.7857,23.9195],[68.8114,23.9398],[68.8089,23.9585],[68.7895,23.9607],[68.8043,23.9842],[68.9145,23.9775],[68.9286,23.9384],[68.9652,23.9132],[68.9719,23.8627],[69.0786,23.8775],[69.1035,23.8882],[69.139,23.9857],[69.1498,23.9847],[69.1441,24.03],[69.1819,24.111],[69.2324,24.1219],[69.2624,24.1094],[69.2218,24.1338],[69.1314,24.1171],[69.0871,24.1241],[68.9836,24.1747],[68.9258,24.2163],[68.8975,24.2638],[68.9454,24.3025],[68.9848,24.2277],[69.0034,24.2231],[69.0948,24.2744],[69.1942,24.2364],[69.3128,24.2814],[69.4893,24.2677],[69.5943,24.2924],[69.7315,24.171],[70.025,24.171],[70.0665,24.199],[70.1099,24.295],[70.3687,24.3509],[70.5658,24.4216],[70.6025,24.4081],[70.5624,24.3551],[70.5847,24.2904],[70.5713,24.2518],[70.714,24.2157],[70.8054,24.2208],[70.9067,24.2594],[70.8752,24.2807],[70.8782,24.3018],[70.986,24.3653],[71.0202,24.3473],[71.0494,24.3561],[71.0843,24.3945],[71.1219,24.4057],[71.1258,24.4201],[71.1031,24.4357],[70.9985,24.4444],[71.005,24.5232],[70.9875,24.5435],[70.9863,24.5956],[71.0089,24.6354],[71.0746,24.6621],[71.096,24.6888],[71.0661,24.7169],[71.0277,24.8077],[70.9378,24.9388],[70.8887,25.148],[70.7515,25.2778],[70.7368,25.3323],[70.6646,25.3968],[70.6783,25.5232],[70.6677,25.5303],[70.674,25.6755],[70.66,25.7021],[70.6083,25.7146],[70.5298,25.6831],[70.3872,25.6738],[70.269,25.7132],[70.2514,25.7557],[70.1746,25.8277],[70.0988,25.9399],[70.0835,26.0836],[70.142,26.1585],[70.1753,26.2508],[70.1634,26.2944],[70.1856,26.3735],[70.1741,26.5517],[70.1178,26.5868],[70.0559,26.6007],[69.8951,26.5786],[69.8242,26.5886],[69.7257,26.6518],[69.5102,26.7434],[69.4844,26.805],[69.5137,27.01],[69.5858,27.1814],[69.8628,27.4026],[69.9335,27.4981],[70.0259,27.5633],[70.1324,27.8061],[70.2275,27.9022],[70.2966,27.9365],[70.3725,28.012],[70.5061,28.0371],[70.5894,28.0104],[70.6772,27.9218],[70.6843,27.8281],[70.7398,27.7423],[70.7595,27.7213],[70.8717,27.7056],[70.9632,27.7293],[71.2034,27.8351],[71.383,27.8725],[71.6657,27.8778],[71.8985,27.9612],[71.9275,28.1224],[72.0043,28.2186],[72.1325,28.3132],[72.2058,28.394],[72.299,28.6698],[72.354,28.7326],[72.4039,28.7829],[72.7331,28.948],[72.9459,29.0275],[73.0044,29.153],[73.0844,29.2363],[73.2822,29.5719],[73.397,29.9459],[73.5975,30.019],[73.8067,30.0679],[73.9726,30.1982],[73.9564,30.2755],[73.9296,30.3214],[73.8806,30.3594],[73.9737,30.444],[73.9263,30.4389],[73.9345,30.4901],[73.9642,30.4564],[73.9636,30.4847],[73.9818,30.5038],[74.0199,30.5141],[74.0118,30.5336],[74.0311,30.5269],[74.0392,30.5426],[74.0574,30.5186],[74.0722,30.5229],[74.0909,30.5495],[74.0735,30.5547],[74.1019,30.5792],[74.0959,30.6114],[74.1179,30.6079],[74.1274,30.6348],[74.1487,30.6314],[74.1941,30.6657],[74.2325,30.7244],[74.2866,30.7356],[74.262,30.7771],[74.3034,30.7817],[74.2947,30.7985],[74.3204,30.8466],[74.3821,30.8604],[74.3609,30.8737],[74.3659,30.893],[74.4228,30.9078],[74.4103,30.9234],[74.4288,30.9312],[74.4137,30.9296],[74.4189,30.9408],[74.547,30.9924],[74.5397,31.0087],[74.5682,31.0548],[74.5969,31.0377],[74.6712,31.0536],[74.696,31.0742],[74.6894,31.128],[74.6591,31.134],[74.6364,31.1182],[74.631,31.1328],[74.6009,31.132],[74.6106,31.0991],[74.5717,31.0816],[74.5515,31.0864],[74.5485,31.122],[74.5103,31.132],[74.5261,31.212],[74.517,31.2284],[74.5326,31.2493],[74.5206,31.269],[74.5417,31.3034],[74.5263,31.3117],[74.5539,31.3665],[74.5846,31.3802],[74.5965,31.4163],[74.6541,31.4277],[74.6352,31.4846],[74.5801,31.4985],[74.5842,31.5208],[74.6129,31.5273],[74.6096,31.5687],[74.5554,31.6078],[74.5351,31.6776],[74.4866,31.7151],[74.504,31.7404],[74.56,31.7574],[74.5579,31.8048],[74.6066,31.8686],[74.6074,31.8902],[74.6363,31.8842],[74.6668,31.9226],[74.719,31.9238],[74.7224,31.9429],[74.7539,31.9429],[74.7555,31.9546],[74.819,31.9587],[74.8287,31.9983],[74.8799,32.0319],[74.8794,32.0538],[74.9336,32.0656],[75.0123,32.0357],[75.0642,32.0656],[75.1049,32.0587],[75.1231,32.0815],[75.1744,32.0674],[75.2041,32.0967],[75.2026,32.1201],[75.2159,32.1211],[75.2237,32.0982],[75.2312,32.1062],[75.2313,32.0914],[75.2614,32.101],[75.2853,32.1516],[75.3211,32.1796],[75.3161,32.2081],[75.375,32.2291],[75.3814,32.2688],[75.3213,32.2971],[75.3375,32.3218],[75.322,32.3438],[75.415,32.3243],[75.4722,32.34],[75.4678,32.3176],[75.4902,32.3102],[75.4989,32.2753],[75.5243,32.34],[75.5426,32.3373],[75.5904,32.3779],[75.6885,32.3922],[75.7442,32.4314],[75.7286,32.4452],[75.7387,32.4633],[75.7649,32.4617],[75.8334,32.5034],[75.8755,32.5495],[75.8633,32.5602],[75.8781,32.5855],[75.9064,32.6004],[75.9344,32.6459],[75.8989,32.6806],[75.9129,32.7562],[75.8839,32.7851],[75.8813,32.8098],[75.7829,32.8899],[75.8109,32.9316],[75.9174,32.9065],[75.9493,32.8732],[76.0932,32.9636],[76.1108,33.0153],[76.1556,33.034],[76.1948,33.0168],[76.2437,33.0205],[76.2735,33.0375],[76.2896,33.0591],[76.2805,33.0849],[76.2921,33.1203],[76.398,33.1828],[76.4786,33.1795],[76.5601,33.2097],[76.5951,33.2062],[76.6125,33.1734],[76.6419,33.1616],[76.7471,33.1792],[76.776,33.2217],[76.7722,33.251],[76.794,33.2564],[76.8449,33.2425],[76.7977,33.1534],[76.9106,33.0938],[76.9331,33.0282],[77.0091,32.9891],[77.0489,32.9987],[77.0867,32.9727],[77.1503,32.9772],[77.1597,32.9121],[77.1881,32.928],[77.2581,32.8633],[77.2837,32.8737],[77.3011,32.8495],[77.3233,32.8508],[77.3378,32.817],[77.3739,32.8231],[77.3751,32.8559],[77.4049,32.8848],[77.4716,32.8591],[77.5953,32.9402],[77.6734,32.9605],[77.6832,32.9887],[77.7402,32.9691],[77.812,32.9049],[77.7843,32.8827],[77.7849,32.8608],[77.8688,32.8271],[77.8933,32.7786],[77.926,32.7716],[77.9343,32.7262],[77.9182,32.6916],[77.9844,32.5867],[78.0381,32.5938],[78.0325,32.6297],[78.0446,32.6444],[78.0845,32.6239],[78.1109,32.662],[78.1476,32.654],[78.1448,32.682],[78.1759,32.6807],[78.1915,32.6626],[78.2458,32.6716],[78.2601,32.7029],[78.3064,32.7076],[78.3141,32.7547],[78.3871,32.7567],[78.4006,32.6938],[78.3811,32.6536],[78.4094,32.6228],[78.3122,32.5684],[78.3066,32.5114],[78.2843,32.4692],[78.329,32.4433],[78.3279,32.4647],[78.3485,32.4642],[78.3994,32.5278],[78.4281,32.5045],[78.4722,32.4424],[78.471,32.3973],[78.4549,32.3848],[78.4841,32.3619],[78.4767,32.3282],[78.5109,32.3021],[78.4838,32.2475],[78.4283,32.2083],[78.4464,32.1509],[78.4677,32.1292],[78.5088,32.1498],[78.5256,32.1181],[78.6035,32.0635],[78.5985,32.0282],[78.7038,31.9908],[78.7669,31.9466],[78.7473,31.8903],[78.6717,31.8623],[78.6499,31.8236],[78.725,31.7591],[78.7512,31.6801],[78.7989,31.6814],[78.8019,31.6476],[78.8467,31.6073],[78.7749,31.5435],[78.7352,31.5364],[78.7219,31.5129],[78.7267,31.4831],[78.7574,31.4829],[78.7968,31.444],[78.7495,31.3675],[78.792,31.3042],[78.8534,31.2944],[78.8627,31.3149],[78.9276,31.2215],[78.949,31.2176],[78.9588,31.187],[78.9876,31.1742],[78.9923,31.1494],[78.9706,31.1199],[79.0045,31.0457],[79.0521,31.0354],[79.0941,30.9948],[79.1801,31.0175],[79.2055,31.0021],[79.2202,30.9551],[79.2419,30.9493],[79.2906,30.9684],[79.3235,30.9622],[79.3309,30.9945],[79.3078,31.0129],[79.4124,31.0723],[79.4271,31.0233],[79.5086,31.032],[79.516,30.9976],[79.5994,30.9328],[79.6613,30.963],[79.666,30.9829],[79.7341,30.9425],[79.7519,30.9469],[79.8257,30.8507],[79.8803,30.8628],[79.91,30.8368],[79.8945,30.8028],[79.9585,30.7778],[79.9509,30.7429],[79.9731,30.7156],[79.9608,30.6936],[80.0131,30.6659],[80.0426,30.5977],[80.074,30.595],[80.0893,30.5702],[80.1336,30.5569],[80.1997,30.5886],[80.2542,30.5643],[80.316,30.5638],[80.3461,30.5204],[80.4179,30.5238],[80.4446,30.4975],[80.4969,30.4879],[80.5412,30.4493],[80.5253,30.425],[80.5351,30.4169],[80.5742,30.4433],[80.6122,30.4443],[80.666,30.3438],[80.7531,30.3082],[80.7613,30.2798],[80.8716,30.1606],[80.8773,30.1285],[80.7612,30.0496],[80.7373,29.9988],[80.719,30.0],[80.6746,29.9571],[80.6222,29.9643],[80.5906,29.9488],[80.5536,29.8519],[80.5004,29.8176],[80.4937,29.7957],[80.4337,29.8054],[80.4086,29.7948],[80.3979,29.76],[80.3661,29.7485],[80.3838,29.6759],[80.4202,29.6393],[80.4088,29.5991],[80.3789,29.5611],[80.3423,29.5528],[80.3578,29.5308],[80.3131,29.4842],[80.2867,29.4768],[80.2997,29.4511],[80.2786,29.4588],[80.2429,29.4437],[80.242,29.4124],[80.275,29.3926],[80.2802,29.3463],[80.3169,29.3148],[80.2906,29.2317],[80.2983,29.206],[80.2898,29.1946],[80.2537,29.2218],[80.2436,29.2127],[80.2723,29.1385],[80.2338,29.1154],[80.1826,29.1368],[80.1443,29.1028],[80.1285,29.0612],[80.1354,29.0074],[80.1181,28.9819],[80.1002,28.9866],[80.0585,28.9166],[80.0752,28.8245],[80.1181,28.829],[80.2161,28.7555],[80.2505,28.7579],[80.2653,28.741],[80.2565,28.7292],[80.3161,28.7006],[80.3258,28.6664],[80.3605,28.6347],[80.4536,28.6271],[80.4719,28.5835],[80.5184,28.5516],[80.5307,28.5724],[80.5035,28.6649],[80.5397,28.6907],[80.5685,28.688],[80.5904,28.68],[80.5898,28.6482],[80.6676,28.6421],[80.6775,28.6044],[80.6958,28.6035],[80.6904,28.5877],[80.7146,28.5684],[80.7679,28.5661],[80.7886,28.5248],[80.866,28.4896],[80.8616,28.5044],[80.8961,28.507],[80.9156,28.458],[80.9142,28.4684],[80.9307,28.458],[80.9426,28.4688],[80.9321,28.4588],[80.9517,28.4476],[80.9802,28.4551],[80.9646,28.4447],[80.9788,28.434],[81.0177,28.4518],[81.0129,28.4382],[81.0337,28.428],[81.0166,28.4159],[81.0335,28.3975],[81.0357,28.4138],[81.0798,28.385],[81.2106,28.3608],[81.2344,28.3247],[81.2325,28.2891],[81.3209,28.1975],[81.3212,28.1687],[81.3019,28.1641],[81.328,28.1481],[81.3179,28.1337],[81.3696,28.1426],[81.3746,28.177],[81.4466,28.1611],[81.4499,28.1408],[81.484,28.1186],[81.4782,28.0828],[81.6241,28.0017],[81.6985,27.9882],[81.8849,27.857],[81.9258,27.8596],[81.9681,27.9292],[82.0699,27.9236],[82.1211,27.8659],[82.209,27.8429],[82.4487,27.6793],[82.5414,27.6857],[82.6643,27.7227],[82.7082,27.7186],[82.7124,27.663],[82.7361,27.646],[82.7349,27.6113],[82.7578,27.5868],[82.7353,27.5027],[82.9293,27.5012],[82.9541,27.4679],[83.0346,27.4488],[83.1879,27.4544],[83.2722,27.3834],[83.2724,27.3527],[83.3047,27.3314],[83.3593,27.3433],[83.4053,27.4053],[83.3842,27.4368],[83.4016,27.4566],[83.3925,27.4795],[83.6143,27.4695],[83.8637,27.3459],[83.8844,27.3773],[83.8332,27.4257],[83.8489,27.4462],[83.8827,27.4344],[83.9961,27.4465],[84.0239,27.4326],[84.052,27.4429],[84.1085,27.5218],[84.151,27.5165],[84.1485,27.4862],[84.206,27.4699],[84.2085,27.4424],[84.2547,27.4533],[84.2909,27.3856],[84.6189,27.3379],[84.689,27.2206],[84.6751,27.0971],[84.6471,27.0759],[84.6433,27.0462],[84.7567,27.0029],[84.7733,27.0178],[84.7937,26.9961],[84.8253,27.021],[84.8544,27.0083],[84.8656,26.9837],[84.9626,26.9605],[84.9781,26.9407],[84.9704,26.9159],[85.0596,26.8843],[85.0298,26.8753],[85.024,26.8544],[85.1897,26.8702],[85.1765,26.8098],[85.2115,26.7583],[85.334,26.7416],[85.4075,26.7914],[85.4543,26.782],[85.5658,26.8411],[85.5754,26.861],[85.5868,26.8482],[85.6344,26.8723],[85.6423,26.8532],[85.7041,26.8323],[85.7289,26.8081],[85.7321,26.6541],[85.8016,26.6243],[85.8175,26.6028],[85.8512,26.6086],[85.8493,26.5688],[85.913,26.6087],[85.947,26.6129],[85.9695,26.6549],[86.0285,26.6665],[86.1387,26.6289],[86.1362,26.6064],[86.1913,26.6151],[86.1956,26.5954],[86.2176,26.5886],[86.2507,26.6144],[86.3294,26.6196],[86.4976,26.5424],[86.5422,26.5383],[86.57,26.4965],[86.7359,26.4236],[86.7654,26.4592],[86.8313,26.4352],[86.8806,26.4531],[86.9025,26.4884],[86.9296,26.4898],[86.9314,26.5148],[87.0152,26.5322],[87.0445,26.5873],[87.0716,26.5858],[87.0915,26.4504],[87.1624,26.404],[87.2606,26.4095],[87.2658,26.3739],[87.3123,26.3714],[87.3409,26.3475],[87.3582,26.3612],[87.3687,26.4081],[87.4666,26.4403],[87.5475,26.4185],[87.6047,26.3808],[87.6513,26.3936],[87.65,26.406],[87.6779,26.4159],[87.6775,26.4356],[87.7337,26.4077],[87.7643,26.41],[87.7928,26.4689],[87.8486,26.4365],[87.8881,26.4869],[87.9094,26.4584],[87.8986,26.4489],[87.925,26.4447],[87.9269,26.4176],[87.9917,26.3927],[87.9983,26.3651],[88.0302,26.3649],[88.0314,26.3886],[88.0905,26.4261],[88.1055,26.4693],[88.0886,26.5001],[88.1042,26.5186],[88.1006,26.5496],[88.1636,26.64],[88.1888,26.7493],[88.1716,26.8694],[88.1361,26.8989],[88.1456,26.9204],[88.1203,26.9504],[88.1353,26.9851],[88.0922,27.0047],[88.0764,27.0357],[88.0373,27.0368],[88.0206,27.0872],[87.9884,27.119],[88.0192,27.1712],[88.0122,27.216],[88.0315,27.2859],[88.0663,27.3366],[88.0418,27.373],[88.0506,27.4128],[88.0743,27.4334],[88.0433,27.4958],[88.0831,27.5876],[88.1435,27.6632],[88.1557,27.7352],[88.178,27.7466],[88.197,27.7911],[88.173,27.8205],[88.2005,27.8369],[88.1962,27.854],[88.1353,27.8819],[88.1177,27.9176],[88.1421,27.965],[88.2065,27.9416],[88.2063,27.9599],[88.2377,27.9695],[88.2525,27.942],[88.3403,27.9858],[88.4128,27.9818],[88.4184,28.0005],[88.468,28.0168],[88.4951,28.0551],[88.5461,28.0341],[88.5548,28.0826],[88.6024,28.0897],[88.6383,28.1171],[88.672,28.0737],[88.7545,28.0803],[88.8353,28.0159],[88.8364,27.9282],[88.861,27.927],[88.8816,27.8911],[88.8829,27.8348],[88.8575,27.8154],[88.8667,27.7429],[88.8385,27.7051],[88.8485,27.6691],[88.8143,27.6459],[88.7919,27.575],[88.764,27.5665],[88.7935,27.5264],[88.7769,27.469],[88.8057,27.4074],[88.838,27.3796],[88.8612,27.3862],[88.8856,27.3425],[88.9207,27.3273],[88.9143,27.2898],[88.9036,27.2728],[88.8025,27.2474],[88.7896,27.1856],[88.7648,27.1779],[88.7465,27.1418],[88.8036,27.1389],[88.8717,27.1088],[88.8742,26.9539],[88.922,26.9932],[88.9523,26.9688],[88.9452,26.9328],[88.9793,26.9185],[89.0159,26.9382],[89.0419,26.9264],[89.0445,26.8941],[89.0956,26.891],[89.1021,26.8358],[89.1311,26.8121],[89.2632,26.8155],[89.319,26.8516],[89.3792,26.8623],[89.3901,26.8419],[89.4404,26.8412],[89.4686,26.8044],[89.5598,26.8126],[89.6501,26.7764],[89.623,26.7253],[89.6558,26.718],[89.6707,26.7395],[89.7234,26.7234],[89.7513,26.7342],[89.7717,26.7022],[89.8626,26.7021],[89.865,26.7357],[89.9686,26.722],[90.1901,26.7679],[90.1839,26.7994],[90.2004,26.835],[90.2479,26.8598],[90.3022,26.8499],[90.3449,26.8736],[90.3554,26.9011],[90.4176,26.9049],[90.5466,26.8166],[90.6338,26.7949],[90.6462,26.7782],[90.6787,26.7858],[90.7253,26.7687],[90.9955,26.7907],[91.0556,26.7813],[91.1015,26.8241],[91.2395,26.814],[91.3414,26.7823],[91.3802,26.7944],[91.4144,26.8406],[91.503,26.7927],[91.6293,26.8228],[91.6953,26.8091],[91.8248,26.8639],[91.8593,26.9134],[91.8938,26.9196],[91.9712,26.8842],[91.9871,26.8608],[92.0565,26.8496],[92.1036,26.8693],[92.1157,26.8937],[92.1145,26.8572],[92.1639,26.8558],[92.6392,26.9607],[92.7908,26.8974],[92.8944,26.9228],[93.0679,26.8878],[93.3464,26.9287],[93.5925,26.9443],[93.7289,27.0014],[93.8308,27.0255],[93.8602,27.1856],[94.0534,27.3905],[94.2636,27.5617],[94.2764,27.5888],[94.3693,27.576],[94.4192,27.6002],[94.5216,27.6003],[94.7413,27.7002],[94.7739,27.7012],[94.7904,27.7224],[94.8647,27.7419],[94.9532,27.8062],[95.0814,27.8464],[95.2775,27.9368],[95.3514,28.041],[95.3424,28.0912],[95.3725,28.131],[95.8145,28.3017],[95.8389,28.2833],[95.8726,28.3041],[95.8984,28.2805],[95.9028,28.2456],[95.9347,28.2425],[95.9738,28.2023],[96.0125,28.1937],[96.06,28.1948],[96.0981,28.2173],[96.123,28.2049],[96.2058,28.2147],[96.2533,28.2508],[96.2858,28.2002],[96.2944,28.1401],[96.371,28.1218],[96.4072,28.1627],[96.4372,28.1586],[96.4798,28.1201],[96.4934,28.0696],[96.5169,28.0812],[96.5729,28.0633],[96.5806,28.0421],[96.6127,28.0376],[96.6741,27.9556],[96.7852,27.9339],[96.8031,27.8993],[96.8493,27.8777],[96.9073,27.888],[96.9723,27.8637],[97.0088,27.81],[97.0421,27.8161],[97.0572,27.8002],[97.0617,27.7497]],[[88.9272,26.3357],[88.925,26.2942],[88.9536,26.2748],[88.9814,26.2831],[88.9825,26.3012],[88.961,26.2959],[88.9272,26.3357]],[[86.6148,20.8045],[86.6192,20.8036],[86.6222,20.804],[86.6235,20.8061],[86.6239,20.8102],[86.6219,20.8108],[86.6205,20.8107],[86.6234,20.8095],[86.6232,20.8084],[86.6223,20.8054],[86.6182,20.8046],[86.616,20.8052],[86.6159,20.8052],[86.6148,20.8045]],[[86.4656,20.1169],[86.4652,20.1165],[86.4632,20.1155],[86.4634,20.108],[86.4649,20.1088],[86.4643,20.1135],[86.4656,20.1169]],[[84.738,19.0559],[84.7331,19.0561],[84.7305,19.0545],[84.7294,19.0519],[84.7251,19.0497],[84.7246,19.0458],[84.7257,19.0449],[84.7306,19.0454],[84.7353,19.0544],[84.738,19.0559]],[[81.3855,16.4441],[81.3868,16.4469],[81.3817,16.4476],[81.383,16.443],[81.3878,16.4414],[81.3897,16.4383],[81.3961,16.437],[81.3989,16.4313],[81.4003,16.4258],[81.4057,16.4232],[81.4121,16.4186],[81.4166,16.418],[81.4209,16.4191],[81.4252,16.4184],[81.4242,16.4196],[81.423,16.42],[81.4157,16.4191],[81.4155,16.4191],[81.4112,16.4209],[81.4109,16.4211],[81.4095,16.4223],[81.4087,16.4231],[81.4068,16.4248],[81.4065,16.4249],[81.4047,16.4264],[81.4036,16.4271],[81.4011,16.4287],[81.3992,16.4327],[81.3989,16.4344],[81.4012,16.4372],[81.4013,16.4373],[81.3915,16.4395],[81.3889,16.442],[81.3857,16.4432],[81.3855,16.4441]],[[76.6928,8.7913],[76.6707,8.7997],[76.6748,8.7801],[76.7117,8.7791],[76.6831,8.7844],[76.6928,8.7913]],[[76.477,9.1186],[76.4761,9.1197],[76.477,9.1154],[76.4818,9.1064],[76.4818,9.1063],[76.4838,9.0999],[76.4831,9.0966],[76.4854,9.0958],[76.4882,9.0919],[76.4883,9.0917],[76.4889,9.0902],[76.4849,9.1025],[76.481,9.1105],[76.4789,9.1162],[76.477,9.1186]],[[73.5351,15.9385],[73.5399,15.939],[73.5407,15.9399],[73.5461,15.9406],[73.5479,15.9428],[73.5588,15.9443],[73.5572,15.9466],[73.5513,15.9481],[73.5489,15.9468],[73.5471,15.9433],[73.5434,15.9431],[73.5396,15.9448],[73.5378,15.9428],[73.5354,15.9426],[73.5353,15.939],[73.5351,15.9385]],[[73.4136,16.2804],[73.4148,16.2826],[73.4219,16.2842],[73.4182,16.2867],[73.418,16.2905],[73.4152,16.2895],[73.4147,16.2869],[73.4107,16.2846],[73.4111,16.283],[73.4129,16.2843],[73.4136,16.2804]],[[72.8146,21.4223],[72.8104,21.423],[72.8054,21.4262],[72.8041,21.4253],[72.8053,21.4253],[72.8057,21.4251],[72.8085,21.4236],[72.8087,21.4235],[72.8099,21.4228],[72.8102,21.4227],[72.813,21.4221],[72.8144,21.4222],[72.8146,21.4223]]],[[[94.2635,13.4292],[94.2491,13.4458],[94.2729,13.4644],[94.2635,13.4292]]],[[[93.8193,7.2368],[93.8483,7.2409],[93.8457,7.2195],[93.8825,7.2047],[93.8879,7.0892],[93.9175,7.0242],[93.9475,7.0033],[93.9267,7.0129],[93.9142,7.0018],[93.9451,6.9571],[93.9204,6.9516],[93.9161,6.9141],[93.8961,6.9041],[93.9024,6.8142],[93.8813,6.7954],[93.8463,6.8444],[93.8593,6.8283],[93.828,6.7569],[93.8082,6.7695],[93.8182,6.8231],[93.7906,6.8313],[93.8087,6.8527],[93.7784,6.8639],[93.7774,6.88],[93.7943,6.8752],[93.78,6.886],[93.7905,6.9041],[93.7748,6.8964],[93.7655,6.9318],[93.7597,6.918],[93.7478,6.925],[93.7534,6.9583],[93.7345,6.97],[93.7375,6.9859],[93.7059,6.9925],[93.7091,7.0254],[93.6637,7.0074],[93.6762,7.0254],[93.6592,7.0935],[93.6882,7.1079],[93.6717,7.1182],[93.6717,7.1359],[93.6908,7.1282],[93.6998,7.1504],[93.6905,7.169],[93.6764,7.1583],[93.6863,7.1899],[93.7052,7.1772],[93.7062,7.1911],[93.7162,7.18],[93.7785,7.2092],[93.7875,7.1992],[93.7777,7.2121],[93.8039,7.2015],[93.8193,7.2368]]],[[[93.8571,12.2646],[93.8461,12.2734],[93.8671,12.295],[93.8764,12.2717],[93.8571,12.2646]]],[[[93.8531,6.8195],[93.8562,6.8227],[93.8575,6.8209],[93.8531,6.8195]]],[[[93.7697,7.3943],[93.7661,7.3947],[93.7629,7.3978],[93.7643,7.4009],[93.7692,7.4014],[93.7721,7.3998],[93.7721,7.3949],[93.7697,7.3943]]],[[[93.7565,7.193],[93.7517,7.1943],[93.7502,7.1977],[93.7511,7.1997],[93.757,7.1985],[93.7574,7.2008],[93.7535,7.2057],[93.7526,7.2083],[93.7546,7.2117],[93.7586,7.2129],[93.7617,7.2149],[93.7645,7.214],[93.7648,7.2082],[93.7639,7.206],[93.765,7.2037],[93.7617,7.2011],[93.7599,7.2008],[93.7565,7.193]]],[[[93.6827,7.3845],[93.7168,7.3875],[93.7055,7.4016],[93.7122,7.4443],[93.7208,7.4033],[93.7563,7.3609],[93.7255,7.3099],[93.6779,7.2837],[93.6482,7.2437],[93.6224,7.3106],[93.6457,7.3374],[93.6334,7.3371],[93.6335,7.3714],[93.6501,7.3633],[93.6662,7.3801],[93.67,7.3657],[93.6827,7.3845]]],[[[93.7196,7.2066],[93.7137,7.2075],[93.7125,7.2097],[93.7125,7.214],[93.7107,7.2184],[93.7088,7.2202],[93.708,7.2264],[93.7085,7.2295],[93.7152,7.2213],[93.7161,7.2179],[93.7194,7.2122],[93.7196,7.2066]]],[[[93.708,7.0197],[93.7049,7.0215],[93.7054,7.0243],[93.7077,7.0248],[93.708,7.0197]]],[[[93.6881,7.3971],[93.6848,7.4002],[93.6838,7.4074],[93.6887,7.4094],[93.6915,7.4095],[93.6914,7.4064],[93.6887,7.406],[93.6892,7.4025],[93.6923,7.4019],[93.6928,7.3987],[93.6881,7.3971]]],[[[93.6775,7.1739],[93.6755,7.1754],[93.677,7.1783],[93.6789,7.1788],[93.6798,7.1747],[93.6775,7.1739]]],[[[93.6609,7.1123],[93.66,7.1126],[93.6571,7.119],[93.657,7.1255],[93.6624,7.1265],[93.6667,7.1195],[93.6642,7.116],[93.6611,7.1151],[93.6609,7.1123]]],[[[93.653,8.3894],[93.6517,8.3911],[93.6481,8.3908],[93.6473,8.3944],[93.6528,8.3943],[93.6552,8.3912],[93.653,8.3894]]],[[[93.6516,7.4703],[93.6472,7.4713],[93.6447,7.4709],[93.6451,7.4763],[93.6503,7.4759],[93.6525,7.4737],[93.6516,7.4703]]],[[[93.6278,8.4906],[93.615,8.5737],[93.6422,8.467],[93.6278,8.4691],[93.6184,8.4356],[93.6278,8.4906]]],[[[93.5953,8.0415],[93.5783,8.0686],[93.5974,8.0585],[93.5953,8.0415]]],[[[93.5912,8.0746],[93.5717,8.0925],[93.5798,8.1227],[93.5912,8.0746]]],[[[93.5306,8.0147],[93.5526,7.9905],[93.5449,8.0276],[93.5627,8.025],[93.5823,7.9928],[93.5773,7.9304],[93.5078,7.9846],[93.5067,7.997],[93.5262,7.9913],[93.5306,8.0147]]],[[[93.4822,8.1931],[93.498,8.1952],[93.4991,8.2247],[93.5211,8.2335],[93.545,8.2189],[93.5036,8.1439],[93.5493,8.082],[93.5503,8.0361],[93.5317,8.0512],[93.5261,8.0336],[93.5074,8.0344],[93.5055,7.9992],[93.4865,8.0158],[93.4856,8.0447],[93.5094,8.038],[93.5102,8.0681],[93.5195,8.0465],[93.5327,8.0671],[93.5126,8.0854],[93.4848,8.0553],[93.4812,8.086],[93.5006,8.0911],[93.5023,8.1076],[93.4743,8.0955],[93.4595,8.1236],[93.4709,8.1411],[93.4559,8.1543],[93.4573,8.1752],[93.4822,8.1931]]],[[[93.5437,7.5109],[93.5423,7.5131],[93.5423,7.5164],[93.5408,7.519],[93.5414,7.5229],[93.5442,7.5244],[93.5481,7.5194],[93.5497,7.5162],[93.5479,7.5131],[93.5437,7.5109]]],[[[93.3127,7.9534],[93.3374,8.0115],[93.3974,8.018],[93.4093,8.0055],[93.3953,7.978],[93.4581,7.9396],[93.4745,7.8929],[93.4624,7.873],[93.4211,7.9078],[93.3647,7.8867],[93.3446,7.9067],[93.3663,7.9262],[93.3618,7.9598],[93.3213,7.949],[93.3314,7.9239],[93.3127,7.9534]]],[[[93.4612,8.1319],[93.4591,8.1344],[93.4614,8.137],[93.464,8.1368],[93.4632,8.1324],[93.4612,8.1319]]],[[[93.3474,7.9149],[93.3454,7.9185],[93.3501,7.9206],[93.3526,7.9244],[93.358,7.9314],[93.3632,7.9309],[93.3658,7.9293],[93.3624,7.9277],[93.358,7.9238],[93.353,7.9224],[93.3518,7.919],[93.3474,7.9149]]],[[[93.2395,8.2218],[93.2203,8.2468],[93.2367,8.2643],[93.251,8.2295],[93.2395,8.2218]]],[[[93.101,8.2535],[93.0847,8.2824],[93.0962,8.3399],[93.1423,8.3468],[93.1261,8.2762],[93.202,8.2179],[93.2007,8.1961],[93.1215,8.2234],[93.101,8.2535]]],[[[93.1157,12.1301],[93.1137,12.1345],[93.1123,12.1352],[93.1115,12.1388],[93.1094,12.1404],[93.1099,12.1427],[93.1158,12.1458],[93.1165,12.1481],[93.1201,12.1479],[93.1226,12.1386],[93.1188,12.1352],[93.1157,12.1301]]],[[[93.0798,12.2249],[93.064,12.2288],[93.0747,12.2577],[93.088,12.2365],[93.1053,12.26],[93.102,12.2066],[93.0906,12.2311],[93.1021,12.2435],[93.0798,12.2249]]],[[[93.1034,13.4301],[93.0978,13.4313],[93.0964,13.4341],[93.0992,13.4353],[93.1023,13.4352],[93.1034,13.4301]]],[[[93.0427,12.1564],[93.0762,12.21],[93.0845,12.1823],[93.067,12.1736],[93.0871,12.1788],[93.0947,12.1417],[93.0854,12.0896],[93.0693,12.0873],[93.0598,12.1053],[93.0679,12.1309],[93.0393,12.1278],[93.0427,12.1564]]],[[[93.0915,13.4073],[93.0874,13.412],[93.0876,13.4159],[93.0899,13.4189],[93.0939,13.4195],[93.094,13.4166],[93.0927,13.4148],[93.0915,13.4073]]],[[[93.0425,13.321],[93.0547,13.3822],[93.0902,13.3354],[93.066,13.3038],[93.0616,13.3288],[93.0425,13.321]]],[[[93.0786,11.7796],[93.0779,11.7808],[93.0788,11.7857],[93.081,11.7895],[93.0855,11.7899],[93.0862,11.7857],[93.0832,11.7821],[93.0832,11.7803],[93.0786,11.7796]]],[[[93.0749,13.2982],[93.0723,13.2982],[93.071,13.3004],[93.0749,13.3027],[93.0788,13.3017],[93.0773,13.299],[93.0749,13.2982]]],[[[93.0631,12.3158],[93.0673,12.3184],[93.072,12.3187],[93.073,12.316],[93.0675,12.3166],[93.0631,12.3158]]],[[[93.0705,13.4129],[93.0693,13.4133],[93.0674,13.4213],[93.0715,13.4305],[93.0722,13.4277],[93.0706,13.4231],[93.0711,13.4153],[93.0705,13.4129]]],[[[93.0509,11.8127],[93.0144,11.8319],[93.0138,11.8499],[93.036,11.8361],[93.0698,11.8419],[93.0509,11.8127]]],[[[93.0478,13.3746],[93.047,13.3852],[93.0112,13.3813],[92.996,13.4059],[92.9811,13.3736],[93.032,13.3632],[92.9977,13.3514],[92.9889,13.3298],[92.9741,13.3646],[92.9388,13.3509],[92.9444,13.3161],[92.9875,13.3143],[92.9681,13.2786],[93.0031,13.2625],[93.0041,13.2917],[93.0115,13.2669],[93.0465,13.2821],[93.0478,13.2432],[93.0658,13.2721],[93.032,13.1777],[93.0296,13.0667],[93.0041,13.0297],[92.966,13.0422],[92.9707,13.0156],[92.9586,13.0167],[92.9337,13.0478],[92.9547,13.0453],[92.9497,13.0647],[92.9613,13.0687],[92.9465,13.0839],[92.9451,13.1455],[92.9216,13.0669],[92.9213,13.0857],[92.8924,13.0956],[92.8993,13.1151],[92.8822,13.155],[92.8672,13.1473],[92.8908,13.1053],[92.8787,13.0942],[92.9108,13.0654],[92.8853,13.0458],[92.8891,13.0587],[92.8614,13.0661],[92.8614,13.0865],[92.856,13.0726],[92.8411,13.0878],[92.8602,13.0656],[92.8369,13.0499],[92.8474,13.0432],[92.8635,13.0643],[92.868,13.0321],[92.9143,13.0512],[92.8791,13.0099],[92.8739,12.9414],[92.8597,12.9365],[92.8496,12.9664],[92.8378,12.9598],[92.8532,12.9177],[92.8421,12.9125],[92.8699,12.8934],[92.8426,12.879],[92.8419,12.896],[92.829,12.8908],[92.8134,12.9135],[92.8006,12.9045],[92.8048,12.9498],[92.793,12.9542],[92.8007,12.9916],[92.8135,12.9679],[92.8146,12.9828],[92.8246,12.9754],[92.8204,13.0053],[92.8456,12.9857],[92.8275,13.0073],[92.843,13.0281],[92.8197,13.0133],[92.8112,13.0334],[92.8158,13.0094],[92.7924,13.0158],[92.8067,13.0406],[92.8009,13.0733],[92.8164,13.0612],[92.8215,13.1078],[92.8373,13.1112],[92.8119,13.1268],[92.8548,13.1182],[92.8545,13.1553],[92.8096,13.1529],[92.8162,13.1705],[92.8216,13.1549],[92.8582,13.162],[92.8401,13.1633],[92.8174,13.1992],[92.8358,13.2185],[92.8276,13.237],[92.8477,13.228],[92.8538,13.1831],[92.8697,13.1872],[92.8538,13.2591],[92.8247,13.2715],[92.8247,13.2872],[92.8497,13.2877],[92.8355,13.2949],[92.8532,13.3127],[92.8237,13.3233],[92.8333,13.3693],[92.847,13.3723],[92.8519,13.3506],[92.8572,13.3795],[92.8804,13.3859],[92.8857,13.3738],[92.8882,13.3916],[92.9176,13.3831],[92.895,13.3942],[92.9043,13.413],[92.8908,13.405],[92.8783,13.4192],[92.8833,13.4287],[92.9014,13.4165],[92.908,13.4354],[92.8918,13.4269],[92.8718,13.4723],[92.8883,13.4767],[92.9017,13.4608],[92.9004,13.4968],[92.9185,13.5013],[92.9142,13.4568],[92.9333,13.4677],[92.937,13.4997],[92.9467,13.4958],[92.9302,13.5153],[92.9525,13.5245],[92.9512,13.5427],[92.9646,13.5238],[93.0135,13.5187],[92.9915,13.5269],[93.0,13.5388],[92.9857,13.5628],[93.0115,13.5385],[93.0273,13.5793],[93.0445,13.5293],[93.0344,13.4666],[93.005,13.4695],[93.0056,13.4458],[92.9865,13.4455],[92.9825,13.4215],[93.0028,13.4303],[93.0135,13.4169],[93.0204,13.4309],[93.0486,13.4031],[93.0618,13.421],[93.0673,13.3952],[93.0468,13.395],[93.0478,13.3746]]],[[[93.0476,13.6213],[93.0426,13.638],[93.0666,13.654],[93.0476,13.6213]]],[[[93.0579,8.4399],[93.0371,8.4487],[93.0416,8.4701],[93.0579,8.4399]]],[[[93.0544,13.5593],[93.0519,13.563],[93.0526,13.5661],[93.0576,13.5675],[93.0568,13.5619],[93.0544,13.5593]]],[[[93.0549,12.1109],[93.0515,12.112],[93.0503,12.1146],[93.0528,12.1162],[93.0556,12.1159],[93.0549,12.1109]]],[[[92.9839,11.9456],[92.9583,11.9825],[92.9253,11.9981],[92.9639,12.0407],[92.9737,12.0105],[92.9812,12.027],[92.9902,12.02],[92.9795,12.0416],[93.0036,12.0291],[93.0533,11.9051],[93.0457,11.8845],[93.0258,11.8887],[92.9974,11.9422],[93.0188,11.9342],[93.0156,11.953],[92.9964,11.9729],[92.9839,11.9456]]],[[[93.0088,12.0769],[93.0058,12.1414],[93.0285,12.1657],[93.0515,12.0572],[93.0413,12.0465],[93.0088,12.0769]]],[[[93.0323,13.3453],[93.0183,13.3531],[93.0358,13.3571],[93.0323,13.3453]]],[[[93.0186,13.4318],[93.0175,13.4612],[93.0294,13.4599],[93.0318,13.4342],[93.0186,13.4318]]],[[[93.0265,13.6273],[92.9888,13.6602],[93.0206,13.6707],[93.0265,13.6273]]],[[[93.0259,12.2738],[93.0219,12.2748],[93.0238,12.2775],[93.0277,12.2797],[93.03,12.278],[93.0259,12.2738]]],[[[93.0225,13.3038],[93.0198,13.3081],[93.0169,13.3107],[93.0157,13.3143],[93.0161,13.3231],[93.0173,13.3288],[93.0223,13.3293],[93.0244,13.3285],[93.0203,13.3226],[93.021,13.3182],[93.0195,13.3172],[93.0202,13.311],[93.0236,13.3051],[93.0225,13.3038]]],[[[93.0189,13.3373],[93.0173,13.3386],[93.0164,13.3424],[93.0181,13.3447],[93.0198,13.3427],[93.0202,13.338],[93.0189,13.3373]]],[[[93.0115,13.2834],[93.009,13.286],[93.011,13.291],[93.0162,13.2917],[93.0149,13.2873],[93.012,13.2865],[93.0115,13.2834]]],[[[92.9554,12.96],[92.9597,12.9881],[92.9734,12.9662],[92.986,12.9935],[93.0046,12.9971],[92.9785,12.9656],[92.9813,12.933],[92.9534,12.9403],[92.9764,12.9453],[92.9554,12.96]]],[[[92.9729,12.0837],[92.9617,12.1051],[93.0007,12.1044],[92.9964,12.045],[92.9618,12.0749],[92.9729,12.0837]]],[[[92.9902,12.1135],[92.9664,12.1203],[92.9569,12.1486],[92.9876,12.1427],[92.9902,12.1135]]],[[[92.8062,12.8582],[92.7953,12.8902],[92.8423,12.8906],[92.8478,12.8416],[92.8598,12.8759],[92.8985,12.9035],[92.9411,12.8556],[92.9299,12.8285],[92.9379,12.8208],[92.9426,12.8352],[92.9537,12.8035],[92.9339,12.7739],[92.961,12.755],[92.9801,12.7084],[92.9628,12.6979],[92.9579,12.6239],[92.9398,12.6267],[92.9583,12.618],[92.9754,12.5432],[92.9686,12.4971],[92.96,12.487],[92.9472,12.5026],[92.9393,12.4833],[92.9242,12.493],[92.9037,12.4788],[92.8995,12.4663],[92.9173,12.4718],[92.9173,12.4596],[92.9577,12.4738],[92.9385,12.4508],[92.9068,12.4502],[92.9207,12.4267],[92.911,12.406],[92.8861,12.4424],[92.8955,12.4625],[92.8803,12.4761],[92.8711,12.4598],[92.8393,12.4914],[92.8534,12.5107],[92.8187,12.5063],[92.8281,12.4914],[92.8103,12.4816],[92.8344,12.4849],[92.8218,12.4704],[92.837,12.477],[92.8588,12.4517],[92.8462,12.4272],[92.8138,12.4592],[92.8124,12.4393],[92.7998,12.4414],[92.8045,12.4639],[92.7813,12.4872],[92.7778,12.4568],[92.7947,12.4648],[92.7862,12.4334],[92.8112,12.43],[92.8051,12.403],[92.8339,12.4089],[92.8174,12.4058],[92.8198,12.3891],[92.8363,12.3889],[92.8224,12.3762],[92.8436,12.3844],[92.8596,12.3716],[92.8409,12.3618],[92.8893,12.3468],[92.8783,12.3359],[92.845,12.3449],[92.8536,12.3301],[92.8319,12.3352],[92.8568,12.3217],[92.8285,12.3059],[92.8113,12.3184],[92.7944,12.3071],[92.7694,12.34],[92.7529,12.2978],[92.7641,12.3957],[92.7195,12.3001],[92.699,12.3268],[92.7055,12.6072],[92.7152,12.6436],[92.7208,12.6052],[92.7271,12.6307],[92.7699,12.5988],[92.7712,12.6259],[92.7813,12.5724],[92.8024,12.6192],[92.7835,12.6475],[92.7987,12.6602],[92.786,12.7158],[92.8017,12.7269],[92.7722,12.7375],[92.7602,12.7226],[92.7771,12.7284],[92.7698,12.673],[92.7694,12.6862],[92.7335,12.6744],[92.7484,12.7269],[92.7229,12.7872],[92.7296,12.7952],[92.7415,12.7766],[92.7385,12.8279],[92.7448,12.814],[92.7567,12.8436],[92.7537,12.8148],[92.7643,12.8235],[92.7678,12.8096],[92.7729,12.8362],[92.7858,12.7643],[92.8039,12.8071],[92.7857,12.8223],[92.7861,12.8576],[92.7911,12.8439],[92.8062,12.8582]]],[[[92.9315,12.3588],[92.9189,12.3651],[92.9268,12.4056],[92.9562,12.434],[92.9315,12.3588]]],[[[92.9544,13.3453],[92.9537,13.3517],[92.9507,13.3543],[92.9528,13.357],[92.9578,13.3571],[92.9595,13.3527],[92.9574,13.3504],[92.9544,13.3453]]],[[[92.9522,12.0847],[92.9503,12.0896],[92.9495,12.0967],[92.95,12.1113],[92.9532,12.111],[92.9573,12.1023],[92.9571,12.0971],[92.9543,12.0949],[92.9511,12.0909],[92.9522,12.0847]]],[[[92.9479,13.0716],[92.9405,13.0748],[92.941,13.0766],[92.9465,13.0752],[92.9479,13.0716]]],[[[92.9418,12.9957],[92.9167,13.0151],[92.9376,13.0256],[92.9418,12.9957]]],[[[92.9242,12.2629],[92.9229,12.2752],[92.9008,12.2721],[92.9025,12.2886],[92.9307,12.276],[92.9346,12.3082],[92.9411,12.2747],[92.9239,12.2312],[92.9242,12.2629]]],[[[92.9326,12.1961],[92.9338,12.1989],[92.9323,12.2041],[92.9259,12.2077],[92.9254,12.2102],[92.9263,12.2177],[92.9273,12.2221],[92.9352,12.2245],[92.9386,12.2224],[92.9398,12.2159],[92.9331,12.2154],[92.9353,12.2061],[92.9353,12.2012],[92.9343,12.1976],[92.9326,12.1961]]],[[[92.9098,12.9637],[92.8882,13.0099],[92.9382,12.9757],[92.9131,12.9471],[92.9098,12.9637]]],[[[92.9353,12.9134],[92.9321,12.9165],[92.9316,12.9187],[92.9361,12.918],[92.9369,12.9149],[92.9353,12.9134]]],[[[92.9193,13.526],[92.9175,13.5264],[92.9192,13.5344],[92.9256,13.5331],[92.9264,13.5313],[92.9301,13.5313],[92.9298,13.5282],[92.9193,13.526]]],[[[92.9291,12.4794],[92.928,12.4806],[92.9242,12.4803],[92.9245,12.4839],[92.9265,12.4872],[92.9295,12.4863],[92.9279,12.4821],[92.9291,12.4794]]],[[[92.9232,13.0231],[92.9226,13.0277],[92.9245,13.0277],[92.9251,13.0244],[92.9232,13.0231]]],[[[92.9085,12.8999],[92.8982,12.9268],[92.9022,12.9116],[92.9217,12.9118],[92.9085,12.8999]]],[[[92.9159,13.507],[92.9144,13.5076],[92.9154,13.5133],[92.918,13.5152],[92.9198,13.5144],[92.9175,13.508],[92.9159,13.507]]],[[[92.9113,12.3379],[92.9087,12.341],[92.9104,12.344],[92.9101,12.3504],[92.9137,12.3552],[92.916,12.3552],[92.9185,12.353],[92.918,12.3489],[92.915,12.344],[92.9126,12.3421],[92.9113,12.3379]]],[[[92.8781,12.211],[92.8718,12.2466],[92.8807,12.2343],[92.888,12.2515],[92.9045,12.2399],[92.9043,12.2502],[92.9133,12.2272],[92.8912,12.2343],[92.8781,12.211]]],[[[92.908,13.5304],[92.9055,13.531],[92.9052,13.5344],[92.9075,13.5379],[92.9126,13.537],[92.9127,13.5336],[92.908,13.5304]]],[[[92.8882,13.5732],[92.8833,13.5924],[92.9022,13.6037],[92.8882,13.5732]]],[[[92.8979,13.0136],[92.8992,13.0181],[92.9015,13.0161],[92.8979,13.0136]]],[[[92.8953,12.3223],[92.8916,12.3236],[92.8958,12.3266],[92.8953,12.3223]]],[[[92.8901,12.9339],[92.8893,12.937],[92.8919,12.9384],[92.8932,12.9365],[92.8901,12.9339]]],[[[92.8823,12.3772],[92.8447,12.403],[92.8883,12.4048],[92.8823,12.3772]]],[[[92.8759,12.4147],[92.8633,12.4341],[92.8853,12.4341],[92.8759,12.4147]]],[[[92.8849,12.2829],[92.8791,12.2846],[92.8778,12.2865],[92.8822,12.2887],[92.8858,12.2875],[92.8849,12.2829]]],[[[92.861,12.315],[92.8649,12.3295],[92.8846,12.329],[92.861,12.315]]],[[[92.8838,12.9224],[92.8809,12.9262],[92.8785,12.9263],[92.8764,12.9295],[92.8822,12.9282],[92.884,12.9257],[92.8838,12.9224]]],[[[92.7866,12.2828],[92.7742,12.3071],[92.7944,12.2965],[92.8167,12.3104],[92.8526,12.2726],[92.8644,12.3016],[92.8613,12.2832],[92.8783,12.2815],[92.8818,12.2613],[92.8739,12.2512],[92.8573,12.2712],[92.8716,12.2185],[92.861,12.2017],[92.8346,12.2031],[92.8506,12.2252],[92.8314,12.2298],[92.8267,12.2035],[92.8478,12.1947],[92.832,12.1884],[92.8512,12.1721],[92.8286,12.1637],[92.8225,12.1869],[92.8216,12.163],[92.8087,12.164],[92.8142,12.1809],[92.7987,12.1722],[92.7982,12.1577],[92.8249,12.1523],[92.8016,12.1323],[92.8116,12.1076],[92.7951,12.1202],[92.7823,12.1073],[92.7928,12.0847],[92.7675,12.0692],[92.7702,12.1068],[92.7509,12.0857],[92.7414,12.1021],[92.766,12.1529],[92.7766,12.2411],[92.7518,12.2349],[92.7443,12.2511],[92.7513,12.272],[92.7664,12.2571],[92.7727,12.273],[92.7905,12.2705],[92.7866,12.2828]]],[[[92.8755,12.1933],[92.8718,12.1959],[92.8692,12.2003],[92.8647,12.204],[92.8671,12.2076],[92.8697,12.2087],[92.8734,12.2087],[92.8739,12.2046],[92.8773,12.2017],[92.8804,12.2004],[92.8819,12.1986],[92.8799,12.1945],[92.8755,12.1933]]],[[[92.8758,13.5348],[92.8741,13.5364],[92.8745,13.5411],[92.8772,13.5406],[92.8789,13.537],[92.8758,13.5348]]],[[[92.8693,12.9001],[92.8683,12.9068],[92.8709,12.9083],[92.8751,12.9074],[92.8759,12.9053],[92.8704,12.903],[92.8693,12.9001]]],[[[92.8661,13.5005],[92.8641,13.5009],[92.8641,13.5055],[92.8661,13.5125],[92.8695,13.5149],[92.874,13.514],[92.8751,13.5117],[92.8734,13.5104],[92.8749,13.5058],[92.8722,13.5013],[92.8661,13.5005]]],[[[92.8738,13.4135],[92.8714,13.4184],[92.8737,13.42],[92.875,13.4151],[92.8738,13.4135]]],[[[92.8735,12.916],[92.8712,12.916],[92.8675,12.919],[92.8649,12.9179],[92.8642,12.9221],[92.8603,12.9269],[92.862,12.9321],[92.8709,12.9303],[92.8718,12.9213],[92.8735,12.916]]],[[[92.8657,13.4005],[92.8641,13.4009],[92.8654,13.4066],[92.8685,13.4109],[92.87,13.4068],[92.8685,13.4015],[92.8657,13.4005]]],[[[92.8668,12.2361],[92.8642,12.2375],[92.8619,12.2427],[92.8626,12.2484],[92.8647,12.2504],[92.8686,12.2494],[92.8694,12.2478],[92.8672,12.2414],[92.8668,12.2361]]],[[[92.8633,12.4128],[92.8607,12.4136],[92.8594,12.4172],[92.8617,12.4186],[92.8657,12.419],[92.8668,12.4164],[92.8633,12.4128]]],[[[92.8631,12.2508],[92.8613,12.2538],[92.8644,12.2543],[92.8631,12.2508]]],[[[92.8566,8.8199],[92.8535,8.8207],[92.8526,8.823],[92.8533,8.8256],[92.8531,8.831],[92.8568,8.8366],[92.8602,8.8374],[92.8624,8.8343],[92.8633,8.8298],[92.8623,8.8235],[92.86,8.8209],[92.8566,8.8199]]],[[[92.8578,12.423],[92.8536,12.424],[92.854,12.4301],[92.8552,12.4319],[92.8578,12.4319],[92.858,12.427],[92.8599,12.4236],[92.8578,12.423]]],[[[92.8559,13.3942],[92.8535,13.3946],[92.8503,13.4009],[92.8528,13.4037],[92.8564,13.4017],[92.8559,13.3942]]],[[[92.8494,13.2303],[92.8477,13.2357],[92.8509,13.2352],[92.8494,13.2303]]],[[[92.8488,12.4666],[92.8462,12.4674],[92.8465,12.4721],[92.8499,12.4713],[92.8502,12.4679],[92.8488,12.4666]]],[[[92.8314,13.4185],[92.8221,13.4354],[92.8431,13.4462],[92.8314,13.4185]]],[[[92.8328,12.4969],[92.8284,12.4992],[92.8247,12.5],[92.8244,12.503],[92.8318,12.5017],[92.8328,12.4969]]],[[[92.7205,9.1884],[92.7239,9.2178],[92.7718,9.2207],[92.7781,9.2565],[92.8213,9.2076],[92.8292,9.1395],[92.8025,9.12],[92.7735,9.1251],[92.7941,9.1282],[92.7792,9.1394],[92.7309,9.1248],[92.7205,9.1884]]],[[[92.8279,13.1694],[92.8261,13.1705],[92.8263,13.1736],[92.8286,13.1733],[92.8279,13.1694]]],[[[92.8154,13.075],[92.8136,13.0779],[92.8172,13.0875],[92.8227,13.0867],[92.8223,13.0841],[92.8184,13.0774],[92.8154,13.075]]],[[[92.8195,12.4166],[92.8187,12.4205],[92.8213,12.4217],[92.8206,12.4169],[92.8195,12.4166]]],[[[92.8114,13.3994],[92.8085,13.4002],[92.806,13.4039],[92.8064,13.406],[92.8108,13.4094],[92.8118,13.4145],[92.8105,13.4158],[92.8101,13.4197],[92.814,13.4204],[92.8161,13.4175],[92.819,13.4166],[92.8166,13.406],[92.8167,13.402],[92.8114,13.3994]]],[[[92.8147,13.2686],[92.8122,13.2712],[92.8126,13.2738],[92.8157,13.2738],[92.8147,13.2686]]],[[[92.8138,13.0858],[92.8056,13.0861],[92.8072,13.0906],[92.8081,13.0975],[92.8077,13.0998],[92.8122,13.1001],[92.8144,13.0957],[92.8132,13.0924],[92.8138,13.0858]]],[[[92.808,13.4182],[92.8063,13.4191],[92.8063,13.4264],[92.8075,13.4289],[92.8097,13.4274],[92.8097,13.4235],[92.808,13.4182]]],[[[92.7951,13.0859],[92.7954,13.0902],[92.8009,13.0924],[92.8011,13.089],[92.7979,13.089],[92.798,13.0862],[92.7951,13.0859]]],[[[92.7942,13.1667],[92.792,13.1679],[92.7913,13.1717],[92.7942,13.1734],[92.7971,13.1704],[92.7974,13.1679],[92.7942,13.1667]]],[[[92.7883,12.787],[92.786,12.789],[92.7851,12.7939],[92.7867,12.7942],[92.7863,12.8006],[92.7868,12.8104],[92.7893,12.812],[92.7906,12.8063],[92.7928,12.8047],[92.7928,12.7998],[92.7906,12.7998],[92.791,12.7955],[92.7906,12.7895],[92.7883,12.787]]],[[[92.7916,12.8939],[92.7884,12.8946],[92.7892,12.8969],[92.7921,12.8962],[92.7916,12.8939]]],[[[92.785,12.8839],[92.7862,12.8867],[92.7827,12.8906],[92.7882,12.8924],[92.7892,12.887],[92.7866,12.8864],[92.785,12.8839]]],[[[92.7405,12.117],[92.7039,12.0428],[92.7138,12.0488],[92.7056,12.024],[92.7302,12.0485],[92.7161,12.0218],[92.7507,12.0027],[92.717,11.9946],[92.733,11.9686],[92.7112,11.9717],[92.7166,11.9421],[92.7026,11.9294],[92.7148,11.9019],[92.7047,11.9131],[92.6971,11.9033],[92.722,11.8771],[92.703,11.874],[92.7033,11.8513],[92.7183,11.8693],[92.7242,11.8501],[92.7056,11.8156],[92.7058,11.8381],[92.6857,11.8186],[92.6581,11.8304],[92.6846,11.8165],[92.6679,11.782],[92.6799,11.7701],[92.686,11.805],[92.7009,11.8124],[92.7095,11.791],[92.7427,11.8807],[92.7315,11.8818],[92.7379,11.9171],[92.7628,11.9393],[92.7871,11.9264],[92.7558,11.7027],[92.743,11.713],[92.7397,11.6907],[92.6704,11.718],[92.6858,11.7129],[92.6822,11.6951],[92.6994,11.699],[92.7066,11.6717],[92.6642,11.6521],[92.6747,11.6246],[92.6843,11.6353],[92.6786,11.6138],[92.7,11.6157],[92.6948,11.6534],[92.7128,11.6433],[92.7299,11.6586],[92.7165,11.6653],[92.7217,11.6851],[92.7567,11.6655],[92.7114,11.4799],[92.7007,11.5067],[92.667,11.5042],[92.6463,11.5235],[92.6542,11.5554],[92.6344,11.5887],[92.6178,11.5626],[92.609,11.6211],[92.6407,11.6118],[92.6482,11.646],[92.6341,11.661],[92.6258,11.6287],[92.5996,11.6502],[92.5931,11.7032],[92.6097,11.6986],[92.6111,11.7151],[92.5903,11.7146],[92.5888,11.7731],[92.5882,11.7221],[92.5783,11.7409],[92.561,11.6957],[92.5496,11.855],[92.5362,11.8595],[92.5435,11.8393],[92.5253,11.8272],[92.5139,11.8472],[92.5335,11.9168],[92.563,11.9468],[92.5793,11.9272],[92.5688,11.9182],[92.5806,11.9156],[92.5859,11.8639],[92.6005,11.8971],[92.6153,11.8311],[92.6197,12.0721],[92.663,12.2167],[92.658,12.1812],[92.6742,12.218],[92.6781,12.1894],[92.6938,12.2389],[92.7047,12.2302],[92.6916,12.1732],[92.7041,12.1812],[92.701,12.1573],[92.7116,12.1712],[92.7052,12.14],[92.7178,12.1745],[92.7574,12.1772],[92.7405,12.117]]],[[[92.774,12.8442],[92.773,12.8453],[92.7702,12.8534],[92.7723,12.857],[92.7736,12.8519],[92.7749,12.8521],[92.7765,12.8573],[92.776,12.8594],[92.7769,12.863],[92.7794,12.8609],[92.7804,12.8571],[92.7794,12.8537],[92.7793,12.8497],[92.7736,12.8475],[92.774,12.8442]]],[[[92.7784,12.0243],[92.7593,12.0246],[92.7428,12.0475],[92.7326,12.0387],[92.7315,12.0534],[92.7614,12.0547],[92.7784,12.0243]]],[[[92.7608,12.6225],[92.7338,12.6356],[92.7445,12.6675],[92.7741,12.6663],[92.7608,12.6225]]],[[[92.7747,12.013],[92.7717,12.014],[92.7711,12.0179],[92.7764,12.0174],[92.7747,12.013]]],[[[92.7706,12.2978],[92.7683,12.3011],[92.7711,12.3027],[92.7706,12.2978]]],[[[92.7651,12.3038],[92.7651,12.3107],[92.7662,12.3125],[92.7669,12.3228],[92.7688,12.321],[92.7694,12.3161],[92.7651,12.3038]]],[[[92.7656,11.9982],[92.764,11.9992],[92.7593,11.9998],[92.7627,12.0083],[92.7614,12.0104],[92.7666,12.0114],[92.7655,12.0063],[92.7664,12.0019],[92.7683,11.9988],[92.7656,11.9982]]],[[[92.7468,12.1805],[92.7468,12.2295],[92.7619,12.2282],[92.7657,12.1844],[92.7468,12.1805]]],[[[92.7646,12.2688],[92.7537,12.2777],[92.7627,12.2938],[92.7646,12.2688]]],[[[92.7473,11.9456],[92.7389,11.9583],[92.7659,11.9658],[92.7473,11.9456]]],[[[92.7622,11.6703],[92.7613,11.6756],[92.7601,11.6777],[92.7666,11.6795],[92.7622,11.6703]]],[[[92.7629,12.9264],[92.7612,12.9289],[92.7619,12.9325],[92.765,12.9315],[92.7642,12.9274],[92.7629,12.9264]]],[[[92.7625,12.8457],[92.7606,12.8458],[92.7601,12.8557],[92.7629,12.8514],[92.7625,12.8457]]],[[[92.7586,12.1666],[92.7594,12.1715],[92.7618,12.1717],[92.7586,12.1666]]],[[[92.7566,12.9008],[92.7543,12.9068],[92.7578,12.907],[92.7566,12.9008]]],[[[92.7556,12.8921],[92.7548,12.8962],[92.7568,12.8965],[92.7556,12.8921]]],[[[92.7491,11.9783],[92.7473,11.9783],[92.746,11.9833],[92.7465,11.9872],[92.7481,11.9893],[92.753,11.9893],[92.7554,11.9885],[92.7553,11.9831],[92.7491,11.9783]]],[[[92.7352,12.2483],[92.7348,12.2542],[92.7368,12.2645],[92.739,12.2658],[92.7394,12.2694],[92.7411,12.2735],[92.7442,12.2784],[92.7458,12.282],[92.7465,12.2875],[92.7496,12.2876],[92.7487,12.282],[92.7477,12.2805],[92.7469,12.2753],[92.7453,12.2715],[92.7456,12.2684],[92.7433,12.2637],[92.7413,12.2546],[92.7371,12.253],[92.7352,12.2483]]],[[[92.7434,12.2247],[92.7389,12.2277],[92.7391,12.2315],[92.7423,12.2326],[92.7448,12.2269],[92.7434,12.2247]]],[[[92.7363,11.9773],[92.7346,11.9776],[92.7339,11.9807],[92.7373,11.982],[92.7381,11.9856],[92.7439,11.9849],[92.741,11.9802],[92.7381,11.98],[92.7363,11.9773]]],[[[92.7384,12.1844],[92.7225,12.1952],[92.7313,12.2413],[92.7384,12.1844]]],[[[92.7373,12.7945],[92.7344,12.7952],[92.7339,12.8001],[92.738,12.7995],[92.7387,12.7959],[92.7373,12.7945]]],[[[92.7244,12.7995],[92.7236,12.8052],[92.7252,12.8057],[92.7248,12.8134],[92.7222,12.8152],[92.7236,12.8183],[92.726,12.8204],[92.7273,12.8235],[92.7304,12.8235],[92.7316,12.8271],[92.7345,12.8184],[92.7354,12.8168],[92.7355,12.8055],[92.7328,12.8048],[92.7297,12.8007],[92.7257,12.8009],[92.7244,12.7995]]],[[[92.7303,11.142],[92.7273,11.1451],[92.7303,11.149],[92.7326,11.1495],[92.7347,11.1457],[92.7324,11.1428],[92.7303,11.142]]],[[[92.7306,11.9533],[92.7265,11.9555],[92.7303,11.9574],[92.7324,11.9557],[92.7306,11.9533]]],[[[92.7283,13.0893],[92.7275,13.0928],[92.7296,13.0965],[92.7317,13.0964],[92.7283,13.0893]]],[[[92.7277,12.7267],[92.7265,12.7281],[92.7253,12.7338],[92.7279,12.7338],[92.7296,12.7302],[92.7277,12.7267]]],[[[92.7149,12.8328],[92.714,12.8371],[92.7097,12.8371],[92.7105,12.8405],[92.7123,12.8415],[92.7157,12.8384],[92.7189,12.84],[92.7191,12.8436],[92.7157,12.8419],[92.7143,12.8446],[92.7173,12.857],[92.7217,12.8557],[92.7228,12.8582],[92.7257,12.8573],[92.7233,12.8516],[92.7198,12.8382],[92.7173,12.8335],[92.7149,12.8328]]],[[[92.7207,11.9025],[92.7186,11.9026],[92.7166,11.9129],[92.7166,11.9235],[92.7183,11.9346],[92.7217,11.9343],[92.724,11.9318],[92.7252,11.9276],[92.7255,11.9235],[92.7239,11.9189],[92.7255,11.9099],[92.7241,11.9061],[92.7209,11.9055],[92.7207,11.9025]]],[[[92.7128,12.7258],[92.6949,12.7954],[92.714,12.8255],[92.7253,12.7475],[92.7161,12.7588],[92.7128,12.7258]]],[[[92.7152,11.3089],[92.7125,11.3103],[92.7154,11.3155],[92.7147,11.3199],[92.716,11.3227],[92.7178,11.323],[92.7188,11.3261],[92.7182,11.3292],[92.7194,11.3315],[92.7233,11.3333],[92.7244,11.3299],[92.7227,11.3243],[92.7241,11.3178],[92.7223,11.3155],[92.7175,11.3163],[92.7162,11.3101],[92.7152,11.3089]]],[[[92.7229,12.7674],[92.7195,12.7694],[92.7191,12.7719],[92.7222,12.7758],[92.7238,12.7691],[92.7229,12.7674]]],[[[92.7111,12.2305],[92.7058,12.2977],[92.7238,12.2908],[92.7111,12.2305]]],[[[92.6825,12.9397],[92.6717,12.9551],[92.6845,12.9848],[92.7182,12.981],[92.7229,12.9026],[92.7191,12.8812],[92.6977,12.874],[92.7195,12.8748],[92.7009,12.8431],[92.6677,12.8394],[92.6724,12.818],[92.6852,12.8188],[92.669,12.783],[92.6492,12.8608],[92.6825,12.9397]]],[[[92.7047,13.0702],[92.6952,13.0959],[92.7196,13.0982],[92.7047,13.0702]]],[[[92.7156,12.9825],[92.7137,12.9856],[92.7107,12.9861],[92.7121,12.9904],[92.7138,12.9889],[92.7179,12.9826],[92.7156,12.9825]]],[[[92.71,11.3017],[92.7061,11.3041],[92.704,11.308],[92.6985,11.309],[92.7009,11.3116],[92.7024,11.309],[92.7077,11.3079],[92.7112,11.3085],[92.7119,11.3035],[92.71,11.3017]]],[[[92.6882,11.2425],[92.6887,11.2474],[92.6919,11.2523],[92.6928,11.2564],[92.6949,11.2572],[92.6964,11.2606],[92.6956,11.2662],[92.6935,11.2709],[92.6943,11.2753],[92.6935,11.2812],[92.6946,11.2848],[92.6978,11.2857],[92.7025,11.2888],[92.7063,11.2895],[92.7073,11.2871],[92.7061,11.2789],[92.7063,11.274],[92.7054,11.2717],[92.7058,11.2637],[92.7025,11.2602],[92.6994,11.2585],[92.6985,11.2559],[92.6945,11.2521],[92.6948,11.2479],[92.6931,11.2433],[92.6882,11.2425]]],[[[92.6978,13.1009],[92.6949,13.1035],[92.6994,13.1058],[92.7015,13.1049],[92.7018,13.1014],[92.6978,13.1009]]],[[[92.7008,11.66],[92.6937,11.6602],[92.6928,11.6614],[92.6974,11.6646],[92.7016,11.6639],[92.7008,11.66]]],[[[92.6993,12.2446],[92.6958,12.2475],[92.697,12.2505],[92.6995,12.2475],[92.6993,12.2446]]],[[[92.6926,12.6016],[92.69,12.6025],[92.6858,12.6018],[92.6848,12.6034],[92.685,12.6085],[92.6861,12.6121],[92.6897,12.6085],[92.6945,12.6066],[92.6945,12.6025],[92.6926,12.6016]]],[[[92.6242,11.4289],[92.6168,11.486],[92.6322,11.5146],[92.6327,11.5023],[92.6454,11.5116],[92.6432,11.4976],[92.6691,11.4899],[92.6856,11.4345],[92.6462,11.4135],[92.6464,11.3984],[92.6756,11.3987],[92.6908,11.3706],[92.6387,11.3466],[92.5945,11.3492],[92.5813,11.3677],[92.5869,11.4009],[92.6195,11.4022],[92.6242,11.4289]]],[[[92.6872,11.6346],[92.6869,11.6407],[92.6899,11.6361],[92.6872,11.6346]]],[[[92.6822,12.5347],[92.6799,12.5384],[92.6825,12.5412],[92.6838,12.5384],[92.6822,12.5347]]],[[[92.6826,12.215],[92.6802,12.2186],[92.6814,12.2224],[92.6829,12.2224],[92.6826,12.215]]],[[[92.6778,11.1773],[92.6767,11.1778],[92.6748,11.184],[92.6737,11.185],[92.6749,11.1899],[92.6767,11.1894],[92.6765,11.1835],[92.6809,11.1819],[92.6778,11.1773]]],[[[92.678,12.5219],[92.6733,12.525],[92.6698,12.5296],[92.6684,12.5338],[92.672,12.5415],[92.6749,12.5387],[92.6732,12.534],[92.6759,12.534],[92.6791,12.5304],[92.6792,12.5229],[92.678,12.5219]]],[[[92.6617,12.947],[92.6592,12.9482],[92.659,12.9515],[92.6603,12.9541],[92.6608,12.959],[92.6628,12.9608],[92.6626,12.9644],[92.6664,12.9711],[92.6735,12.977],[92.6729,12.9745],[92.6704,12.9706],[92.6683,12.9698],[92.6653,12.9654],[92.6608,12.9543],[92.6608,12.9494],[92.6617,12.947]]],[[[92.6629,10.9823],[92.6593,10.985],[92.6593,10.9894],[92.6623,10.9929],[92.6668,10.9926],[92.6698,10.9891],[92.6689,10.9854],[92.6629,10.9823]]],[[[92.6615,12.939],[92.6599,12.9409],[92.6599,12.9436],[92.6636,12.9438],[92.6635,12.9415],[92.6615,12.939]]],[[[92.6284,11.6144],[92.6268,11.6149],[92.6266,11.6188],[92.6254,11.6208],[92.6292,11.6257],[92.6293,11.6195],[92.6284,11.6144]]],[[[92.617,10.9281],[92.6126,10.9286],[92.6097,10.9307],[92.6062,10.9352],[92.6063,10.9378],[92.6094,10.9387],[92.6149,10.9356],[92.6173,10.9357],[92.6208,10.9298],[92.617,10.9281]]],[[[92.611,11.5314],[92.6072,11.537],[92.6055,11.5463],[92.6073,11.5509],[92.6111,11.5445],[92.6127,11.5448],[92.6101,11.5494],[92.6111,11.5589],[92.6172,11.5556],[92.6179,11.5582],[92.62,11.5579],[92.6202,11.5523],[92.6195,11.5499],[92.6195,11.5435],[92.6179,11.5399],[92.6177,11.5365],[92.6136,11.5345],[92.6107,11.535],[92.611,11.5314]]],[[[92.6151,11.5623],[92.6006,11.569],[92.606,11.5879],[92.6151,11.5623]]],[[[92.5992,11.9277],[92.5966,11.9298],[92.5973,11.9381],[92.5983,11.9414],[92.5964,11.9468],[92.5963,11.9499],[92.5978,11.9513],[92.5961,11.9569],[92.5964,11.9607],[92.5943,11.9679],[92.5919,11.9705],[92.5889,11.9721],[92.5886,11.9762],[92.5928,11.9773],[92.596,11.977],[92.5973,11.9739],[92.6011,11.9708],[92.6014,11.9685],[92.6035,11.9656],[92.6027,11.9633],[92.6033,11.9593],[92.6028,11.9564],[92.6039,11.9512],[92.6049,11.9499],[92.6047,11.943],[92.6074,11.9419],[92.6072,11.9386],[92.6022,11.9357],[92.6009,11.9339],[92.6019,11.9316],[92.5992,11.9277]]],[[[92.606,11.5216],[92.6019,11.5241],[92.602,11.5288],[92.6009,11.5295],[92.6012,11.5352],[92.6035,11.5373],[92.6067,11.5329],[92.607,11.5234],[92.606,11.5216]]],[[[92.5971,11.9056],[92.5959,11.9069],[92.5957,11.9141],[92.5969,11.9169],[92.6,11.9128],[92.5979,11.912],[92.5971,11.9056]]],[[[92.4577,10.8569],[92.4981,10.8968],[92.5076,10.8733],[92.4745,10.8587],[92.5123,10.8564],[92.5198,10.8724],[92.5423,10.8539],[92.5391,10.8852],[92.5599,10.8596],[92.5645,10.8073],[92.545,10.8146],[92.5429,10.8],[92.582,10.7784],[92.5648,10.8027],[92.5872,10.7901],[92.5962,10.6772],[92.5775,10.6742],[92.577,10.6518],[92.5458,10.6279],[92.541,10.6003],[92.5684,10.5758],[92.5136,10.5117],[92.4305,10.5474],[92.3982,10.5285],[92.3798,10.5358],[92.4195,10.6125],[92.4012,10.657],[92.381,10.6663],[92.3715,10.7763],[92.3823,10.7944],[92.395,10.7833],[92.3927,10.7451],[92.4119,10.7266],[92.41,10.7511],[92.4283,10.7519],[92.4301,10.7733],[92.3977,10.781],[92.4175,10.7934],[92.4245,10.8248],[92.456,10.8386],[92.4577,10.8569]]],[[[92.5951,11.5331],[92.593,11.5366],[92.5903,11.5366],[92.5865,11.5416],[92.5851,11.5485],[92.5851,11.5527],[92.5884,11.5566],[92.5894,11.5617],[92.5881,11.5661],[92.5881,11.5702],[92.5898,11.5749],[92.5932,11.578],[92.5949,11.5718],[92.5929,11.5648],[92.5966,11.5648],[92.5975,11.5499],[92.5975,11.5435],[92.5957,11.5334],[92.5951,11.5331]]],[[[92.5841,11.5349],[92.5837,11.5406],[92.5859,11.5416],[92.5841,11.5349]]],[[[92.5829,11.9763],[92.5817,11.98],[92.5842,11.9826],[92.5852,11.977],[92.5829,11.9763]]],[[[92.5744,11.5626],[92.5727,11.5643],[92.5738,11.5674],[92.5759,11.5677],[92.5744,11.5626]]],[[[92.5685,11.9448],[92.5636,11.9481],[92.5641,11.9501],[92.5679,11.9496],[92.5697,11.9468],[92.5685,11.9448]]],[[[92.5307,11.5547],[92.5364,11.6057],[92.5409,11.5807],[92.5691,11.5902],[92.5542,11.5621],[92.5307,11.5547]]],[[[92.5616,11.5171],[92.561,11.5207],[92.5619,11.522],[92.5663,11.5212],[92.567,11.5225],[92.564,11.5264],[92.5615,11.5246],[92.5608,11.5219],[92.5574,11.5236],[92.5539,11.5305],[92.5528,11.531],[92.5521,11.5362],[92.5544,11.5382],[92.5548,11.5333],[92.5574,11.5341],[92.5571,11.5403],[92.5592,11.5416],[92.5616,11.5316],[92.5658,11.5303],[92.5691,11.5267],[92.5671,11.5176],[92.5616,11.5171]]],[[[92.5566,11.3906],[92.5565,11.3947],[92.5584,11.3971],[92.5631,11.3975],[92.5636,11.395],[92.5566,11.3906]]],[[[92.5485,11.3935],[92.5464,11.3939],[92.5472,11.3971],[92.5506,11.3976],[92.5514,11.3952],[92.5485,11.3935]]],[[[92.5415,11.8199],[92.5434,11.8253],[92.5451,11.8233],[92.5449,11.821],[92.5415,11.8199]]],[[[92.5274,10.8712],[92.5219,10.8923],[92.5034,10.8977],[92.5294,10.8918],[92.5274,10.8712]]],[[[92.5094,10.8617],[92.506,10.8626],[92.5047,10.8655],[92.5102,10.8673],[92.5123,10.8706],[92.518,10.8686],[92.517,10.8656],[92.5141,10.8653],[92.5094,10.8617]]],[[[92.5077,11.844],[92.5064,11.8505],[92.5082,11.8508],[92.5077,11.844]]],[[[92.469,10.8716],[92.4677,10.8716],[92.4658,10.8752],[92.4703,10.8769],[92.4713,10.8752],[92.469,10.8716]]],[[[92.2048,11.5414],[92.2036,11.5915],[92.2721,11.5859],[92.276,11.5177],[92.2303,11.5163],[92.2048,11.5414]]],[[[92.2202,10.9704],[92.2129,10.9795],[92.2291,10.9827],[92.2202,10.9704]]],[[[92.2011,11.5645],[92.1986,11.5653],[92.1993,11.5707],[92.205,11.5702],[92.2053,11.5689],[92.2011,11.5645]]],[[[89.0938,21.6601],[89.0921,21.6619],[89.0919,21.665],[89.0878,21.6686],[89.0836,21.6777],[89.0856,21.6795],[89.0882,21.6782],[89.0876,21.6743],[89.0881,21.6704],[89.0919,21.6671],[89.0938,21.6601]]],[[[89.0785,21.6812],[89.0746,21.6873],[89.0717,21.6903],[89.0758,21.6904],[89.0798,21.6814],[89.0785,21.6812]]],[[[89.0027,22.2978],[88.9937,22.2862],[89.0179,22.2681],[89.0151,22.2509],[89.0323,22.2572],[89.0358,22.2274],[89.0684,22.1948],[89.0635,22.1798],[89.0313,22.2147],[88.9686,22.2145],[88.9482,22.2569],[88.9663,22.4065],[88.9894,22.391],[88.9832,22.3255],[89.0227,22.2973],[89.0027,22.2978]]],[[[88.9323,22.1772],[88.9081,22.1959],[88.9184,22.2297],[88.9539,22.2221],[88.9612,22.1991],[88.9323,22.1772]]],[[[88.8891,22.263],[88.8854,22.2368],[88.9139,22.2169],[88.9045,22.1967],[88.9192,22.1654],[88.8964,22.1779],[88.8725,22.1703],[88.8687,22.1953],[88.8858,22.2049],[88.8534,22.2056],[88.8454,22.1898],[88.8363,22.208],[88.8184,22.1964],[88.806,22.2096],[88.8,22.2267],[88.8295,22.2531],[88.8046,22.2936],[88.8183,22.3593],[88.8695,22.3581],[88.9364,22.3005],[88.9286,22.2582],[88.9526,22.2243],[88.9031,22.223],[88.886,22.2389],[88.8891,22.263]]],[[[88.8775,22.0862],[88.8308,22.1268],[88.86,22.1416],[88.8488,22.1693],[88.8863,22.165],[88.9232,22.1082],[88.9082,22.0871],[88.8775,22.0862]]],[[[88.9163,22.4221],[88.9127,22.4239],[88.9161,22.4297],[88.9185,22.4271],[88.9163,22.4221]]],[[[88.8988,22.3369],[88.8612,22.3694],[88.8611,22.4098],[88.881,22.4031],[88.8753,22.3852],[88.8985,22.3625],[88.8988,22.3369]]],[[[88.7988,22.1407],[88.8083,22.1794],[88.8391,22.1676],[88.8274,22.2081],[88.844,22.1893],[88.8593,22.2036],[88.8683,22.1706],[88.8443,22.1701],[88.847,22.1437],[88.7795,22.1123],[88.7988,22.1407]]],[[[88.8152,22.2641],[88.826,22.2655],[88.8263,22.2413],[88.7986,22.2252],[88.8347,22.1688],[88.808,22.1832],[88.7935,22.1701],[88.7467,22.1982],[88.7536,22.2324],[88.7916,22.2579],[88.7946,22.2763],[88.8143,22.2834],[88.8152,22.2641]]],[[[88.8313,21.5821],[88.8305,21.5821],[88.8291,21.5904],[88.8304,21.5968],[88.8322,21.5965],[88.8313,21.5906],[88.8313,21.5821]]],[[[88.7064,22.0653],[88.7463,22.1331],[88.7946,22.1624],[88.7968,22.1395],[88.739,22.0567],[88.7064,22.0653]]],[[[88.7968,21.5943],[88.795,21.5974],[88.7908,21.5998],[88.7944,21.6009],[88.7968,21.5943]]],[[[88.6454,22.1346],[88.6536,22.1625],[88.6871,22.18],[88.6845,22.2076],[88.7659,22.1926],[88.7887,22.1697],[88.7667,22.1468],[88.7332,22.1415],[88.7239,22.1145],[88.6843,22.0846],[88.6855,22.0604],[88.7319,22.0367],[88.7338,22.0119],[88.6649,22.0236],[88.6356,22.1018],[88.6454,22.1346]]],[[[88.7171,21.6309],[88.7187,21.6358],[88.719,21.642],[88.7208,21.642],[88.7196,21.6345],[88.7171,21.6309]]],[[[88.7096,21.6001],[88.7079,21.6048],[88.7086,21.6107],[88.7105,21.6086],[88.7096,21.6001]]],[[[88.5877,21.6006],[88.5881,21.6065],[88.5869,21.6083],[88.588,21.6109],[88.5906,21.609],[88.5908,21.6026],[88.5877,21.6006]]],[[[88.5234,21.9394],[88.4968,21.9703],[88.5419,21.9802],[88.5551,22.0041],[88.5836,21.9875],[88.5756,21.9595],[88.5428,21.9709],[88.5495,21.9191],[88.5702,21.9035],[88.5395,21.9027],[88.5473,21.8818],[88.5287,21.8533],[88.4961,21.8769],[88.5236,21.9132],[88.5234,21.9394]]],[[[88.5296,21.5499],[88.5274,21.5594],[88.5271,21.5635],[88.5304,21.57],[88.5316,21.5687],[88.5291,21.5653],[88.529,21.5553],[88.5296,21.5499]]],[[[88.4727,21.7995],[88.4511,21.8142],[88.4885,21.8342],[88.4987,21.8104],[88.4727,21.7995]]],[[[88.3967,21.8221],[88.3996,21.8715],[88.4186,21.901],[88.452,21.9048],[88.4772,21.8891],[88.4899,21.8471],[88.4493,21.828],[88.4605,21.792],[88.4246,21.8122],[88.4032,21.7977],[88.3967,21.8221]]],[[[88.432,21.7039],[88.4232,21.7681],[88.4443,21.7967],[88.4696,21.7933],[88.4531,21.7117],[88.432,21.7039]]],[[[88.4167,21.7275],[88.3827,21.7777],[88.4213,21.8114],[88.4413,21.8004],[88.4167,21.7275]]],[[[88.3886,21.6425],[88.3827,21.6822],[88.4061,21.7152],[88.3706,21.7279],[88.3942,21.7542],[88.428,21.7029],[88.4142,21.6971],[88.4108,21.6578],[88.4298,21.6285],[88.3979,21.6041],[88.3886,21.6425]]],[[[88.3638,21.6869],[88.3405,21.7129],[88.3477,21.7595],[88.3706,21.7634],[88.3643,21.7228],[88.394,21.7133],[88.3638,21.6869]]],[[[88.3645,21.7316],[88.3809,21.7668],[88.3863,21.7429],[88.3645,21.7316]]],[[[88.2955,21.7806],[88.2658,21.8023],[88.3067,21.829],[88.3136,21.8565],[88.3525,21.8544],[88.3569,21.7957],[88.3792,21.7849],[88.3759,21.767],[88.3422,21.7592],[88.3445,21.7234],[88.3088,21.725],[88.2955,21.7806]]],[[[88.3371,21.6216],[88.3396,21.6244],[88.3421,21.6308],[88.3435,21.6292],[88.3379,21.6217],[88.3371,21.6216]]],[[[88.3177,21.6069],[88.3169,21.6097],[88.32,21.6101],[88.3241,21.6146],[88.326,21.6156],[88.3286,21.6142],[88.324,21.6118],[88.3177,21.6069]]],[[[88.2318,21.6579],[88.2,21.6893],[88.2209,21.7005],[88.2174,21.7615],[88.2724,21.7544],[88.2611,21.7303],[88.3035,21.6687],[88.2831,21.606],[88.2969,21.5771],[88.2776,21.5583],[88.2453,21.5664],[88.2385,21.5778],[88.2582,21.5941],[88.2189,21.615],[88.2318,21.6579]]],[[[88.2911,21.5645],[88.2942,21.5678],[88.2962,21.5665],[88.2911,21.5645]]],[[[88.2012,21.6172],[88.1815,21.6871],[88.2027,21.7199],[88.2135,21.6988],[88.1945,21.6839],[88.2262,21.67],[88.2315,21.6417],[88.211,21.6053],[88.2012,21.6172]]],[[[88.2278,21.4997],[88.2235,21.5016],[88.2187,21.5053],[88.2157,21.5105],[88.2164,21.5135],[88.22,21.5115],[88.2236,21.5045],[88.2278,21.4997]]],[[[88.1975,21.7592],[88.1949,21.7627],[88.1973,21.7663],[88.2007,21.7657],[88.2017,21.7626],[88.1975,21.7592]]],[[[88.1881,21.6928],[88.184,21.694],[88.1861,21.6969],[88.1881,21.6928]]],[[[88.1849,21.5638],[88.1797,21.5657],[88.1772,21.5674],[88.1738,21.5713],[88.1738,21.5741],[88.1767,21.5762],[88.1789,21.5745],[88.1839,21.573],[88.1857,21.5743],[88.1867,21.5648],[88.1849,21.5638]]],[[[88.1806,21.7867],[88.1801,21.7929],[88.1818,21.7937],[88.1844,21.7893],[88.1806,21.7867]]],[[[88.1507,22.039],[88.1495,22.0426],[88.1541,22.0491],[88.1686,22.0611],[88.178,22.0683],[88.1816,22.0699],[88.1816,22.0656],[88.1784,22.0612],[88.1753,22.0584],[88.1697,22.0517],[88.1666,22.0474],[88.1579,22.0401],[88.1507,22.039]]],[[[88.1668,21.9198],[88.1657,21.9198],[88.1621,21.9274],[88.1606,21.9372],[88.1623,21.9376],[88.1683,21.9342],[88.1716,21.9333],[88.1701,21.9253],[88.1668,21.9198]]],[[[88.065,21.7353],[88.1033,21.8334],[88.1363,21.8764],[88.1715,21.8123],[88.1681,21.7335],[88.1401,21.6798],[88.1431,21.635],[88.099,21.6281],[88.0453,21.6497],[88.0401,21.6811],[88.065,21.7353]]],[[[88.0498,21.9375],[88.0778,22.0029],[88.1462,22.0254],[88.08,21.9279],[88.0472,21.9138],[88.0498,21.9375]]],[[[88.1314,21.9],[88.1169,21.9177],[88.133,21.9271],[88.1432,21.915],[88.1314,21.9]]],[[[88.0266,21.5651],[88.0221,21.5659],[88.0187,21.5687],[88.015,21.5749],[88.0157,21.5824],[88.0191,21.5839],[88.0183,21.5798],[88.0198,21.5769],[88.0235,21.5736],[88.0247,21.5695],[88.0286,21.5681],[88.0266,21.5651]]],[[[87.9447,22.2858],[87.9433,22.2859],[87.9413,22.2916],[87.941,22.297],[87.9416,22.3006],[87.9413,22.314],[87.9426,22.3189],[87.9456,22.3212],[87.9458,22.3101],[87.9469,22.3021],[87.9468,22.2931],[87.9451,22.2893],[87.9447,22.2858]]],[[[87.8765,21.7691],[87.8829,21.7796],[87.8824,21.775],[87.8812,21.7744],[87.8765,21.7691]]],[[[87.4164,21.5683],[87.4161,21.5712],[87.4194,21.571],[87.4194,21.5734],[87.4217,21.5759],[87.425,21.5763],[87.4299,21.5813],[87.4316,21.5813],[87.4378,21.5862],[87.4379,21.5886],[87.4446,21.5938],[87.4479,21.5945],[87.4556,21.5999],[87.4614,21.6027],[87.4644,21.6029],[87.4636,21.6],[87.4586,21.5966],[87.4545,21.5945],[87.4503,21.5914],[87.4401,21.5863],[87.4303,21.5793],[87.43,21.5762],[87.4283,21.5742],[87.4225,21.5719],[87.4203,21.5699],[87.4164,21.5683]]],[[[87.1232,21.515],[87.12,21.5164],[87.1204,21.5204],[87.1235,21.5205],[87.1232,21.515]]],[[[87.0883,20.747],[87.0727,20.7558],[87.1026,20.7689],[87.0883,20.747]]],[[[87.0752,20.7282],[87.0722,20.7325],[87.0746,20.7336],[87.0759,20.7375],[87.076,20.7455],[87.0785,20.7447],[87.0781,20.7419],[87.0756,20.7352],[87.0763,20.7296],[87.0752,20.7282]]],[[[87.0744,21.4554],[87.0744,21.4621],[87.0758,21.4621],[87.0757,21.4559],[87.0744,21.4554]]],[[[87.0719,20.7331],[87.0675,20.7353],[87.0651,20.739],[87.0693,20.739],[87.0705,20.7483],[87.0716,20.7486],[87.0716,20.7403],[87.0704,20.7383],[87.0719,20.7331]]],[[[87.0593,20.7164],[87.0634,20.7236],[87.0656,20.7218],[87.0615,20.7173],[87.0593,20.7164]]],[[[87.0492,20.7426],[87.0525,20.7451],[87.0536,20.743],[87.0492,20.7426]]],[[[87.0139,20.7935],[87.0129,20.7947],[87.0148,20.7983],[87.0162,20.805],[87.0188,20.807],[87.0183,20.8159],[87.0199,20.8158],[87.02,20.8073],[87.0181,20.8014],[87.0148,20.7975],[87.0139,20.7935]]],[[[87.0158,20.8247],[87.0118,20.8289],[87.0084,20.8314],[87.0043,20.8325],[87.0002,20.8301],[86.9996,20.8328],[87.0021,20.8334],[87.0081,20.8324],[87.0141,20.8274],[87.0158,20.8247]]],[[[86.8072,20.7061],[86.834,20.7639],[86.8592,20.7752],[86.9744,20.7679],[86.9973,20.7269],[86.9925,20.7132],[86.9131,20.7098],[86.8576,20.6653],[86.8811,20.7184],[86.9131,20.7236],[86.931,20.7524],[86.8392,20.7481],[86.8236,20.7096],[86.8636,20.6795],[86.8461,20.6533],[86.822,20.676],[86.7973,20.673],[86.8214,20.6486],[86.8152,20.6375],[86.7754,20.6495],[86.8072,20.7061]]],[[[86.9222,20.6461],[86.9222,20.6479],[86.9271,20.6509],[86.9296,20.6502],[86.927,20.6471],[86.9222,20.6461]]],[[[86.9102,20.6694],[86.908,20.6733],[86.9122,20.6754],[86.914,20.6777],[86.9134,20.68],[86.9173,20.6806],[86.9201,20.6782],[86.9205,20.673],[86.9173,20.6728],[86.9137,20.6703],[86.9102,20.6694]]],[[[86.71,20.2973],[86.691,20.3048],[86.6777,20.3411],[86.7358,20.3685],[86.7243,20.3481],[86.7508,20.3634],[86.751,20.3376],[86.7798,20.3723],[86.7725,20.3332],[86.8045,20.3658],[86.7991,20.4233],[86.8106,20.4263],[86.7984,20.3535],[86.71,20.2973]]],[[[86.7884,20.4447],[86.7918,20.452],[86.7932,20.4564],[86.7978,20.461],[86.7999,20.4665],[86.8021,20.4675],[86.8019,20.4708],[86.8005,20.4739],[86.8049,20.4806],[86.8041,20.4837],[86.8041,20.4938],[86.8028,20.5002],[86.8049,20.503],[86.8065,20.4958],[86.8087,20.4917],[86.809,20.4853],[86.8079,20.4786],[86.8052,20.4708],[86.8022,20.4659],[86.7986,20.4618],[86.7962,20.4572],[86.794,20.4551],[86.791,20.4492],[86.7907,20.4471],[86.7884,20.4447]]],[[[86.7897,20.6753],[86.79,20.6838],[86.7948,20.6938],[86.7949,20.6951],[86.7985,20.6987],[86.7981,20.6918],[86.7925,20.6787],[86.7897,20.6753]]],[[[86.7913,20.3642],[86.7907,20.3683],[86.7943,20.3681],[86.7913,20.3642]]],[[[86.7782,20.3429],[86.7827,20.3505],[86.7774,20.346],[86.7757,20.3474],[86.7845,20.3521],[86.781,20.3459],[86.7782,20.3429]]],[[[86.7699,20.3758],[86.7542,20.3835],[86.7746,20.3917],[86.7699,20.3758]]],[[[86.7493,20.6167],[86.7466,20.6169],[86.7435,20.6201],[86.7424,20.6232],[86.7425,20.6289],[86.7454,20.6273],[86.747,20.6209],[86.7493,20.6167]]],[[[86.7351,20.6061],[86.7324,20.6062],[86.7284,20.6114],[86.7279,20.6183],[86.7296,20.6247],[86.7314,20.6363],[86.7334,20.641],[86.7378,20.6442],[86.7411,20.6451],[86.7396,20.641],[86.7385,20.6325],[86.7374,20.6276],[86.738,20.6201],[86.7429,20.6124],[86.7381,20.6076],[86.7351,20.6061]]],[[[86.7405,20.6716],[86.7315,20.6764],[86.723,20.6784],[86.7148,20.6794],[86.7112,20.6793],[86.706,20.6829],[86.7109,20.6838],[86.7167,20.6838],[86.7271,20.6822],[86.7378,20.6765],[86.7405,20.6716]]],[[[86.6882,20.2851],[86.675,20.3123],[86.7029,20.2912],[86.6882,20.2851]]],[[[86.6668,20.6057],[86.6627,20.6061],[86.6607,20.6087],[86.6636,20.6112],[86.6648,20.6141],[86.6681,20.6177],[86.6707,20.6187],[86.671,20.6125],[86.6684,20.6062],[86.6668,20.6057]]],[[[86.6504,20.6948],[86.6499,20.6975],[86.657,20.7007],[86.6564,20.6983],[86.654,20.6961],[86.6504,20.6948]]],[[[86.6192,20.5829],[86.6177,20.5846],[86.6191,20.5911],[86.6213,20.5862],[86.6192,20.5829]]],[[[86.5922,20.3399],[86.5934,20.3406],[86.5981,20.3406],[86.6002,20.3406],[86.6037,20.3392],[86.5974,20.3364],[86.5914,20.3375],[86.5922,20.3399]]],[[[86.5009,20.3895],[86.5147,20.4161],[86.5728,20.406],[86.5632,20.3935],[86.5009,20.3895]]],[[[86.5105,20.2],[86.5056,20.2062],[86.5004,20.2086],[86.5015,20.2116],[86.5045,20.2103],[86.5102,20.2112],[86.5123,20.2086],[86.5117,20.2019],[86.5105,20.2]]],[[[86.497,20.1618],[86.4937,20.1625],[86.4942,20.1656],[86.4977,20.1676],[86.4983,20.1725],[86.503,20.1728],[86.4996,20.1671],[86.4996,20.1656],[86.497,20.1618]]],[[[86.4178,20.0283],[86.4181,20.0309],[86.4204,20.0317],[86.4246,20.0422],[86.4272,20.0415],[86.4237,20.0337],[86.4212,20.0299],[86.4178,20.0283]]],[[[86.3979,19.9689],[86.4203,19.9892],[86.4236,20.0193],[86.4217,19.9866],[86.3979,19.9689]]],[[[86.3851,19.9767],[86.3936,19.9886],[86.3815,19.9903],[86.4052,19.9981],[86.4187,20.026],[86.3851,19.9767]]],[[[86.4006,19.9873],[86.4006,19.9883],[86.4098,19.994],[86.409,19.9913],[86.4022,19.9874],[86.4006,19.9873]]],[[[86.385,19.9938],[86.3827,19.995],[86.3828,19.9973],[86.3864,19.9968],[86.385,19.9938]]],[[[86.3731,19.9694],[86.3688,19.9711],[86.3679,19.9732],[86.3734,19.9725],[86.3731,19.9694]]],[[[86.3514,19.9634],[86.3489,19.964],[86.3437,19.967],[86.3453,19.9683],[86.3514,19.9634]]],[[[86.3281,19.9976],[86.3279,20.0048],[86.3299,20.0087],[86.3321,20.0073],[86.3357,20.0023],[86.3366,19.9989],[86.3369,19.9915],[86.3389,19.9861],[86.3361,19.9866],[86.3312,19.9917],[86.3281,19.9976]]],[[[86.328,20.0164],[86.3229,20.0205],[86.3218,20.0264],[86.3237,20.0264],[86.3267,20.0216],[86.328,20.0164]]],[[[86.3277,20.0101],[86.3234,20.0115],[86.3191,20.0171],[86.3154,20.0206],[86.3091,20.0233],[86.3044,20.0264],[86.3072,20.0315],[86.3159,20.0319],[86.3181,20.0308],[86.3215,20.0254],[86.3206,20.0218],[86.3225,20.0205],[86.3258,20.0154],[86.3277,20.0101]]],[[[86.2629,20.0186],[86.2451,20.0302],[86.2588,20.0582],[86.3079,20.0344],[86.2629,20.0186]]],[[[86.2514,20.0216],[86.2478,20.023],[86.2475,20.0266],[86.2497,20.0264],[86.2514,20.0216]]],[[[85.6408,19.7312],[85.638,19.7328],[85.6384,19.7354],[85.6446,19.7356],[85.6408,19.7312]]],[[[85.6297,19.727],[85.6286,19.7269],[85.6297,19.7338],[85.6316,19.7338],[85.6319,19.729],[85.6297,19.727]]],[[[85.6059,19.7183],[85.6041,19.7199],[85.6085,19.724],[85.6145,19.7219],[85.6113,19.7205],[85.6083,19.7209],[85.6059,19.7183]]],[[[85.5736,19.7042],[85.5736,19.7073],[85.5752,19.709],[85.5812,19.7089],[85.5826,19.7073],[85.5788,19.7052],[85.5736,19.7042]]],[[[85.5636,19.6975],[85.5614,19.7005],[85.5677,19.7017],[85.5696,19.6989],[85.5655,19.6989],[85.5636,19.6975]]],[[[85.545,19.6889],[85.5363,19.6891],[85.536,19.6913],[85.5387,19.6924],[85.5403,19.6961],[85.5437,19.6955],[85.543,19.6927],[85.5454,19.6906],[85.545,19.6889]]],[[[85.5212,19.6761],[85.5182,19.6761],[85.5157,19.6783],[85.5192,19.6808],[85.5229,19.6773],[85.5212,19.6761]]],[[[85.5046,19.7083],[85.5033,19.7091],[85.5026,19.7137],[85.508,19.7148],[85.5072,19.7112],[85.5046,19.7083]]],[[[85.4716,19.6592],[85.4675,19.6596],[85.4672,19.6629],[85.4704,19.6649],[85.4742,19.6652],[85.4737,19.6622],[85.4716,19.6592]]],[[[85.4259,19.6334],[85.4238,19.6533],[85.461,19.6568],[85.4259,19.6334]]],[[[85.4198,19.6758],[85.4185,19.6764],[85.4151,19.6818],[85.411,19.6836],[85.4142,19.6894],[85.4196,19.689],[85.4243,19.6863],[85.4261,19.6837],[85.4237,19.6801],[85.4219,19.6759],[85.4198,19.6758]]],[[[85.4045,19.6825],[85.4036,19.6858],[85.4072,19.6858],[85.4083,19.6834],[85.4045,19.6825]]],[[[85.3955,19.6249],[85.3913,19.6265],[85.3936,19.6293],[85.3947,19.6326],[85.3984,19.634],[85.3996,19.6273],[85.3955,19.6249]]],[[[85.2318,19.6428],[85.2323,19.6456],[85.2344,19.6469],[85.2355,19.6503],[85.2386,19.649],[85.2389,19.6467],[85.2336,19.6457],[85.2318,19.6428]]],[[[85.2238,19.5974],[85.2238,19.601],[85.2273,19.6027],[85.2309,19.6016],[85.2295,19.5996],[85.2263,19.5991],[85.2238,19.5974]]],[[[85.148,19.5522],[85.1439,19.5527],[85.1488,19.5585],[85.148,19.5522]]],[[[85.1356,19.5943],[85.1286,19.5972],[85.1279,19.6006],[85.1322,19.6026],[85.1366,19.5998],[85.1379,19.5973],[85.1356,19.5943]]],[[[85.1328,19.5518],[85.1274,19.5518],[85.1263,19.5547],[85.1309,19.5559],[85.1347,19.555],[85.1355,19.553],[85.1328,19.5518]]],[[[82.366,16.7183],[82.3653,16.7217],[82.3633,16.7256],[82.3599,16.7252],[82.3561,16.7282],[82.3615,16.7297],[82.3607,16.7311],[82.3548,16.7314],[82.3529,16.7294],[82.3484,16.7313],[82.3519,16.734],[82.3565,16.734],[82.3634,16.732],[82.3668,16.7281],[82.3683,16.725],[82.3678,16.7188],[82.366,16.7183]]],[[[82.3618,16.8881],[82.3571,16.9523],[82.3289,16.9935],[82.3601,16.9589],[82.3618,16.8881]]],[[[82.3263,16.6854],[82.3393,16.7121],[82.3372,16.6899],[82.3465,16.7157],[82.3626,16.7104],[82.3174,16.6316],[82.3098,16.6605],[82.3142,16.6324],[82.2979,16.6162],[82.3263,16.6854]]],[[[82.3177,16.7332],[82.3129,16.7406],[82.3113,16.7439],[82.3083,16.7478],[82.3068,16.7476],[82.3045,16.753],[82.3106,16.7483],[82.3111,16.7465],[82.3177,16.7403],[82.3205,16.7346],[82.3177,16.7332]]],[[[82.3158,16.6205],[82.3158,16.6262],[82.314,16.6298],[82.3182,16.6285],[82.3179,16.6226],[82.3158,16.6205]]],[[[82.3064,16.5682],[82.3043,16.5706],[82.3067,16.5719],[82.306,16.574],[82.3118,16.5737],[82.3132,16.5774],[82.3106,16.5801],[82.3148,16.5815],[82.3166,16.5808],[82.3158,16.577],[82.3122,16.5721],[82.3064,16.5682]]],[[[82.3077,16.5985],[82.3085,16.6028],[82.3106,16.6012],[82.3077,16.5985]]],[[[82.3046,16.6105],[82.3016,16.6124],[82.3017,16.6162],[82.3053,16.6172],[82.3054,16.6196],[82.3076,16.6206],[82.3086,16.6139],[82.3072,16.6113],[82.3046,16.6105]]],[[[82.2574,16.6518],[82.2584,16.701],[82.3017,16.6983],[82.294,16.6706],[82.2755,16.6657],[82.2846,16.6605],[82.2574,16.6518]]],[[[82.2662,16.5904],[82.2663,16.5953],[82.2724,16.5941],[82.2702,16.5918],[82.2665,16.5922],[82.2662,16.5904]]],[[[82.2294,16.7165],[82.2243,16.7182],[82.228,16.7196],[82.2294,16.7165]]],[[[82.2221,16.7162],[82.2187,16.7175],[82.2206,16.72],[82.2221,16.7162]]],[[[82.1847,16.7144],[82.1804,16.7144],[82.1735,16.7164],[82.1719,16.7203],[82.1781,16.7212],[82.1823,16.7209],[82.1965,16.7165],[82.1847,16.7144]]],[[[82.1689,16.7101],[82.1641,16.7102],[82.1606,16.712],[82.1625,16.7143],[82.1703,16.7145],[82.1689,16.7101]]],[[[82.1625,16.7068],[82.1601,16.707],[82.158,16.7088],[82.1596,16.7115],[82.1636,16.71],[82.1625,16.7068]]],[[[82.1522,16.694],[82.1513,16.6946],[82.152,16.6998],[82.1561,16.7049],[82.1579,16.7058],[82.1607,16.7044],[82.1602,16.6995],[82.1568,16.6958],[82.1522,16.694]]],[[[82.1388,16.6874],[82.1135,16.699],[82.1564,16.7094],[82.1388,16.6874]]],[[[82.1438,16.7141],[82.1412,16.7163],[82.1465,16.7184],[82.146,16.7154],[82.1438,16.7141]]],[[[82.1119,16.6973],[82.1066,16.6981],[82.1023,16.7006],[82.1088,16.7076],[82.1125,16.7104],[82.1156,16.709],[82.1146,16.7052],[82.117,16.7046],[82.1185,16.7026],[82.1133,16.6998],[82.1119,16.6973]]],[[[82.0788,16.663],[82.0484,16.6746],[82.1124,16.6964],[82.0788,16.663]]],[[[82.0828,16.6962],[82.0815,16.6994],[82.0879,16.7056],[82.0983,16.7076],[82.0962,16.7103],[82.0992,16.7152],[82.1032,16.7156],[82.1059,16.7147],[82.1029,16.7097],[82.1029,16.7053],[82.0948,16.7023],[82.0879,16.7021],[82.0849,16.6977],[82.0828,16.6962]]],[[[82.0884,16.708],[82.0858,16.7081],[82.0854,16.7143],[82.0872,16.7177],[82.0917,16.7194],[82.0941,16.7217],[82.0975,16.7228],[82.0981,16.7177],[82.0957,16.7166],[82.0956,16.7127],[82.0884,16.708]]],[[[82.0554,16.6752],[82.0476,16.6755],[82.0473,16.6774],[82.0498,16.6811],[82.0591,16.6774],[82.0554,16.6752]]],[[[82.0182,16.7089],[82.016,16.7107],[82.011,16.7128],[82.0059,16.7185],[82.003,16.7185],[82.0022,16.7208],[82.0102,16.7202],[82.0137,16.7186],[82.0208,16.7108],[82.0182,16.7089]]],[[[82.0112,16.704],[82.008,16.7052],[82.0064,16.7073],[82.0072,16.7124],[82.0118,16.7113],[82.0135,16.7095],[82.0112,16.704]]],[[[81.9725,16.5137],[81.9676,16.5212],[81.9672,16.5235],[81.9715,16.5225],[81.973,16.5204],[81.9725,16.5137]]],[[[81.9687,16.4949],[81.9665,16.5008],[81.9667,16.5044],[81.9685,16.5083],[81.9708,16.5057],[81.9707,16.5001],[81.9687,16.4949]]],[[[81.9622,16.4867],[81.9621,16.4926],[81.9631,16.4978],[81.9657,16.4996],[81.9666,16.4949],[81.9661,16.4916],[81.9622,16.4867]]],[[[81.9481,16.537],[81.9446,16.5401],[81.9444,16.5442],[81.9464,16.5447],[81.9481,16.537]]],[[[81.9148,16.5597],[81.9139,16.5614],[81.9151,16.5639],[81.9175,16.564],[81.9148,16.5597]]],[[[81.8928,16.5426],[81.8914,16.545],[81.8896,16.5504],[81.8923,16.5517],[81.8929,16.5545],[81.895,16.5555],[81.8951,16.5491],[81.8928,16.5426]]],[[[81.557,16.3498],[81.4909,16.3513],[81.4774,16.3912],[81.4928,16.3707],[81.5449,16.3796],[81.557,16.3498]]],[[[81.3988,16.3457],[81.3922,16.3474],[81.3924,16.3512],[81.3956,16.348],[81.4016,16.3484],[81.3988,16.3457]]],[[[81.1876,16.1436],[81.1881,16.1456],[81.1916,16.1456],[81.1918,16.1437],[81.1876,16.1436]]],[[[81.1899,16.125],[81.1886,16.125],[81.1872,16.1297],[81.1873,16.133],[81.1902,16.131],[81.1899,16.125]]],[[[81.1825,16.1235],[81.1814,16.1235],[81.1809,16.1323],[81.1836,16.1317],[81.1845,16.1255],[81.1825,16.1235]]],[[[81.1222,16.0228],[81.1086,16.028],[81.1211,16.0404],[81.1321,16.0359],[81.1222,16.0228]]],[[[81.1166,16.0071],[81.1166,16.0117],[81.111,16.0099],[81.111,16.0171],[81.1086,16.0205],[81.111,16.022],[81.1151,16.0215],[81.1153,16.0192],[81.1182,16.0179],[81.1195,16.0145],[81.1188,16.0102],[81.1192,16.0072],[81.1166,16.0071]]],[[[81.1107,16.005],[81.1078,16.0059],[81.1083,16.0091],[81.1123,16.0071],[81.1107,16.005]]],[[[81.0113,15.7733],[81.0112,15.7755],[81.0078,15.7799],[81.0078,15.784],[81.0129,15.7751],[81.0113,15.7733]]],[[[80.9999,15.835],[81.0018,15.8396],[81.0039,15.8365],[80.9999,15.835]]],[[[80.994,15.8448],[80.9954,15.8507],[80.9978,15.8519],[81.002,15.8517],[81.002,15.8476],[80.9994,15.8476],[80.994,15.8448]]],[[[80.9962,15.8216],[80.9944,15.8239],[80.9976,15.8301],[80.9987,15.8273],[80.9962,15.8216]]],[[[80.998,15.7716],[80.9943,15.775],[80.9986,15.7747],[80.998,15.7716]]],[[[80.9847,15.8137],[80.9807,15.8141],[80.9837,15.817],[80.9847,15.8137]]],[[[80.9841,15.7701],[80.9243,15.8002],[80.9211,15.778],[80.9106,15.795],[80.8984,15.7876],[80.9071,15.7511],[80.8728,15.7963],[80.8769,15.8466],[80.9841,15.7701]]],[[[80.9519,16.0416],[80.9522,16.0448],[80.9549,16.0464],[80.9599,16.0458],[80.9578,16.0433],[80.9519,16.0416]]],[[[80.9411,15.7756],[80.9398,15.7779],[80.944,15.7787],[80.948,15.7818],[80.9495,15.7786],[80.9416,15.7766],[80.9411,15.7756]]],[[[80.9164,15.7287],[80.9134,15.7297],[80.9076,15.7301],[80.9049,15.732],[80.9039,15.7344],[80.906,15.7377],[80.9044,15.7403],[80.906,15.7416],[80.9112,15.7381],[80.9148,15.7366],[80.9181,15.7314],[80.9164,15.7287]]],[[[80.911,15.769],[80.9126,15.7703],[80.9148,15.776],[80.9172,15.7765],[80.9145,15.7708],[80.911,15.769]]],[[[80.9123,15.8257],[80.9046,15.8293],[80.9012,15.835],[80.9057,15.8347],[80.9065,15.8332],[80.9121,15.8314],[80.9153,15.8274],[80.9123,15.8257]]],[[[80.9043,15.9182],[80.9036,15.9205],[80.9048,15.927],[80.9083,15.9337],[80.9095,15.9324],[80.9095,15.9267],[80.9067,15.9226],[80.9062,15.9197],[80.9043,15.9182]]],[[[80.9072,15.9777],[80.9027,15.9815],[80.901,15.9805],[80.8996,15.9854],[80.9012,15.9914],[80.9067,15.9893],[80.9083,15.9849],[80.9055,15.9849],[80.9072,15.9777]]],[[[80.8981,15.9536],[80.898,15.9518],[80.8979,15.9511],[80.8956,15.9517],[80.8951,15.9568],[80.8968,15.9634],[80.8943,15.9736],[80.8923,15.9736],[80.8907,15.9806],[80.8896,15.9831],[80.8903,15.9878],[80.892,15.9844],[80.8994,15.9762],[80.9019,15.9746],[80.9034,15.9718],[80.9034,15.9659],[80.9042,15.9612],[80.9042,15.9522],[80.9018,15.9519],[80.9004,15.954],[80.8981,15.9536]]],[[[80.9006,15.8989],[80.9005,15.903],[80.9017,15.9094],[80.9034,15.9074],[80.9029,15.903],[80.9006,15.8989]]],[[[80.8581,15.7115],[80.8581,15.7131],[80.8618,15.7149],[80.8637,15.7185],[80.8666,15.7163],[80.8709,15.7194],[80.8775,15.7228],[80.8871,15.7249],[80.8879,15.7237],[80.8954,15.7215],[80.9023,15.7208],[80.9031,15.7193],[80.8935,15.7179],[80.8908,15.7153],[80.8885,15.7148],[80.8842,15.7155],[80.8821,15.7148],[80.8746,15.714],[80.8722,15.7124],[80.8637,15.7127],[80.8581,15.7115]]],[[[80.9013,15.9182],[80.8994,15.9138],[80.897,15.9164],[80.8967,15.9215],[80.8965,15.927],[80.899,15.9324],[80.9016,15.9324],[80.9013,15.9182]]],[[[80.8973,16.0048],[80.8957,16.0061],[80.8951,16.0099],[80.8935,16.012],[80.8935,16.0146],[80.8952,16.0204],[80.8943,16.0213],[80.8956,16.028],[80.9007,16.0187],[80.8973,16.0048]]],[[[80.8906,16.0046],[80.891,16.003],[80.8928,16.0035],[80.8964,15.9999],[80.8983,15.9947],[80.8975,15.9911],[80.8938,15.9901],[80.8911,15.9982],[80.8892,16.0032],[80.888,16.0125],[80.8891,16.0132],[80.8898,16.0125],[80.8906,16.0046]]],[[[80.8501,15.7467],[80.8369,15.7504],[80.8612,15.8161],[80.8951,15.7502],[80.8501,15.7467]]],[[[80.8863,15.7387],[80.8775,15.7459],[80.8924,15.7474],[80.8863,15.7387]]],[[[80.894,15.9632],[80.8931,15.959],[80.8905,15.9609],[80.8904,15.9615],[80.8894,15.9697],[80.8918,15.9675],[80.894,15.9632]]],[[[80.8804,15.8491],[80.8792,15.8507],[80.8821,15.8553],[80.8837,15.86],[80.8876,15.8637],[80.8888,15.8633],[80.889,15.8592],[80.8874,15.8525],[80.8844,15.8498],[80.8804,15.8491]]],[[[80.8546,15.7432],[80.8521,15.7463],[80.8568,15.7463],[80.8546,15.7432]]],[[[80.8098,15.8604],[80.8059,15.8609],[80.7984,15.8632],[80.8011,15.8649],[80.8002,15.8699],[80.7976,15.8724],[80.7987,15.8742],[80.8018,15.8733],[80.805,15.871],[80.8101,15.872],[80.8106,15.8684],[80.8133,15.8683],[80.8165,15.8666],[80.8165,15.8633],[80.8126,15.8645],[80.8125,15.8613],[80.8098,15.8604]]],[[[80.8013,15.8478],[80.7928,15.8545],[80.7891,15.8582],[80.7896,15.8599],[80.7941,15.8547],[80.7989,15.8506],[80.8013,15.8478]]],[[[80.6392,15.8762],[80.6386,15.8821],[80.64,15.8831],[80.6472,15.883],[80.6522,15.8859],[80.6554,15.886],[80.6567,15.8874],[80.6605,15.8864],[80.6695,15.8859],[80.6722,15.8851],[80.6772,15.8854],[80.6788,15.8863],[80.6804,15.8829],[80.6831,15.8817],[80.69,15.8827],[80.689,15.8802],[80.6844,15.8795],[80.6698,15.8797],[80.6514,15.8784],[80.6434,15.8773],[80.6392,15.8762]]],[[[80.6786,15.8898],[80.6661,15.8916],[80.6679,15.8934],[80.674,15.8923],[80.6783,15.8938],[80.6807,15.8917],[80.6786,15.8898]]],[[[80.5455,15.8527],[80.6357,15.8873],[80.6384,15.8757],[80.5455,15.8527]]],[[[80.532,15.8518],[80.5325,15.8554],[80.5362,15.8547],[80.532,15.8518]]],[[[80.325,13.4021],[80.3221,13.4043],[80.3194,13.404],[80.3168,13.4053],[80.3163,13.41],[80.3212,13.4119],[80.3243,13.4054],[80.325,13.4021]]],[[[80.3217,13.4338],[80.3217,13.4374],[80.3249,13.4351],[80.3217,13.4338]]],[[[80.3103,13.4513],[80.3081,13.4536],[80.3082,13.4559],[80.3106,13.4564],[80.3115,13.4528],[80.3103,13.4513]]],[[[80.2694,15.6706],[80.2678,15.6717],[80.2699,15.6758],[80.2728,15.6791],[80.2741,15.6761],[80.2694,15.6706]]],[[[80.2638,15.6663],[80.263,15.6686],[80.267,15.6699],[80.2683,15.6681],[80.2638,15.6663]]],[[[80.2062,15.5029],[80.2043,15.503],[80.2041,15.5063],[80.2104,15.5104],[80.2103,15.5071],[80.2062,15.5029]]],[[[80.1861,14.5768],[80.1858,14.5795],[80.1874,14.5813],[80.1913,14.5831],[80.1907,14.579],[80.1861,14.5768]]],[[[80.1665,14.5703],[80.1662,14.5723],[80.1721,14.5734],[80.1718,14.5708],[80.1665,14.5703]]],[[[80.1428,13.5442],[80.1265,13.5824],[80.1479,13.5908],[80.1263,13.6035],[80.1513,13.6103],[80.166,13.5889],[80.1428,13.5442]]],[[[80.1416,13.7329],[80.1407,13.7347],[80.1407,13.7419],[80.1418,13.7453],[80.1455,13.7475],[80.1508,13.7496],[80.1574,13.751],[80.1546,13.7466],[80.1517,13.7438],[80.1509,13.7409],[80.1416,13.7329]]],[[[80.1255,13.6135],[80.1146,13.6411],[80.136,13.691],[80.1432,13.6304],[80.1255,13.6135]]],[[[80.129,13.5907],[80.1263,13.591],[80.1246,13.5963],[80.1217,13.6009],[80.121,13.6053],[80.1246,13.6045],[80.1242,13.6007],[80.1281,13.5983],[80.127,13.5958],[80.129,13.5907]]],[[[80.1137,13.6452],[80.1099,13.6493],[80.1087,13.657],[80.1121,13.6573],[80.1153,13.6552],[80.1181,13.6488],[80.1137,13.6452]]],[[[80.1061,13.7776],[80.1036,13.7797],[80.1037,13.784],[80.1069,13.7823],[80.1076,13.7804],[80.1061,13.7776]]],[[[80.1043,14.243],[80.1021,14.2442],[80.1026,14.2471],[80.0998,14.2525],[80.1026,14.2538],[80.1034,14.2466],[80.1043,14.243]]],[[[80.1005,13.7433],[80.0968,13.7467],[80.0941,13.7472],[80.0936,13.7503],[80.0957,13.7513],[80.0986,13.7549],[80.1029,13.7536],[80.1015,13.7518],[80.1002,13.7474],[80.1005,13.7433]]],[[[80.0911,14.2394],[80.0825,14.2742],[80.099,14.2544],[80.0911,14.2394]]],[[[80.0981,13.6799],[80.0962,13.6802],[80.0963,13.6838],[80.0983,13.6835],[80.0981,13.6799]]],[[[80.0917,13.6892],[80.0893,13.6917],[80.0901,13.6946],[80.0922,13.6946],[80.0931,13.6915],[80.0917,13.6892]]],[[[80.0872,14.8109],[80.0846,14.8113],[80.0823,14.8141],[80.0824,14.82],[80.0856,14.8216],[80.0884,14.8185],[80.0888,14.8115],[80.0872,14.8109]]],[[[80.0847,13.7398],[80.0812,13.7402],[80.0799,13.7461],[80.0852,13.7466],[80.0869,13.744],[80.0847,13.7398]]],[[[80.0816,14.2389],[80.0782,14.2398],[80.0735,14.2441],[80.0742,14.2472],[80.0811,14.251],[80.0851,14.2498],[80.0858,14.2457],[80.0849,14.2411],[80.0816,14.2389]]],[[[79.9856,12.2442],[79.9866,12.2481],[79.9911,12.2482],[79.9856,12.2442]]],[[[79.8776,10.2984],[79.8784,10.303],[79.8812,10.3038],[79.8805,10.2993],[79.8776,10.2984]]],[[[79.8324,11.3646],[79.8305,11.365],[79.8276,11.3704],[79.83,11.3703],[79.8322,11.3667],[79.8324,11.3646]]],[[[79.8238,11.3648],[79.8218,11.3692],[79.8173,11.3767],[79.8143,11.3796],[79.8118,11.3795],[79.8108,11.3823],[79.8119,11.3857],[79.8182,11.3847],[79.8177,11.3874],[79.814,11.389],[79.8125,11.3942],[79.8133,11.3985],[79.8096,11.3988],[79.8104,11.405],[79.8122,11.4076],[79.8126,11.4109],[79.8149,11.412],[79.8167,11.3988],[79.818,11.397],[79.8201,11.3875],[79.8224,11.3818],[79.8227,11.3757],[79.8253,11.3695],[79.8238,11.3648]]],[[[79.8112,11.4261],[79.8086,11.4288],[79.8062,11.4377],[79.8045,11.439],[79.8036,11.4433],[79.8017,11.4441],[79.7992,11.448],[79.8003,11.4509],[79.8042,11.447],[79.809,11.4356],[79.8112,11.4261]]],[[[79.8092,11.4212],[79.8051,11.4251],[79.8064,11.4258],[79.8092,11.4212]]],[[[79.7919,11.4211],[79.788,11.4223],[79.7825,11.4278],[79.7838,11.4283],[79.7869,11.4254],[79.7909,11.4237],[79.7919,11.4211]]],[[[79.7533,10.2805],[79.7511,10.2837],[79.7517,10.2898],[79.7543,10.2871],[79.7582,10.2856],[79.76,10.2833],[79.7577,10.2807],[79.7533,10.2805]]],[[[79.751,10.2738],[79.7429,10.2743],[79.7406,10.2751],[79.7421,10.278],[79.7468,10.2769],[79.751,10.2738]]],[[[79.6697,10.2838],[79.5257,10.315],[79.6635,10.2897],[79.6764,10.3007],[79.7348,10.2775],[79.6697,10.2838]]],[[[79.7144,10.3113],[79.7115,10.3139],[79.7061,10.3141],[79.704,10.3128],[79.6983,10.3118],[79.6913,10.3147],[79.6895,10.3178],[79.6951,10.3208],[79.6998,10.3188],[79.7019,10.3164],[79.7047,10.3154],[79.7136,10.3152],[79.7162,10.3145],[79.7144,10.3113]]],[[[79.6905,10.3044],[79.689,10.3098],[79.692,10.3081],[79.6929,10.3057],[79.6905,10.3044]]],[[[79.6801,10.3047],[79.6741,10.305],[79.673,10.3068],[79.6754,10.3091],[79.6819,10.3081],[79.6832,10.3059],[79.6801,10.3047]]],[[[79.627,10.297],[79.6221,10.2973],[79.6221,10.2995],[79.6278,10.2986],[79.627,10.297]]],[[[79.621,10.3047],[79.6184,10.3047],[79.6127,10.3062],[79.6116,10.3095],[79.6194,10.3096],[79.6238,10.3082],[79.624,10.3064],[79.621,10.3047]]],[[[79.5175,9.1041],[79.5141,9.1066],[79.5185,9.1074],[79.5175,9.1041]]],[[[79.5174,10.3209],[79.5074,10.325],[79.5085,10.3269],[79.515,10.3247],[79.5174,10.3209]]],[[[79.4997,10.3207],[79.4954,10.3236],[79.4971,10.329],[79.4977,10.3327],[79.5043,10.3291],[79.505,10.3278],[79.5042,10.3234],[79.4997,10.3207]]],[[[79.4944,10.3236],[79.4911,10.3248],[79.4872,10.3246],[79.4879,10.3275],[79.4908,10.3286],[79.4933,10.327],[79.4944,10.3236]]],[[[79.4028,9.1966],[79.3983,9.1994],[79.3964,9.2022],[79.3897,9.2069],[79.3869,9.2071],[79.3871,9.2094],[79.382,9.21],[79.3827,9.2131],[79.3879,9.2097],[79.3913,9.2066],[79.3962,9.2033],[79.4028,9.1966]]],[[[79.2353,9.2395],[79.2334,9.2434],[79.2381,9.2438],[79.2386,9.2407],[79.2353,9.2395]]],[[[79.2039,9.2415],[79.2013,9.2417],[79.2036,9.2454],[79.2062,9.2457],[79.209,9.2492],[79.2134,9.2494],[79.215,9.2505],[79.2191,9.2506],[79.2212,9.2472],[79.2137,9.2466],[79.207,9.244],[79.2039,9.2415]]],[[[79.199,9.2329],[79.1928,9.2347],[79.1912,9.2363],[79.1845,9.2392],[79.1857,9.2417],[79.1896,9.2402],[79.1896,9.2376],[79.1941,9.2368],[79.199,9.2329]]],[[[79.1811,9.2406],[79.1791,9.244],[79.1824,9.2437],[79.1811,9.2406]]],[[[79.1296,9.2135],[79.1252,9.2147],[79.127,9.2173],[79.1348,9.2158],[79.1343,9.2145],[79.1296,9.2135]]],[[[79.0859,9.1921],[79.082,9.1948],[79.0752,9.1981],[79.0682,9.2],[79.0646,9.1997],[79.0604,9.2021],[79.0638,9.2047],[79.0648,9.2068],[79.0687,9.2077],[79.0688,9.2055],[79.0721,9.2022],[79.076,9.1998],[79.082,9.2002],[79.0835,9.1972],[79.0856,9.1971],[79.0859,9.1921]]],[[[78.968,9.1836],[78.9661,9.1887],[78.9695,9.1872],[78.968,9.1836]]],[[[78.9614,9.6406],[78.9578,9.6417],[78.9598,9.6442],[78.9614,9.6406]]],[[[78.9014,9.1777],[78.9001,9.1802],[78.9029,9.1826],[78.906,9.1838],[78.9086,9.1813],[78.9133,9.1823],[78.9143,9.1834],[78.9296,9.1844],[78.9314,9.1815],[78.9257,9.1822],[78.9182,9.1822],[78.9102,9.1803],[78.9063,9.1803],[78.9014,9.1777]]],[[[78.8237,9.164],[78.8256,9.1663],[78.8278,9.1727],[78.8287,9.1684],[78.8276,9.1653],[78.8237,9.164]]],[[[78.5771,9.1007],[78.5763,9.1017],[78.5706,9.101],[78.5703,9.1036],[78.5755,9.1075],[78.5765,9.1104],[78.5799,9.1127],[78.5848,9.1109],[78.5874,9.1089],[78.5864,9.1072],[78.5838,9.1074],[78.5829,9.105],[78.5771,9.1007]]],[[[78.4922,9.0875],[78.4927,9.0897],[78.4885,9.0899],[78.4919,9.0928],[78.495,9.0907],[78.4922,9.0875]]],[[[78.226,8.8658],[78.2235,8.8702],[78.2253,8.8704],[78.2269,8.8676],[78.226,8.8658]]],[[[76.2685,9.9957],[76.2671,9.9963],[76.2663,10.0022],[76.2645,10.0055],[76.2652,10.0102],[76.2688,10.0094],[76.2699,10.0066],[76.267,10.006],[76.2687,10.0019],[76.2692,9.9973],[76.2685,9.9957]]],[[[76.2419,10.0259],[76.2414,10.0281],[76.2441,10.0291],[76.2442,10.0262],[76.2419,10.0259]]],[[[76.2412,10.0509],[76.2389,10.0542],[76.2353,10.0551],[76.2337,10.06],[76.236,10.0613],[76.2402,10.0618],[76.2416,10.0597],[76.2437,10.0525],[76.2412,10.0509]]],[[[76.2306,10.0786],[76.2332,10.0816],[76.2345,10.0796],[76.2306,10.0786]]],[[[76.1788,10.1874],[76.1802,10.1881],[76.1913,10.1907],[76.1962,10.1901],[76.1928,10.1871],[76.1868,10.1853],[76.1793,10.1847],[76.1788,10.1874]]],[[[75.9314,10.7933],[75.9348,10.7982],[75.9379,10.7996],[75.9429,10.8005],[75.9434,10.8028],[75.9466,10.8052],[75.9507,10.8054],[75.9486,10.8002],[75.9455,10.7975],[75.9416,10.7966],[75.9379,10.7947],[75.9314,10.7933]]],[[[75.9071,10.851],[75.9043,10.8532],[75.9066,10.8559],[75.9071,10.851]]],[[[75.3175,12.0052],[75.3144,12.0074],[75.3136,12.011],[75.3187,12.0097],[75.3188,12.0115],[75.3243,12.01],[75.3227,12.0072],[75.3208,12.0074],[75.3175,12.0052]]],[[[75.1385,12.2216],[75.1352,12.2243],[75.1352,12.2266],[75.1385,12.2274],[75.1394,12.2253],[75.1385,12.2216]]],[[[74.7912,13.097],[74.7908,13.0972],[74.7904,13.0975],[74.7897,13.0979],[74.7913,13.0993],[74.7923,13.1036],[74.7909,13.106],[74.7918,13.1096],[74.7934,13.1096],[74.7948,13.1062],[74.793,13.0983],[74.7923,13.0973],[74.7912,13.097]]],[[[74.7805,13.0788],[74.7792,13.0789],[74.7803,13.0848],[74.7821,13.0882],[74.7837,13.0877],[74.7853,13.0833],[74.7847,13.0797],[74.7805,13.0788]]],[[[74.7817,13.1043],[74.7835,13.1028],[74.7836,13.1025],[74.784,13.1006],[74.7791,13.1],[74.7784,13.1036],[74.7817,13.1043]]],[[[74.7787,13.0857],[74.7739,13.0894],[74.7783,13.092],[74.7796,13.0907],[74.7787,13.0857]]],[[[74.7204,13.6368],[74.7147,13.6394],[74.7157,13.6406],[74.7204,13.6368]]],[[[74.7013,13.6412],[74.6963,13.6437],[74.6994,13.6467],[74.7034,13.6467],[74.7039,13.6454],[74.7087,13.6449],[74.7094,13.6425],[74.7044,13.6425],[74.7013,13.6412]]],[[[74.6766,13.6648],[74.6752,13.6665],[74.6761,13.6732],[74.6787,13.6766],[74.6792,13.6696],[74.6766,13.6648]]],[[[74.5076,14.0381],[74.505,14.0384],[74.5055,14.0409],[74.5082,14.0408],[74.5076,14.0381]]],[[[74.4826,14.0055],[74.4797,14.0058],[74.4792,14.0088],[74.4829,14.0093],[74.4826,14.0055]]],[[[74.4033,14.477],[74.385,14.4823],[74.3797,14.5054],[74.4033,14.477]]],[[[74.3901,14.4737],[74.3833,14.4796],[74.3832,14.4817],[74.3911,14.4771],[74.3901,14.4737]]],[[[74.3251,14.0125],[74.3243,14.0164],[74.3248,14.0187],[74.3293,14.0172],[74.3299,14.0149],[74.3282,14.0132],[74.3251,14.0125]]],[[[74.318,14.6094],[74.3148,14.6121],[74.3174,14.6132],[74.318,14.6094]]],[[[74.1571,14.7366],[74.1529,14.7396],[74.1553,14.7412],[74.1578,14.7386],[74.1571,14.7366]]],[[[74.1198,14.7516],[74.119,14.7529],[74.111,14.754],[74.1082,14.7585],[74.1102,14.7607],[74.1121,14.7575],[74.1158,14.7544],[74.119,14.7545],[74.1198,14.7516]]],[[[74.1009,14.8407],[74.0975,14.8415],[74.0977,14.8451],[74.1019,14.8423],[74.1009,14.8407]]],[[[73.9562,15.1701],[73.9541,15.1737],[73.9578,15.1737],[73.9562,15.1701]]],[[[73.9507,15.1624],[73.9494,15.1628],[73.9456,15.1678],[73.9481,15.1693],[73.9506,15.1644],[73.9507,15.1624]]],[[[73.7967,15.3723],[73.7933,15.3739],[73.7938,15.3777],[73.7983,15.3778],[73.7988,15.3762],[73.7967,15.3723]]],[[[73.7825,15.3483],[73.7799,15.3505],[73.7719,15.3499],[73.7737,15.3528],[73.778,15.3532],[73.7812,15.3546],[73.784,15.3522],[73.7825,15.3483]]],[[[73.765,15.3495],[73.7615,15.3509],[73.7623,15.3535],[73.765,15.3526],[73.765,15.3495]]],[[[73.6745,10.8049],[73.6612,10.8173],[73.7024,10.8172],[73.6745,10.8049]]],[[[73.6605,10.1267],[73.6592,10.1273],[73.6611,10.1319],[73.6629,10.1383],[73.6629,10.1432],[73.6602,10.1521],[73.6582,10.153],[73.6594,10.1556],[73.6616,10.1556],[73.6629,10.1478],[73.6653,10.143],[73.6654,10.1393],[73.6625,10.1295],[73.6605,10.1267]]],[[[73.6447,10.0567],[73.6358,10.0702],[73.6532,10.1066],[73.6447,10.0567]]],[[[73.5056,16.0102],[73.5083,16.0108],[73.5144,16.015],[73.517,16.0135],[73.5107,16.0106],[73.5056,16.0102]]],[[[73.4939,16.0044],[73.4974,16.0089],[73.4982,16.0064],[73.4939,16.0044]]],[[[73.4835,17.5553],[73.4796,17.5589],[73.4827,17.5649],[73.4846,17.5595],[73.4835,17.5553]]],[[[73.4629,16.1285],[73.463,16.1332],[73.466,16.1363],[73.467,16.1315],[73.4629,16.1285]]],[[[73.4606,16.0386],[73.4577,16.041],[73.4579,16.0428],[73.4619,16.0442],[73.4606,16.0386]]],[[[73.4597,17.5783],[73.4508,17.5796],[73.4524,17.5812],[73.4589,17.5799],[73.4597,17.5783]]],[[[73.4407,16.2008],[73.4389,16.2008],[73.4396,16.2052],[73.442,16.2047],[73.4407,16.2008]]],[[[73.436,17.5832],[73.4357,17.5936],[73.4369,17.5931],[73.4378,17.5874],[73.436,17.5832]]],[[[73.3845,16.6201],[73.3818,16.6225],[73.3859,16.623],[73.3845,16.6201]]],[[[73.3493,18.0805],[73.3418,18.0815],[73.3439,18.0835],[73.3479,18.0845],[73.3493,18.0858],[73.3495,18.0904],[73.3519,18.091],[73.3531,18.0892],[73.3545,18.084],[73.3493,18.0805]]],[[[73.0459,8.2658],[73.0192,8.2776],[73.0494,8.2777],[73.073,8.3172],[73.0459,8.2658]]],[[[73.056,18.8073],[73.0479,18.8107],[73.0514,18.8128],[73.0535,18.8124],[73.056,18.8073]]],[[[73.0515,18.798],[73.0467,18.799],[73.0462,18.8036],[73.0486,18.8047],[73.0489,18.8011],[73.0515,18.798]]],[[[73.0412,18.8059],[73.0374,18.8061],[73.0362,18.8114],[73.0395,18.8114],[73.0455,18.8097],[73.0412,18.8059]]],[[[73.0276,18.9926],[73.0259,18.9993],[73.0281,18.9988],[73.0288,18.9955],[73.0276,18.9926]]],[[[73.0078,11.4677],[73.0065,11.4699],[73.0074,11.472],[73.004,11.4807],[73.0039,11.4836],[73.0023,11.4913],[73.0001,11.4922],[72.9977,11.4964],[73.0014,11.4973],[73.0037,11.4957],[73.0069,11.4918],[73.0094,11.4857],[73.0097,11.4777],[73.0116,11.4718],[73.0109,11.4697],[73.0078,11.4677]]],[[[72.9833,18.9626],[72.986,18.9668],[72.9891,18.9648],[72.9833,18.9626]]],[[[72.9698,18.9597],[72.966,18.9612],[72.9623,18.9599],[72.9582,18.9637],[72.9547,18.9634],[72.9553,18.9677],[72.9538,18.9702],[72.957,18.9736],[72.9608,18.9713],[72.9633,18.968],[72.9663,18.9658],[72.9703,18.9655],[72.9708,18.9616],[72.9698,18.9597]]],[[[72.9441,20.7567],[72.9405,20.758],[72.9387,20.7614],[72.9413,20.7624],[72.9463,20.7578],[72.9441,20.7567]]],[[[72.9287,21.6664],[72.9254,21.6664],[72.9207,21.6695],[72.9262,21.6723],[72.9424,21.6725],[72.9457,21.6702],[72.9372,21.6681],[72.935,21.667],[72.9287,21.6664]]],[[[72.9346,18.8137],[72.9336,18.8176],[72.935,18.8197],[72.9369,18.8256],[72.9434,18.8214],[72.9404,18.8209],[72.9418,18.8179],[72.938,18.8172],[72.9348,18.8155],[72.9346,18.8137]]],[[[72.9348,18.9521],[72.9245,18.9629],[72.9388,18.9721],[72.9348,18.9521]]],[[[72.9142,18.5767],[72.9114,18.5774],[72.9111,18.5807],[72.9135,18.5808],[72.9142,18.5767]]],[[[72.9037,22.2448],[72.9001,22.2482],[72.9061,22.2497],[72.9101,22.2544],[72.9099,22.2495],[72.9059,22.2449],[72.9037,22.2448]]],[[[72.9032,21.6766],[72.9007,21.6796],[72.9057,21.6803],[72.9089,21.6779],[72.9032,21.6766]]],[[[72.8883,21.6654],[72.8497,21.6771],[72.8955,21.6786],[72.907,21.6743],[72.8883,21.6654]]],[[[72.8992,18.9405],[72.9021,18.9588],[72.9002,18.9591],[72.9003,18.9634],[72.9027,18.9635],[72.9041,18.9606],[72.9061,18.9601],[72.9049,18.9567],[72.9018,18.9544],[72.9,18.9421],[72.8992,18.9405]]],[[[72.8867,22.2356],[72.8889,22.2376],[72.8947,22.2386],[72.8957,22.2377],[72.8911,22.236],[72.8867,22.2356]]],[[[72.85,20.7531],[72.8481,20.7562],[72.8505,20.757],[72.85,20.7531]]],[[[72.8169,19.4947],[72.8133,19.4961],[72.8132,19.4984],[72.8085,19.4995],[72.8111,19.5021],[72.8195,19.5035],[72.8244,19.5048],[72.8244,19.503],[72.8219,19.499],[72.8169,19.4947]]],[[[72.8225,21.0332],[72.8145,21.034],[72.8147,21.041],[72.821,21.0403],[72.8213,21.0349],[72.8225,21.0332]]],[[[72.8214,19.2659],[72.8167,19.2665],[72.8202,19.27],[72.8221,19.2694],[72.8214,19.2659]]],[[[72.7917,20.9264],[72.7891,20.9315],[72.7963,20.9308],[72.7967,20.9293],[72.7917,20.9264]]],[[[72.7932,21.0466],[72.7902,21.0473],[72.79,21.0499],[72.7923,21.0546],[72.7934,21.0505],[72.7932,21.0466]]],[[[72.7607,11.179],[72.7618,11.1828],[72.7621,11.1884],[72.7634,11.1941],[72.7664,11.2008],[72.7674,11.2057],[72.7693,11.2112],[72.7729,11.2192],[72.7734,11.2225],[72.7755,11.2264],[72.7761,11.2315],[72.7792,11.2429],[72.7816,11.2468],[72.7864,11.2571],[72.7902,11.2579],[72.7897,11.2541],[72.7843,11.2419],[72.7787,11.2238],[72.7774,11.2164],[72.774,11.2108],[72.7727,11.2099],[72.7688,11.2037],[72.7661,11.1939],[72.7643,11.1908],[72.7639,11.1861],[72.7624,11.1807],[72.7607,11.179]]],[[[72.7248,21.6444],[72.7137,21.6627],[72.7491,21.6562],[72.7248,21.6444]]],[[[72.7333,19.4593],[72.7314,19.4598],[72.7292,19.4639],[72.7286,19.4672],[72.7316,19.4673],[72.7362,19.4658],[72.7341,19.4629],[72.7333,19.4593]]],[[[72.72,11.1124],[72.7167,11.1149],[72.7159,11.1196],[72.7166,11.1245],[72.7186,11.1274],[72.7217,11.1303],[72.7292,11.135],[72.7329,11.1352],[72.7337,11.1313],[72.7311,11.1248],[72.727,11.1184],[72.7244,11.1167],[72.72,11.1124]]],[[[72.7068,11.6808],[72.7065,11.6838],[72.7103,11.6934],[72.7125,11.6965],[72.7126,11.6993],[72.7158,11.7035],[72.7168,11.6968],[72.7167,11.6926],[72.7152,11.6901],[72.7107,11.6849],[72.7096,11.6823],[72.7068,11.6808]]],[[[72.6889,21.0924],[72.6744,21.1215],[72.7056,21.1432],[72.6889,21.0924]]],[[[72.702,21.1136],[72.699,21.1182],[72.6999,21.1205],[72.7024,21.1205],[72.702,21.1136]]],[[[72.6719,21.1242],[72.6674,21.1515],[72.699,21.146],[72.6719,21.1242]]],[[[72.672,21.1042],[72.6701,21.106],[72.6699,21.1106],[72.6719,21.1145],[72.6725,21.1047],[72.672,21.1042]]],[[[72.6539,21.0673],[72.6522,21.0689],[72.6464,21.0709],[72.6449,21.0732],[72.6468,21.075],[72.6486,21.0717],[72.6533,21.069],[72.6539,21.0673]]],[[[72.6176,10.5407],[72.6454,10.5773],[72.6491,10.5625],[72.6176,10.5407]]],[[[72.3617,22.3298],[72.3636,22.3326],[72.3644,22.3365],[72.366,22.3369],[72.3663,22.3316],[72.3617,22.3298]]],[[[72.358,21.5924],[72.354,21.5948],[72.3499,21.604],[72.352,21.6064],[72.3537,21.6023],[72.3584,21.6],[72.3598,21.5944],[72.358,21.5924]]],[[[72.3309,10.1235],[72.3304,10.1266],[72.3258,10.1276],[72.3268,10.1314],[72.3259,10.1362],[72.3277,10.1363],[72.3308,10.1299],[72.3318,10.1263],[72.3309,10.1235]]],[[[72.3148,10.9421],[72.3129,10.9422],[72.3147,10.9485],[72.3181,10.9488],[72.3235,10.9509],[72.3247,10.9505],[72.3181,10.9439],[72.3148,10.9421]]],[[[72.2869,10.9346],[72.2839,10.937],[72.2857,10.9443],[72.2886,10.9438],[72.291,10.9361],[72.2869,10.9346]]],[[[72.2825,10.0377],[72.2823,10.0415],[72.2853,10.0459],[72.2881,10.0454],[72.2864,10.04],[72.2825,10.0377]]],[[[72.266,22.1362],[72.2603,22.1367],[72.2609,22.1387],[72.2655,22.1378],[72.266,22.1362]]],[[[72.2238,21.992],[72.2229,21.9951],[72.2267,21.9946],[72.2265,21.9922],[72.2238,21.992]]],[[[72.1719,10.8168],[72.1715,10.8186],[72.1804,10.8321],[72.1843,10.8409],[72.1873,10.8453],[72.1891,10.8497],[72.1921,10.8641],[72.1939,10.869],[72.1994,10.8765],[72.2018,10.878],[72.2065,10.8776],[72.2067,10.8751],[72.2021,10.8665],[72.1926,10.8525],[72.1897,10.8466],[72.1863,10.8414],[72.1825,10.8339],[72.1803,10.8285],[72.1739,10.8207],[72.1719,10.8168]]],[[[72.1893,11.5955],[72.1859,11.5958],[72.1843,11.5992],[72.1862,11.6005],[72.1889,11.5981],[72.1893,11.5955]]],[[[72.1829,22.0658],[72.182,22.069],[72.1854,22.0718],[72.1881,22.0719],[72.1829,22.0658]]],[[[72.1838,21.9905],[72.1837,21.9952],[72.1876,21.995],[72.1838,21.9905]]],[[[72.175,21.991],[72.1742,21.9917],[72.1739,21.9919],[72.1726,21.9901],[72.1743,21.9875],[72.1717,21.9867],[72.1707,21.989],[72.1708,21.9937],[72.171,21.9978],[72.1784,21.9966],[72.1811,21.9943],[72.1802,21.9919],[72.175,21.991]]],[[[72.1636,22.0505],[72.161,22.0525],[72.159,22.056],[72.1646,22.0559],[72.1704,22.0524],[72.1636,22.0505]]],[[[72.1667,21.9628],[72.164,21.9652],[72.1642,21.9681],[72.1676,21.9679],[72.1667,21.9628]]],[[[72.1656,22.0199],[72.1643,22.0203],[72.159,22.03],[72.1612,22.0308],[72.1644,22.027],[72.1659,22.0239],[72.1656,22.0199]]],[[[72.1451,21.9671],[72.141,21.9702],[72.1416,21.9744],[72.1469,21.9712],[72.1516,21.9703],[72.1561,21.9705],[72.1569,21.9679],[72.152,21.9677],[72.1478,21.9684],[72.1451,21.9671]]],[[[72.1364,21.9452],[72.1367,21.9467],[72.1413,21.9473],[72.1408,21.9454],[72.1364,21.9452]]],[[[72.1307,21.9688],[72.1271,21.972],[72.1328,21.9754],[72.1369,21.9751],[72.1358,21.9714],[72.1307,21.9688]]],[[[72.13,21.9792],[72.1265,21.9808],[72.1279,21.9839],[72.1319,21.9842],[72.1317,21.9814],[72.13,21.9792]]],[[[72.1173,21.9242],[72.1137,21.9247],[72.1164,21.9274],[72.1173,21.9242]]],[[[72.1081,21.9572],[72.1047,21.9601],[72.1049,21.9642],[72.1076,21.9662],[72.1104,21.9664],[72.1119,21.9646],[72.1121,21.96],[72.1081,21.9572]]],[[[72.1036,21.9329],[72.0986,21.9333],[72.0928,21.9349],[72.0938,21.9393],[72.0963,21.9388],[72.0977,21.9365],[72.1004,21.9394],[72.1048,21.939],[72.1054,21.9339],[72.1036,21.9329]]],[[[71.8329,21.0853],[71.8307,21.0896],[71.8338,21.09],[71.8347,21.0867],[71.8329,21.0853]]],[[[71.7955,21.0491],[71.7929,21.0508],[71.7931,21.0542],[71.7958,21.0547],[71.7955,21.0491]]],[[[71.5372,20.9459],[71.6043,20.997],[71.6096,20.9672],[71.5372,20.9459]]],[[[71.5825,20.9892],[71.5738,21.0061],[71.5901,20.9995],[71.5825,20.9892]]],[[[71.5502,20.9709],[71.5347,20.9934],[71.5731,20.9985],[71.5714,20.977],[71.5502,20.9709]]],[[[71.5162,20.904],[71.5093,20.9042],[71.5131,20.9093],[71.5127,20.9116],[71.5166,20.9135],[71.5188,20.9077],[71.5209,20.9055],[71.5162,20.904]]],[[[71.0114,23.19],[71.0133,23.1901],[71.0115,23.19],[71.0114,23.19]]],[[[70.9955,20.7195],[70.9904,20.7206],[70.9926,20.7223],[70.9955,20.7195]]],[[[70.9481,23.1592],[70.9398,23.1652],[70.9396,23.167],[70.9432,23.168],[70.946,23.167],[70.9485,23.1613],[70.9481,23.1592]]],[[[70.8653,20.7175],[70.8623,20.7179],[70.8615,20.72],[70.8653,20.7207],[70.8653,20.7175]]],[[[70.8268,23.1622],[70.8239,23.1656],[70.826,23.1692],[70.828,23.1637],[70.8268,23.1622]]],[[[70.802,23.1639],[70.7939,23.1803],[70.8084,23.1853],[70.8151,23.1677],[70.802,23.1639]]],[[[70.4063,23.171],[70.4042,23.1745],[70.4018,23.1753],[70.4006,23.1794],[70.4027,23.1811],[70.4075,23.1799],[70.4044,23.1768],[70.4063,23.171]]],[[[70.4005,23.1758],[70.3981,23.1777],[70.398,23.1844],[70.4001,23.1838],[70.3995,23.1805],[70.4005,23.1758]]],[[[70.3959,23.1679],[70.3906,23.1687],[70.3932,23.172],[70.3967,23.1725],[70.3959,23.1679]]],[[[70.3445,22.834],[70.3861,22.906],[70.3765,22.8731],[70.3768,22.8929],[70.3594,22.8707],[70.3817,22.864],[70.3688,22.8222],[70.3445,22.834]]],[[[70.3678,23.1647],[70.367,23.1673],[70.3717,23.1697],[70.37,23.1654],[70.3678,23.1647]]],[[[70.3591,22.7478],[70.3572,22.7479],[70.357,22.752],[70.3609,22.7525],[70.3591,22.7478]]],[[[70.3477,22.7699],[70.3486,22.7763],[70.3504,22.777],[70.3523,22.7809],[70.3507,22.7817],[70.3523,22.7864],[70.3562,22.7869],[70.3564,22.7819],[70.3552,22.7793],[70.3517,22.7769],[70.3498,22.7706],[70.3477,22.7699]]],[[[70.3445,22.7508],[70.3417,22.7527],[70.3431,22.7546],[70.3462,22.7544],[70.3445,22.7508]]],[[[70.2669,22.7111],[70.2648,22.7232],[70.2781,22.7207],[70.2669,22.7111]]],[[[70.1341,22.9871],[70.1592,23.0324],[70.1923,23.0262],[70.1629,23.0334],[70.1784,23.0618],[70.1877,23.0471],[70.2167,23.0481],[70.2254,22.986],[70.1914,23.02],[70.1608,22.9829],[70.1935,22.977],[70.1906,22.9606],[70.1459,22.9694],[70.1341,22.9871]]],[[[70.0919,22.9205],[70.086,22.9212],[70.0877,22.9235],[70.093,22.9236],[70.0966,22.9229],[70.1064,22.9258],[70.1105,22.9279],[70.1116,22.9255],[70.1086,22.9247],[70.1063,22.9227],[70.1016,22.9212],[70.0919,22.9205]]],[[[70.0041,22.5791],[70.0014,22.5816],[70.0008,22.5889],[70.0033,22.5903],[70.0061,22.589],[70.007,22.5868],[70.0056,22.5811],[70.0041,22.5791]]],[[[69.9606,22.5489],[69.9589,22.5495],[69.9569,22.5598],[69.9603,22.568],[69.9638,22.5705],[69.9638,22.5664],[69.9586,22.5621],[69.9585,22.5528],[69.9606,22.5489]]],[[[69.9551,22.5945],[69.9488,22.6018],[69.9493,22.6038],[69.9527,22.6049],[69.9557,22.6029],[69.9573,22.6005],[69.9532,22.6002],[69.9534,22.5976],[69.9579,22.5972],[69.9551,22.5945]]],[[[69.9423,22.5487],[69.9434,22.5502],[69.9484,22.5504],[69.9484,22.5488],[69.9437,22.5494],[69.9423,22.5487]]],[[[69.9247,22.4504],[69.9221,22.4521],[69.921,22.4552],[69.9236,22.4619],[69.9237,22.4652],[69.9269,22.4639],[69.9287,22.4613],[69.9309,22.4552],[69.9267,22.4509],[69.9247,22.4504]]],[[[69.9221,22.4656],[69.9185,22.4696],[69.9222,22.4699],[69.9221,22.4656]]],[[[69.919,22.4566],[69.9156,22.4573],[69.9134,22.4594],[69.9146,22.4612],[69.9135,22.4658],[69.9187,22.4635],[69.9195,22.4606],[69.919,22.4566]]],[[[69.9072,22.5154],[69.9041,22.5162],[69.9011,22.5154],[69.8983,22.518],[69.9074,22.5166],[69.9072,22.5154]]],[[[69.6708,22.7481],[69.6633,22.7491],[69.6539,22.7522],[69.652,22.7534],[69.6392,22.7571],[69.6353,22.7608],[69.6406,22.7606],[69.6426,22.7588],[69.6473,22.759],[69.6517,22.757],[69.6542,22.7546],[69.6649,22.7531],[69.6708,22.7492],[69.6708,22.7481]]],[[[69.6246,22.7836],[69.5977,22.7885],[69.6058,22.7977],[69.585,22.809],[69.6246,22.7836]]],[[[69.6218,22.4135],[69.618,22.4151],[69.6196,22.4173],[69.623,22.4184],[69.6218,22.4135]]],[[[69.6145,22.7548],[69.6145,22.7561],[69.6087,22.7569],[69.6012,22.7572],[69.597,22.7594],[69.5832,22.762],[69.5782,22.7637],[69.5751,22.7665],[69.5701,22.7689],[69.561,22.7744],[69.558,22.7777],[69.5576,22.7805],[69.5526,22.7846],[69.5525,22.7885],[69.5544,22.7896],[69.5577,22.7862],[69.5606,22.7882],[69.5594,22.7807],[69.5646,22.7776],[69.5668,22.7753],[69.5702,22.7762],[69.5752,22.7727],[69.5738,22.7699],[69.5754,22.7686],[69.5826,22.7678],[69.5812,22.7647],[69.5882,22.7647],[69.5965,22.7632],[69.5984,22.7641],[69.6018,22.7624],[69.6081,22.7619],[69.6109,22.7627],[69.6137,22.7616],[69.6179,22.7615],[69.6174,22.7576],[69.6145,22.7548]]],[[[69.6089,22.424],[69.6069,22.425],[69.6078,22.4281],[69.6111,22.4281],[69.6116,22.4242],[69.6089,22.424]]],[[[69.5494,22.7772],[69.5484,22.779],[69.5452,22.7805],[69.5472,22.7832],[69.5502,22.7834],[69.5519,22.7803],[69.5494,22.7772]]],[[[69.5433,22.7847],[69.5372,22.7853],[69.5313,22.7869],[69.5277,22.7872],[69.525,22.7887],[69.5194,22.79],[69.5203,22.7916],[69.5269,22.7917],[69.5372,22.7889],[69.5438,22.7889],[69.5502,22.7854],[69.5438,22.7856],[69.5433,22.7847]]],[[[69.4515,22.2969],[69.4508,22.2994],[69.4531,22.3045],[69.4544,22.3032],[69.4515,22.2969]]],[[[69.3329,22.3736],[69.331,22.3752],[69.3274,22.3817],[69.3314,22.3839],[69.3338,22.3795],[69.3329,22.3736]]],[[[69.2968,22.4581],[69.2928,22.4589],[69.2962,22.4645],[69.2968,22.4581]]],[[[69.0855,22.4213],[69.0938,22.4614],[69.1476,22.474],[69.1427,22.4616],[69.1089,22.4619],[69.1074,22.4371],[69.0855,22.4213]]],[[[68.9558,24.1886],[68.9547,24.1907],[68.9575,24.1921],[68.9586,24.1889],[68.9558,24.1886]]],[[[68.9432,24.1992],[68.9426,24.2011],[68.946,24.202],[68.9463,24.1997],[68.9432,24.1992]]],[[[68.9452,24.1512],[68.9424,24.1517],[68.9418,24.1542],[68.9452,24.1544],[68.9452,24.1512]]],[[[68.934,24.1425],[68.9286,24.1446],[68.9284,24.1477],[68.9287,24.1494],[68.9275,24.1478],[68.9228,24.1517],[68.9272,24.1518],[68.9291,24.1507],[68.9298,24.1539],[68.9323,24.1544],[68.9334,24.1509],[68.9379,24.1503],[68.939,24.1474],[68.9373,24.1447],[68.934,24.1425]]],[[[68.9275,24.1777],[68.9261,24.181],[68.9297,24.1811],[68.9275,24.1777]]],[[[68.9239,24.1409],[68.9236,24.1448],[68.9264,24.1461],[68.9279,24.1433],[68.9239,24.1409]]],[[[68.9077,24.1428],[68.8976,24.151],[68.9107,24.159],[68.9077,24.1428]]],[[[68.8897,24.0994],[68.8667,24.1062],[68.8821,24.1242],[68.8714,24.1355],[68.9075,24.1278],[68.8897,24.0994]]],[[[68.8955,24.1783],[68.8933,24.1792],[68.8936,24.1821],[68.8961,24.1852],[68.9014,24.1877],[68.9053,24.1885],[68.9056,24.186],[68.9008,24.1793],[68.8955,24.1783]]],[[[68.8967,24.1426],[68.8937,24.1435],[68.8926,24.1453],[68.8927,24.1507],[68.8967,24.1515],[68.8974,24.1453],[68.8967,24.1426]]],[[[68.87,24.1491],[68.8673,24.15],[68.87,24.1528],[68.8745,24.1518],[68.87,24.1491]]],[[[68.8614,24.1098],[68.8574,24.1112],[68.8558,24.1104],[68.8535,24.1152],[68.8563,24.1205],[68.856,24.1234],[68.8583,24.1242],[68.8597,24.1281],[68.8647,24.1304],[68.8665,24.1214],[68.8632,24.1157],[68.8614,24.1098]]],[[[68.8559,23.9981],[68.8449,24.0252],[68.8631,24.0192],[68.8559,23.9981]]],[[[68.8453,23.9172],[68.8459,23.9211],[68.8491,23.9211],[68.8494,23.9185],[68.8453,23.9172]]],[[[68.8459,24.1355],[68.838,24.1368],[68.8403,24.1395],[68.8437,24.1391],[68.8459,24.1355]]],[[[68.835,24.1179],[68.8325,24.1181],[68.8295,24.1221],[68.8309,24.126],[68.8341,24.1278],[68.8319,24.1332],[68.8375,24.1341],[68.8406,24.1324],[68.8427,24.1296],[68.8416,24.1255],[68.8421,24.1221],[68.8367,24.121],[68.835,24.1179]]],[[[68.8223,24.163],[68.8194,24.1666],[68.8195,24.1709],[68.8231,24.1704],[68.8265,24.171],[68.8265,24.1647],[68.8223,24.163]]],[[[68.8147,24.1742],[68.8088,24.1777],[68.8071,24.1808],[68.8108,24.1817],[68.8172,24.178],[68.8174,24.1751],[68.8147,24.1742]]],[[[68.7954,23.9506],[68.7935,23.9509],[68.7912,23.9567],[68.7957,23.9571],[68.7954,23.9506]]],[[[68.7889,24.1925],[68.7869,24.1952],[68.7903,24.1957],[68.7889,24.1925]]],[[[68.7841,24.1976],[68.7788,24.1985],[68.7745,24.203],[68.7727,24.2034],[68.7723,24.2081],[68.7768,24.2071],[68.7846,24.2037],[68.786,24.2017],[68.7894,24.2013],[68.7841,24.1976]]],[[[68.7845,23.9533],[68.7823,23.957],[68.7849,23.9583],[68.7863,23.9558],[68.7845,23.9533]]],[[[68.7742,23.9094],[68.7707,23.9112],[68.7734,23.9134],[68.7753,23.9133],[68.7742,23.9094]]],[[[68.7448,23.9036],[68.7423,23.9043],[68.7378,23.9108],[68.7417,23.9114],[68.744,23.9089],[68.7448,23.9036]]],[[[68.7053,23.8169],[68.7075,23.8196],[68.7092,23.8171],[68.7053,23.8169]]],[[[68.6527,23.2755],[68.6502,23.2777],[68.6454,23.2803],[68.6446,23.2844],[68.6488,23.2852],[68.6525,23.2798],[68.6527,23.2755]]],[[[68.6421,23.2666],[68.6381,23.2694],[68.6358,23.273],[68.6325,23.2854],[68.6294,23.2898],[68.6298,23.2952],[68.637,23.2957],[68.6395,23.2936],[68.6393,23.2891],[68.6344,23.2898],[68.6352,23.2859],[68.6383,23.2787],[68.6383,23.2754],[68.6396,23.2697],[68.6421,23.2666]]],[[[68.6161,23.192],[68.5842,23.2219],[68.589,23.238],[68.6372,23.1871],[68.6161,23.192]]],[[[68.6341,23.7413],[68.6336,23.7449],[68.6365,23.7441],[68.6341,23.7413]]],[[[68.6161,23.3013],[68.6126,23.3036],[68.6074,23.3127],[68.6051,23.3134],[68.6049,23.3165],[68.6071,23.3174],[68.6081,23.3142],[68.6108,23.3111],[68.6148,23.3047],[68.6161,23.3013]]],[[[68.6099,23.3314],[68.6054,23.3326],[68.5962,23.3386],[68.5892,23.3436],[68.5831,23.3537],[68.579,23.3579],[68.5784,23.3612],[68.5758,23.3653],[68.5783,23.3656],[68.584,23.3581],[68.5875,23.3563],[68.5846,23.3625],[68.588,23.3655],[68.5886,23.3615],[68.5922,23.3579],[68.5942,23.3507],[68.5962,23.3494],[68.5981,23.3435],[68.6012,23.3435],[68.6014,23.3414],[68.6048,23.3371],[68.606,23.3335],[68.6099,23.3314]]],[[[68.5998,23.7292],[68.5984,23.7307],[68.5992,23.7361],[68.6014,23.7384],[68.6053,23.7366],[68.6034,23.7314],[68.5998,23.7292]]],[[[68.5816,23.7175],[68.5841,23.7198],[68.5854,23.7255],[68.5827,23.7264],[68.5805,23.7238],[68.5773,23.7244],[68.5802,23.7286],[68.5821,23.7295],[68.5883,23.7292],[68.5919,23.7301],[68.5925,23.7255],[68.589,23.7198],[68.5864,23.7178],[68.5816,23.7175]]],[[[68.5786,23.2462],[68.5475,23.261],[68.5394,23.2846],[68.5834,23.2557],[68.5786,23.2462]]],[[[68.5755,23.2614],[68.5686,23.2619],[68.5663,23.2628],[68.564,23.2656],[68.5646,23.269],[68.5691,23.2669],[68.5711,23.2641],[68.5758,23.265],[68.5811,23.2625],[68.5755,23.2614]]],[[[68.5746,23.2791],[68.5703,23.2811],[68.573,23.2824],[68.5755,23.2809],[68.5746,23.2791]]],[[[68.5624,23.2859],[68.5604,23.2862],[68.5579,23.29],[68.5548,23.2921],[68.5535,23.2963],[68.5543,23.3076],[68.5559,23.3127],[68.5577,23.3125],[68.5577,23.3073],[68.5598,23.3023],[68.5567,23.3022],[68.5572,23.2999],[68.5622,23.2922],[68.5636,23.2886],[68.5624,23.2859]]],[[[68.5431,23.3786],[68.5378,23.381],[68.5381,23.3828],[68.5422,23.3817],[68.5431,23.3786]]],[[[68.5353,23.3715],[68.5321,23.3739],[68.53,23.3811],[68.5322,23.3832],[68.5347,23.3824],[68.5331,23.3773],[68.5384,23.376],[68.5353,23.3715]]],[[[68.5335,23.3167],[68.531,23.3167],[68.5332,23.323],[68.5363,23.3222],[68.5358,23.3177],[68.5335,23.3167]]],[[[68.5259,23.6527],[68.5268,23.6558],[68.5321,23.6574],[68.5326,23.6551],[68.5259,23.6527]]],[[[68.5266,23.3186],[68.5228,23.3209],[68.5231,23.3242],[68.5249,23.3262],[68.5288,23.3259],[68.5323,23.3235],[68.5321,23.3217],[68.528,23.3206],[68.5266,23.3186]]],[[[68.532,23.3657],[68.5265,23.3683],[68.5226,23.3734],[68.5233,23.3757],[68.5297,23.3678],[68.532,23.3657]]],[[[68.5274,23.3861],[68.5258,23.3867],[68.5207,23.3922],[68.5197,23.3989],[68.5208,23.4025],[68.5232,23.4012],[68.5264,23.395],[68.5269,23.3914],[68.5286,23.3899],[68.5274,23.3861]]],[[[68.5164,23.4359],[68.5154,23.4411],[68.5173,23.4411],[68.5181,23.4361],[68.5164,23.4359]]],[[[68.5179,23.3193],[68.5023,23.3233],[68.5036,23.3426],[68.5179,23.3193]]],[[[68.5122,23.431],[68.5106,23.4311],[68.5059,23.4354],[68.5076,23.438],[68.5073,23.4459],[68.5094,23.4462],[68.5093,23.438],[68.5114,23.4354],[68.5122,23.431]]],[[[68.4761,23.4004],[68.4744,23.4004],[68.466,23.4028],[68.4694,23.404],[68.4758,23.4023],[68.4761,23.4004]]],[[[68.4368,23.3978],[68.4317,23.3987],[68.4217,23.402],[68.4114,23.4039],[68.4098,23.4057],[68.4097,23.409],[68.4133,23.4109],[68.4177,23.4088],[68.4197,23.4052],[68.4225,23.4027],[68.4354,23.4001],[68.4368,23.3978]]],[[[68.4304,23.508],[68.4282,23.5085],[68.4278,23.5123],[68.4291,23.5208],[68.4305,23.5188],[68.4292,23.5113],[68.4304,23.508]]],[[[68.4085,23.4125],[68.4057,23.4125],[68.4028,23.4144],[68.3991,23.4196],[68.3998,23.4206],[68.3976,23.4262],[68.3987,23.4286],[68.4019,23.4229],[68.4018,23.4191],[68.4057,23.4156],[68.4085,23.4147],[68.4085,23.4125]]],[[[68.4034,23.4376],[68.4002,23.4409],[68.3996,23.4474],[68.4015,23.4492],[68.4018,23.4404],[68.4034,23.4376]]],[[[68.2455,23.6797],[68.2341,23.6853],[68.2343,23.6878],[68.2294,23.6894],[68.2258,23.6935],[68.2281,23.6959],[68.2353,23.6965],[68.2366,23.6953],[68.2348,23.6882],[68.2407,23.6876],[68.2416,23.6853],[68.2407,23.6825],[68.2455,23.6797]]],[[[68.2377,23.5814],[68.2335,23.5814],[68.2262,23.5824],[68.2245,23.5851],[68.2273,23.5863],[68.2293,23.5837],[68.2332,23.5835],[68.2377,23.5814]]],[[[68.2323,23.6975],[68.23,23.701],[68.2339,23.7005],[68.2323,23.6975]]],[[[68.2267,23.6972],[68.2247,23.6972],[68.2191,23.6995],[68.2108,23.7055],[68.2012,23.7193],[68.2002,23.7224],[68.1971,23.7249],[68.1947,23.7281],[68.2002,23.7268],[68.2008,23.7224],[68.2036,23.7178],[68.2073,23.7173],[68.2067,23.714],[68.2095,23.7086],[68.2115,23.7083],[68.2188,23.7042],[68.2227,23.7045],[68.2238,23.7059],[68.2277,23.7058],[68.2287,23.704],[68.2285,23.6986],[68.2267,23.6972]]],[[[68.2105,23.6409],[68.2113,23.6435],[68.2155,23.6455],[68.2172,23.6423],[68.2105,23.6409]]],[[[68.2007,23.5958],[68.1961,23.5968],[68.1943,23.5999],[68.1943,23.6042],[68.1976,23.6017],[68.1985,23.5976],[68.2007,23.5958]]],[[[68.1901,23.5961],[68.1882,23.5961],[68.1859,23.5996],[68.185,23.6052],[68.1863,23.6052],[68.1866,23.5998],[68.1901,23.5961]]]]}},{"type":"Feature","properties":{"NAM_0":"Philippines"},"geometry":{"type":"MultiPolygon","coordinates":[[[[124.2483,7.2265],[124.2038,7.262],[124.2196,7.2841],[124.2055,7.3517],[124.2589,7.3465],[124.2493,7.4075],[124.2345,7.4186],[124.206,7.4079],[124.1956,7.4213],[124.155,7.4023],[124.1791,7.4128],[124.1721,7.4279],[124.1303,7.4442],[124.1301,7.4547],[124.149,7.4403],[124.1548,7.4539],[124.0334,7.63],[124.0131,7.6476],[123.9784,7.6461],[123.9731,7.6665],[123.9181,7.6917],[123.7724,7.7048],[123.7629,7.7329],[123.7364,7.7324],[123.7262,7.7845],[123.6919,7.798],[123.6865,7.8149],[123.5723,7.8519],[123.4619,7.8119],[123.4523,7.8248],[123.4233,7.8153],[123.422,7.7679],[123.4826,7.7281],[123.478,7.6681],[123.4653,7.6351],[123.3831,7.6142],[123.3715,7.6001],[123.3869,7.5846],[123.3386,7.5722],[123.3363,7.5548],[123.3802,7.5333],[123.3956,7.4586],[123.4116,7.4677],[123.4491,7.4366],[123.4353,7.409],[123.4521,7.3722],[123.4053,7.3579],[123.2838,7.4721],[123.2903,7.5094],[123.314,7.5277],[123.2249,7.5399],[123.1787,7.5036],[123.1982,7.485],[123.1755,7.4661],[123.1657,7.4958],[123.1163,7.5147],[123.1038,7.5567],[123.1317,7.5675],[123.1259,7.579],[123.1748,7.5752],[123.1972,7.5917],[123.1826,7.6433],[123.1398,7.6438],[123.1295,7.6598],[123.1471,7.6879],[123.1181,7.7243],[123.1192,7.7508],[123.0805,7.6797],[123.061,7.6792],[123.0591,7.6605],[123.0296,7.6601],[123.0556,7.6276],[123.026,7.6245],[123.0312,7.5682],[122.9921,7.5005],[123.0024,7.4884],[122.9898,7.4591],[122.9707,7.4947],[122.96,7.4755],[122.9491,7.4817],[122.9077,7.5464],[122.8896,7.5403],[122.8853,7.5093],[122.8501,7.4938],[122.8739,7.4835],[122.8758,7.4649],[122.8682,7.4734],[122.8435,7.4376],[122.8334,7.4497],[122.8148,7.4355],[122.8279,7.4817],[122.7964,7.4932],[122.7819,7.4713],[122.7903,7.5154],[122.808,7.5239],[122.83,7.5035],[122.831,7.5193],[122.8558,7.5206],[122.8302,7.5386],[122.8175,7.5791],[122.7897,7.5922],[122.8064,7.5971],[122.8053,7.6202],[122.7884,7.6131],[122.8011,7.6319],[122.7848,7.6781],[122.7978,7.7036],[122.8149,7.7023],[122.801,7.7067],[122.8027,7.7259],[122.826,7.7093],[122.8165,7.7402],[122.759,7.7787],[122.7678,7.7622],[122.7456,7.7505],[122.7119,7.7961],[122.6722,7.7667],[122.6546,7.7907],[122.621,7.7775],[122.6205,7.7598],[122.5418,7.7346],[122.4941,7.6575],[122.4711,7.6497],[122.4731,7.6216],[122.4465,7.6148],[122.4326,7.5676],[122.5064,7.5791],[122.4585,7.5071],[122.4383,7.5014],[122.4716,7.5376],[122.4607,7.5561],[122.4318,7.5424],[122.4342,7.5286],[122.4458,7.533],[122.4208,7.5036],[122.4098,7.5143],[122.396,7.4893],[122.3538,7.4691],[122.3424,7.3987],[122.3876,7.3939],[122.3807,7.3605],[122.3273,7.306],[122.3358,7.3291],[122.3154,7.3275],[122.329,7.3595],[122.3191,7.3373],[122.2902,7.3252],[122.276,7.2332],[122.2436,7.1841],[122.2581,7.1617],[122.2407,7.131],[122.2588,7.1209],[122.2427,7.1223],[122.2497,7.1029],[122.2034,7.0662],[122.1848,6.9517],[122.1375,6.931],[122.1593,6.9182],[122.1525,6.9103],[122.0903,6.8956],[121.9381,6.9654],[121.898,7.1073],[121.9293,7.1989],[122.0129,7.2784],[122.0651,7.2987],[122.0645,7.3146],[122.0375,7.326],[122.0312,7.3566],[122.0582,7.4034],[122.0559,7.4477],[122.0905,7.497],[122.0743,7.5238],[122.102,7.5246],[122.1437,7.5739],[122.1058,7.5958],[122.1362,7.6561],[122.1167,7.7223],[122.0878,7.7377],[122.1036,7.7621],[122.124,7.7551],[122.1051,7.7857],[122.1195,7.776],[122.1605,7.8583],[122.2248,7.9045],[122.2275,7.9605],[122.3445,8.0372],[122.4639,8.0726],[122.5046,8.0649],[122.5767,8.0802],[122.6279,8.1113],[122.6618,8.1619],[122.6851,8.1217],[122.7606,8.113],[122.8359,8.1272],[122.8584,8.1458],[122.9104,8.1449],[122.9867,8.1988],[122.995,8.2504],[122.9667,8.2615],[122.9379,8.3051],[122.9839,8.3281],[122.9807,8.4136],[123.0079,8.4268],[123.0318,8.4902],[123.0667,8.5158],[123.182,8.533],[123.3104,8.5165],[123.3371,8.5885],[123.3498,8.5867],[123.337,8.5921],[123.3512,8.6349],[123.3714,8.6434],[123.3929,8.6247],[123.4145,8.6364],[123.4215,8.6627],[123.3993,8.6779],[123.4037,8.7034],[123.3947,8.689],[123.3789,8.7042],[123.3805,8.7263],[123.4362,8.716],[123.4494,8.6828],[123.4756,8.6812],[123.5015,8.7013],[123.5078,8.6819],[123.4869,8.6443],[123.5133,8.6215],[123.5351,8.6316],[123.534,8.6116],[123.5449,8.6259],[123.5589,8.6195],[123.5539,8.5901],[123.5671,8.596],[123.569,8.5651],[123.577,8.62],[123.591,8.6034],[123.5923,8.6333],[123.6104,8.6263],[123.6171,8.6377],[123.5983,8.6615],[123.5804,8.6571],[123.5877,8.669],[123.6188,8.6658],[123.6076,8.6503],[123.6356,8.6418],[123.6383,8.625],[123.6727,8.6311],[123.663,8.6433],[123.6897,8.6404],[123.7249,8.6117],[123.7246,8.5932],[123.7347,8.6009],[123.744,8.5862],[123.7427,8.5967],[123.736,8.5756],[123.7855,8.5286],[123.7667,8.5126],[123.818,8.4754],[123.8359,8.4318],[123.8468,8.3338],[123.8637,8.325],[123.8453,8.282],[123.8671,8.1668],[123.7904,8.1027],[123.7746,8.0647],[123.6877,8.0496],[123.6441,8.0124],[123.6323,8.0252],[123.6607,7.9999],[123.6148,7.9958],[123.586,8.0118],[123.5986,7.9814],[123.6332,7.978],[123.6226,7.9494],[123.6458,7.9406],[123.6703,7.9536],[123.6876,7.9328],[123.7044,7.9562],[123.688,7.9591],[123.69,7.9743],[123.7095,7.9572],[123.6999,7.978],[123.7473,7.9974],[123.8082,8.074],[123.8428,8.1022],[123.9029,8.1169],[123.9551,8.1685],[124.031,8.1973],[124.1673,8.1868],[124.2304,8.2185],[124.2643,8.2791],[124.2466,8.3295],[124.2831,8.3966],[124.2841,8.4639],[124.3124,8.5364],[124.3829,8.5908],[124.4418,8.6209],[124.4767,8.621],[124.4686,8.5903],[124.57,8.5378],[124.5776,8.5192],[124.6407,8.5146],[124.6437,8.4914],[124.6624,8.5073],[124.6659,8.4835],[124.6985,8.4723],[124.7442,8.4953],[124.7431,8.557],[124.7714,8.5962],[124.7626,8.6418],[124.7416,8.6523],[124.7408,8.6914],[124.7586,8.7178],[124.7848,8.7123],[124.7736,8.712],[124.7642,8.7617],[124.7919,8.8205],[124.7717,8.9657],[124.8046,8.9983],[124.8782,9.0159],[124.8707,9.0053],[124.9063,8.9816],[125.0247,8.9188],[125.0199,8.9013],[125.0783,8.8285],[125.1669,8.8515],[125.1875,8.9274],[125.1715,9.0107],[125.1875,9.0791],[125.2076,9.0938],[125.237,9.0307],[125.2782,8.9923],[125.332,8.9899],[125.3296,8.9721],[125.3536,8.9927],[125.4276,8.9755],[125.5182,9.0108],[125.5467,8.9483],[125.5223,9.0121],[125.5391,9.0529],[125.5205,9.0175],[125.5115,9.0279],[125.5348,9.0702],[125.5193,9.1445],[125.5305,9.1933],[125.5048,9.2499],[125.5036,9.3017],[125.4503,9.4204],[125.4483,9.4732],[125.391,9.6565],[125.402,9.7686],[125.4378,9.7906],[125.4452,9.8236],[125.4565,9.8018],[125.4967,9.7927],[125.5046,9.7642],[125.5371,9.77],[125.5538,9.762],[125.5511,9.7459],[125.5684,9.7536],[125.5785,9.7023],[125.6063,9.6775],[125.6085,9.6317],[125.684,9.6018],[125.6717,9.5816],[125.6908,9.6007],[125.7189,9.5874],[125.7085,9.5817],[125.7195,9.5856],[125.7191,9.5708],[125.7372,9.5725],[125.7404,9.5916],[125.7407,9.5653],[125.7654,9.5506],[125.7887,9.5571],[125.8625,9.5335],[125.8738,9.5001],[125.9174,9.4959],[125.9445,9.445],[125.9382,9.4677],[125.9624,9.4801],[125.9539,9.4415],[125.9223,9.4437],[125.8877,9.4199],[125.9155,9.3841],[125.932,9.3954],[125.9332,9.3745],[125.9529,9.3667],[125.9883,9.4023],[125.9683,9.3702],[125.9859,9.3406],[125.9723,9.3267],[125.9846,9.3389],[126.0176,9.2697],[126.0057,9.2679],[126.0511,9.233],[126.1196,9.2569],[126.1697,9.3085],[126.2065,9.3067],[126.1775,9.2355],[126.1798,9.1644],[126.1577,9.1068],[126.1806,9.0785],[126.1976,9.0896],[126.2376,9.017],[126.2037,9.0304],[126.2006,8.9951],[126.1796,9.0041],[126.1994,8.9917],[126.2404,9.0111],[126.2629,8.9827],[126.2427,9.0148],[126.2761,8.9831],[126.2723,8.9704],[126.2888,8.9758],[126.3087,8.9542],[126.3105,8.9357],[126.2926,8.924],[126.325,8.9203],[126.3072,8.8793],[126.3351,8.8419],[126.3147,8.8374],[126.3274,8.8243],[126.3055,8.8102],[126.3028,8.7819],[126.2389,8.7632],[126.2406,8.7462],[126.2121,8.731],[126.225,8.6961],[126.1969,8.7067],[126.1395,8.6641],[126.1226,8.6668],[126.0835,8.6109],[126.12,8.5882],[126.1171,8.5501],[126.1431,8.5292],[126.1601,8.5407],[126.2389,8.5263],[126.189,8.5459],[126.2075,8.5581],[126.2624,8.5504],[126.2877,8.5289],[126.3379,8.5306],[126.3566,8.5477],[126.3516,8.5186],[126.3893,8.5111],[126.3973,8.4672],[126.3361,8.4799],[126.3619,8.4635],[126.3459,8.4212],[126.3727,8.4315],[126.3795,8.4106],[126.3605,8.3891],[126.3502,8.3963],[126.3545,8.3676],[126.3307,8.3824],[126.3391,8.3658],[126.3186,8.3521],[126.3351,8.3331],[126.3099,8.3412],[126.3355,8.3302],[126.3303,8.3142],[126.3789,8.2973],[126.3575,8.2638],[126.3189,8.2447],[126.3123,8.2172],[126.3438,8.1833],[126.4348,8.2391],[126.444,8.1648],[126.4238,8.1121],[126.4506,8.0994],[126.4083,8.051],[126.4209,8.0505],[126.4212,8.016],[126.4065,8.0031],[126.4153,7.9843],[126.4487,7.988],[126.3743,7.9426],[126.3591,7.8843],[126.3831,7.8677],[126.3821,7.8298],[126.4485,7.8076],[126.46,7.7721],[126.4582,7.7881],[126.5003,7.7382],[126.5487,7.7276],[126.5526,7.6372],[126.5776,7.6077],[126.5636,7.6084],[126.5582,7.578],[126.5824,7.5674],[126.599,7.4826],[126.5893,7.5211],[126.5777,7.5205],[126.5962,7.4514],[126.5575,7.4468],[126.5478,7.4254],[126.5534,7.4012],[126.5778,7.3957],[126.5556,7.3741],[126.5701,7.3333],[126.5511,7.3116],[126.5664,7.2876],[126.6049,7.2879],[126.5651,7.2323],[126.5613,7.2024],[126.5337,7.2064],[126.5154,7.1235],[126.4884,7.1177],[126.4665,7.0852],[126.474,7.0639],[126.4528,7.0576],[126.4472,7.0256],[126.4587,6.9953],[126.3653,6.9922],[126.3377,7.0053],[126.3077,6.9404],[126.2824,6.9296],[126.2913,6.9014],[126.3439,6.8597],[126.3494,6.8015],[126.3112,6.8026],[126.2875,6.8223],[126.3004,6.8641],[126.2779,6.8833],[126.2695,6.9268],[126.2577,6.9182],[126.2052,6.9533],[126.177,6.9001],[126.1886,6.8794],[126.1548,6.9066],[126.2602,6.7503],[126.2203,6.635],[126.2286,6.5305],[126.2118,6.5067],[126.2258,6.4349],[126.198,6.3892],[126.2036,6.2872],[126.1915,6.2728],[126.1928,6.3244],[126.1672,6.3707],[126.1358,6.3876],[126.1505,6.4188],[126.0842,6.5289],[126.0931,6.5992],[126.0703,6.6617],[126.0923,6.6816],[126.0978,6.7357],[126.075,6.7617],[126.0797,6.8544],[125.9986,6.8963],[125.9725,6.9503],[125.9904,7.0125],[125.9822,7.0303],[125.9506,7.0467],[125.9571,7.0665],[125.884,7.1252],[125.8924,7.1658],[125.8378,7.2537],[125.8516,7.361],[125.811,7.3657],[125.7164,7.2936],[125.6966,7.2934],[125.6788,7.2522],[125.6479,7.2371],[125.6635,7.1298],[125.6501,7.0974],[125.5763,7.0242],[125.5656,7.0446],[125.5409,7.0423],[125.4893,6.9868],[125.4899,6.9209],[125.4564,6.8963],[125.4096,6.8219],[125.3797,6.8066],[125.3909,6.7565],[125.3729,6.726],[125.3869,6.6032],[125.4445,6.5783],[125.427,6.6303],[125.4634,6.5943],[125.484,6.5974],[125.4812,6.5724],[125.5178,6.5567],[125.5251,6.5162],[125.5663,6.5307],[125.5815,6.516],[125.5658,6.5017],[125.5842,6.4894],[125.5951,6.4987],[125.5834,6.4408],[125.6188,6.4084],[125.6714,6.2601],[125.7036,6.2125],[125.715,6.1025],[125.7021,6.0266],[125.6606,5.9199],[125.514,5.7506],[125.4141,5.5728],[125.3283,5.5566],[125.294,5.582],[125.3086,5.6335],[125.2868,5.6926],[125.2384,5.7176],[125.2166,5.7678],[125.1823,5.7744],[125.1889,5.7872],[125.1744,5.7973],[125.1805,5.8378],[125.2036,5.8251],[125.2208,5.8595],[125.214,5.8853],[125.2724,5.9186],[125.2662,5.9371],[125.2918,5.9813],[125.2727,6.0827],[125.24,6.0969],[125.2364,6.1276],[125.2363,6.0965],[125.1738,6.1061],[125.1534,6.0909],[125.1417,6.0201],[125.0974,5.9494],[125.0966,5.9113],[125.0757,5.8946],[125.0879,5.8739],[125.079,5.8626],[125.0339,5.8507],[124.9228,5.8602],[124.8215,5.8906],[124.6388,5.985],[124.6025,5.9861],[124.5758,6.0157],[124.5194,6.0231],[124.3641,6.1151],[124.3222,6.1142],[124.2775,6.1577],[124.2625,6.1521],[124.1846,6.2099],[124.1679,6.2718],[124.0998,6.3317],[124.0763,6.3904],[124.0558,6.38],[124.0207,6.5306],[124.0637,6.5427],[124.0363,6.5538],[124.0522,6.6283],[124.0374,6.693],[124.0158,6.7191],[124.0535,6.7448],[124.0125,6.7932],[123.9762,6.7679],[123.9747,6.7947],[123.9598,6.788],[123.9623,6.8117],[123.9435,6.8182],[123.9618,6.8274],[123.9576,6.8545],[123.9746,6.8648],[123.9569,6.9102],[124.0018,7.0431],[124.064,7.1433],[124.1144,7.1507],[124.1648,7.1939],[124.2189,7.1836],[124.1623,7.2018],[124.1711,7.2242],[124.2002,7.2204],[124.1818,7.2278],[124.1934,7.2522],[124.2483,7.2265]]],[[[126.562,7.6993],[126.5599,7.7011],[126.5607,7.7033],[126.5635,7.7036],[126.5651,7.7018],[126.562,7.6993]]],[[[126.5567,7.7279],[126.5574,7.7315],[126.56,7.7307],[126.5567,7.7279]]],[[[126.4451,8.2383],[126.4401,8.24],[126.4432,8.2466],[126.4483,8.2423],[126.4451,8.2383]]],[[[126.4153,7.9632],[126.4178,7.9634],[126.4187,7.9599],[126.4156,7.9583],[126.4145,7.9601],[126.4153,7.9632]]],[[[126.3919,8.299],[126.3932,8.3027],[126.3966,8.3041],[126.3994,8.3076],[126.4039,8.308],[126.4042,8.3036],[126.4023,8.3014],[126.3976,8.3032],[126.3937,8.302],[126.3919,8.299]]],[[[126.3939,8.3925],[126.3959,8.3972],[126.3915,8.3958],[126.3902,8.3964],[126.3867,8.4006],[126.3863,8.4039],[126.3884,8.4057],[126.3905,8.4029],[126.3954,8.4004],[126.3973,8.3976],[126.3972,8.3945],[126.3939,8.3925]]],[[[126.3837,8.4445],[126.3788,8.4452],[126.3778,8.4465],[126.3741,8.446],[126.3726,8.4483],[126.3746,8.4494],[126.3803,8.4483],[126.3819,8.4491],[126.3938,8.4485],[126.3966,8.4472],[126.3917,8.4447],[126.3904,8.4455],[126.3837,8.4445]]],[[[126.3427,8.8739],[126.341,8.8751],[126.3395,8.8793],[126.3413,8.88],[126.3427,8.8739]]],[[[126.3063,8.7781],[126.3056,8.7799],[126.3089,8.7808],[126.3092,8.7785],[126.3063,8.7781]]],[[[126.2758,6.7782],[126.268,6.7819],[126.2649,6.7846],[126.2621,6.7884],[126.2608,6.7887],[126.2579,6.7958],[126.2628,6.7954],[126.2652,6.7935],[126.2693,6.7926],[126.2711,6.788],[126.2762,6.7823],[126.2758,6.7782]]],[[[126.2404,8.6946],[126.2397,8.696],[126.2425,8.6986],[126.243,8.6949],[126.2404,8.6946]]],[[[126.2295,9.0],[126.2018,8.9954],[126.2092,9.0258],[126.235,9.0114],[126.2295,9.0]]],[[[126.2257,6.426],[126.2234,6.4264],[126.2226,6.4285],[126.2239,6.4323],[126.2269,6.4313],[126.2257,6.426]]],[[[126.1942,9.2298],[126.1918,9.2301],[126.1915,9.2334],[126.197,9.2323],[126.1942,9.2298]]],[[[126.1747,9.6126],[126.1757,9.6157],[126.1825,9.6112],[126.1786,9.6105],[126.1766,9.6074],[126.1742,9.6071],[126.1712,9.6087],[126.1747,9.6126]]],[[[126.1733,9.6306],[126.1752,9.6358],[126.1745,9.6392],[126.1778,9.6409],[126.1805,9.6387],[126.1801,9.6343],[126.1807,9.6276],[126.1798,9.6219],[126.1775,9.619],[126.1759,9.6192],[126.1731,9.6224],[126.1726,9.6288],[126.1733,9.6306]]],[[[126.1544,9.7412],[126.1567,9.7429],[126.1609,9.7429],[126.1687,9.7458],[126.1728,9.7455],[126.1732,9.7429],[126.1713,9.7395],[126.1654,9.7365],[126.1563,9.7362],[126.1531,9.7389],[126.1544,9.7412]]],[[[126.1559,9.8073],[126.1681,9.8116],[126.1642,9.7869],[126.1265,9.7571],[126.1119,9.7711],[126.1144,9.7476],[126.0496,9.756],[126.0108,9.7791],[126.0339,9.7549],[126.0241,9.7495],[125.9944,9.7924],[126.0092,9.8023],[125.9989,9.8076],[126.011,9.8803],[125.9706,9.8659],[125.9682,9.8976],[125.9925,9.9082],[126.0002,9.9541],[126.0374,10.0025],[126.0291,10.0277],[126.0618,10.0626],[126.1207,9.8761],[126.0994,9.8628],[126.0715,9.8767],[126.0729,9.8214],[126.0606,9.8133],[126.107,9.8533],[126.1168,9.8284],[126.1419,9.8455],[126.1322,9.8214],[126.1525,9.8146],[126.1374,9.7988],[126.1559,9.8073]]],[[[126.1408,9.6088],[126.1384,9.6076],[126.133,9.602],[126.1296,9.6027],[126.1301,9.6056],[126.1358,9.6109],[126.142,9.6134],[126.1451,9.6139],[126.1462,9.6115],[126.1433,9.6108],[126.1408,9.6088]]],[[[126.0842,9.852],[126.0844,9.856],[126.0875,9.8575],[126.0893,9.8606],[126.0919,9.8613],[126.0942,9.8604],[126.0956,9.8554],[126.0896,9.8554],[126.0875,9.8533],[126.0842,9.852]]],[[[126.0866,9.6886],[126.084,9.6905],[126.0822,9.6903],[126.0775,9.6918],[126.0728,9.6952],[126.0733,9.6969],[126.0806,9.6964],[126.0827,9.6957],[126.0894,9.6956],[126.0907,9.692],[126.0872,9.6917],[126.0866,9.6886]]],[[[126.0815,9.8271],[126.0781,9.83],[126.0794,9.8333],[126.0823,9.832],[126.0815,9.8271]]],[[[126.0755,9.8337],[126.0747,9.8371],[126.0775,9.8367],[126.0755,9.8337]]],[[[126.0085,9.6873],[126.0273,9.736],[126.037,9.7214],[126.0452,9.7317],[126.0643,9.7222],[126.0667,9.7062],[126.0395,9.7039],[126.0372,9.7188],[126.0085,9.6873]]],[[[126.0454,9.3869],[126.0469,9.3914],[126.0505,9.3921],[126.0541,9.3951],[126.0538,9.3915],[126.0508,9.388],[126.0454,9.3869]]],[[[126.042,9.7441],[126.0384,9.7449],[126.0381,9.7477],[126.0409,9.7487],[126.042,9.7441]]],[[[126.0139,9.4019],[125.9916,9.4121],[126.0079,9.4291],[126.0258,9.418],[126.0139,9.4019]]],[[[126.0036,9.7152],[125.9964,9.693],[125.9665,9.7126],[125.9827,9.731],[126.0036,9.7152]]],[[[125.9996,9.3733],[125.9949,9.3732],[125.9946,9.3784],[125.9977,9.3801],[125.9996,9.3733]]],[[[125.9941,9.8752],[125.9938,9.8791],[125.9977,9.8791],[125.999,9.8768],[125.9941,9.8752]]],[[[125.9903,9.8116],[125.9969,9.8122],[125.9979,9.8112],[125.9939,9.8086],[125.9935,9.8062],[125.9911,9.804],[125.987,9.8043],[125.9864,9.8093],[125.9903,9.8116]]],[[[125.978,9.8241],[125.9763,9.8244],[125.9741,9.8271],[125.9717,9.8264],[125.9717,9.8313],[125.9745,9.8316],[125.9763,9.8347],[125.9781,9.8352],[125.9813,9.8411],[125.9819,9.8453],[125.9853,9.8458],[125.9889,9.8477],[125.9898,9.8415],[125.9932,9.8391],[125.993,9.8364],[125.9914,9.8348],[125.9864,9.835],[125.9831,9.8274],[125.98,9.8267],[125.978,9.8241]]],[[[125.9623,9.6976],[125.9872,9.6811],[125.988,9.6448],[125.9556,9.6274],[125.9676,9.6199],[125.963,9.5689],[125.9326,9.5615],[125.9367,9.5771],[125.9089,9.5929],[125.9244,9.5992],[125.8885,9.6158],[125.9105,9.6258],[125.91,9.651],[125.9271,9.6535],[125.9248,9.7037],[125.9068,9.7221],[125.9207,9.7268],[125.915,9.7566],[125.9422,9.7594],[125.9386,9.7319],[125.9659,9.7406],[125.9623,9.6976]]],[[[125.9825,9.9223],[125.9778,9.9229],[125.9776,9.9246],[125.988,9.9246],[125.987,9.9222],[125.9825,9.9223]]],[[[125.981,9.8638],[125.9828,9.8666],[125.9833,9.8695],[125.9859,9.869],[125.9843,9.8661],[125.981,9.8638]]],[[[125.9759,9.7047],[125.9787,9.7006],[125.9791,9.6975],[125.9816,9.6954],[125.9844,9.6906],[125.9841,9.6872],[125.9784,9.6876],[125.9731,9.692],[125.9742,9.6964],[125.9743,9.7005],[125.9734,9.7041],[125.9759,9.7047]]],[[[125.9648,9.8436],[125.9653,9.8473],[125.9677,9.8501],[125.9701,9.8503],[125.9785,9.8482],[125.978,9.8472],[125.9723,9.846],[125.9747,9.8416],[125.97,9.841],[125.9672,9.8375],[125.9623,9.8338],[125.9593,9.8339],[125.9569,9.8355],[125.9572,9.8378],[125.9604,9.8407],[125.9604,9.843],[125.9648,9.8436]]],[[[125.9711,9.9506],[125.9694,9.9559],[125.9708,9.9597],[125.9734,9.9598],[125.9735,9.9572],[125.9711,9.9506]]],[[[125.9698,9.727],[125.9645,9.7272],[125.9644,9.73],[125.9674,9.7337],[125.9712,9.728],[125.9698,9.727]]],[[[125.9372,9.911],[125.9697,9.9371],[125.9529,9.8983],[125.9062,9.8811],[125.9372,9.911]]],[[[125.9461,10.7663],[125.9591,10.7751],[125.969,10.7508],[125.9461,10.7663]]],[[[125.9628,9.8631],[125.9633,9.868],[125.9646,9.8678],[125.9644,9.8634],[125.9628,9.8631]]],[[[125.9544,9.8813],[125.9522,9.8782],[125.9521,9.876],[125.9464,9.8738],[125.9485,9.8805],[125.9522,9.8817],[125.9545,9.8844],[125.9545,9.8872],[125.9578,9.8865],[125.9568,9.8811],[125.9544,9.8813]]],[[[125.948,9.8653],[125.9467,9.871],[125.9486,9.8728],[125.9555,9.8736],[125.9557,9.8708],[125.9511,9.8651],[125.948,9.8653]]],[[[125.9432,9.8552],[125.9431,9.8599],[125.9486,9.8611],[125.9525,9.8612],[125.953,9.8584],[125.9481,9.8569],[125.9442,9.8569],[125.9432,9.8552]]],[[[125.9296,9.4018],[125.9204,9.4156],[125.9375,9.4152],[125.9296,9.4018]]],[[[125.9374,9.9144],[125.9353,9.9173],[125.9317,9.9187],[125.9326,9.9213],[125.9326,9.9272],[125.9358,9.9272],[125.935,9.9208],[125.9375,9.9175],[125.9374,9.9144]]],[[[125.9244,9.5786],[125.9256,9.575],[125.9232,9.5734],[125.9231,9.5781],[125.9244,9.5786]]],[[[125.9083,9.4114],[125.9096,9.4142],[125.912,9.4153],[125.9113,9.4178],[125.9156,9.4189],[125.9151,9.415],[125.9122,9.4126],[125.9083,9.4114]]],[[[125.8946,9.9091],[125.9089,9.9092],[125.8928,9.8934],[125.8946,9.9091]]],[[[125.8298,10.9288],[125.8332,10.9313],[125.8379,10.9302],[125.8383,10.926],[125.8399,10.9212],[125.8397,10.9145],[125.8375,10.9139],[125.8373,10.9206],[125.8344,10.9245],[125.8298,10.9288]]],[[[124.3578,12.2818],[124.3385,12.315],[124.3413,12.376],[124.3115,12.4448],[124.2849,12.467],[124.2827,12.517],[124.2609,12.5496],[124.2802,12.583],[124.3291,12.5353],[124.3566,12.5379],[124.3617,12.5536],[124.3938,12.5386],[124.3927,12.5662],[124.4198,12.5289],[124.5566,12.52],[124.5666,12.5303],[124.6587,12.4894],[124.6439,12.5008],[124.6552,12.5152],[124.7504,12.5174],[124.7919,12.538],[124.8677,12.5335],[124.8827,12.566],[124.8607,12.5806],[124.8907,12.5737],[124.9083,12.5256],[124.929,12.5237],[124.9206,12.5047],[124.929,12.5245],[124.9092,12.5267],[124.8996,12.5623],[124.9184,12.5538],[124.9247,12.5618],[124.902,12.5668],[124.9559,12.5838],[124.9635,12.567],[124.9507,12.5588],[124.9752,12.5494],[125.0132,12.5645],[125.023,12.5373],[125.0043,12.5321],[125.0311,12.5273],[125.0226,12.4939],[125.0485,12.4365],[125.0293,12.4797],[125.0526,12.5055],[125.0407,12.5354],[125.0804,12.5402],[125.0736,12.579],[125.0996,12.5806],[125.1099,12.5638],[125.1433,12.5828],[125.2406,12.513],[125.2599,12.4732],[125.2908,12.4688],[125.3053,12.4164],[125.3364,12.4079],[125.2939,12.4018],[125.3131,12.3854],[125.286,12.353],[125.304,12.3134],[125.2881,12.3072],[125.2776,12.3252],[125.2935,12.2854],[125.3268,12.3083],[125.3384,12.2791],[125.3167,12.287],[125.3111,12.2707],[125.3294,12.2725],[125.3271,12.2621],[125.3575,12.2851],[125.3553,12.2988],[125.3757,12.2971],[125.3645,12.2722],[125.4265,12.2717],[125.4503,12.2581],[125.4534,12.2253],[125.4691,12.2324],[125.4804,12.2063],[125.5152,12.1921],[125.5104,12.1722],[125.4979,12.184],[125.4956,12.1701],[125.4565,12.1669],[125.4663,12.1407],[125.4418,12.1375],[125.4004,12.1607],[125.4421,12.1359],[125.4458,12.1026],[125.4782,12.1066],[125.4658,12.0889],[125.5143,12.0608],[125.4927,12.0334],[125.4571,12.0237],[125.4873,12.0306],[125.4468,11.9938],[125.4223,11.9289],[125.4204,11.8937],[125.4435,11.8698],[125.4359,11.825],[125.4647,11.816],[125.4744,11.7923],[125.4626,11.7733],[125.4383,11.7805],[125.4135,11.757],[125.4316,11.7566],[125.4401,11.7383],[125.4614,11.7594],[125.4703,11.6993],[125.4835,11.699],[125.4695,11.6787],[125.4927,11.6708],[125.4475,11.6628],[125.4634,11.6456],[125.4394,11.6193],[125.4426,11.5938],[125.473,11.5917],[125.4737,11.5489],[125.4336,11.5021],[125.473,11.543],[125.5143,11.4943],[125.4944,11.4473],[125.5228,11.4537],[125.5647,11.3926],[125.584,11.3994],[125.5997,11.3714],[125.6318,11.3577],[125.6127,11.3035],[125.538,11.265],[125.5335,11.1947],[125.596,11.175],[125.6307,11.1927],[125.5961,11.2319],[125.6661,11.1975],[125.6953,11.1307],[125.8382,10.9415],[125.824,10.9385],[125.7634,11.0251],[125.7319,11.0212],[125.7014,11.0682],[125.6722,11.0844],[125.6991,11.107],[125.6667,11.118],[125.6704,11.1446],[125.5803,11.1145],[125.5763,11.1511],[125.5265,11.164],[125.5116,11.0816],[125.4607,11.1262],[125.4486,11.103],[125.4331,11.1142],[125.432,11.0922],[125.409,11.0829],[125.4053,11.1055],[125.3739,11.0999],[125.3677,11.1171],[125.3198,11.1198],[125.298,11.1424],[125.2462,11.1222],[125.235,11.0855],[125.2106,11.0969],[125.1948,11.1839],[125.1501,11.276],[125.1016,11.28],[125.1103,11.2964],[125.099,11.2796],[125.005,11.268],[124.9768,11.2882],[124.9746,11.309],[124.9622,11.2795],[124.9715,11.2552],[125.0084,11.2514],[125.0176,11.2091],[125.031,11.2365],[125.0078,11.1579],[125.0397,11.0672],[125.0405,10.9923],[125.0038,10.8452],[125.023,10.7377],[125.0014,10.7277],[125.0269,10.7358],[125.0406,10.7171],[125.1139,10.6948],[125.1126,10.659],[125.1909,10.5764],[125.1528,10.5248],[125.1911,10.4758],[125.181,10.4264],[125.2145,10.3852],[125.2393,10.3948],[125.2603,10.367],[125.2679,10.3002],[125.2522,10.257],[125.2091,10.2463],[125.1222,10.2779],[125.1387,10.1745],[125.1287,10.163],[125.1624,10.1347],[125.2125,10.1259],[125.2439,10.0426],[125.2803,9.9939],[125.2737,9.9648],[125.2988,9.9253],[125.2857,9.9113],[125.2572,9.9126],[125.1846,10.0396],[125.1354,10.0618],[125.1166,10.1136],[125.1227,10.1785],[125.0819,10.221],[125.0114,10.3791],[124.9684,10.3745],[124.9869,10.2543],[124.9773,10.2136],[125.0234,10.0897],[125.0287,10.0051],[125.0162,10.0287],[124.9826,10.0351],[124.9374,10.0811],[124.9036,10.0909],[124.8875,10.1224],[124.7782,10.1359],[124.7587,10.1565],[124.7909,10.3183],[124.726,10.3962],[124.7228,10.4885],[124.7663,10.5362],[124.7687,10.6134],[124.8044,10.6614],[124.7834,10.7751],[124.7076,10.8794],[124.6848,10.9375],[124.5894,11.0141],[124.5346,10.9875],[124.5503,10.9274],[124.5185,10.873],[124.4796,10.8665],[124.4484,10.8975],[124.4312,10.8903],[124.4451,10.9207],[124.4291,10.9275],[124.4251,10.9614],[124.4114,10.9505],[124.417,10.9144],[124.3847,10.9169],[124.4107,10.9806],[124.4066,11.0299],[124.371,11.0659],[124.4019,11.1116],[124.3845,11.1905],[124.4034,11.2402],[124.3766,11.274],[124.3905,11.2972],[124.3667,11.2893],[124.3716,11.3052],[124.3413,11.317],[124.3416,11.3631],[124.362,11.3689],[124.3298,11.3825],[124.3264,11.3962],[124.3486,11.4069],[124.3178,11.4137],[124.2861,11.5298],[124.3156,11.5637],[124.355,11.5305],[124.4376,11.4428],[124.4761,11.3555],[124.4808,11.4084],[124.4644,11.4437],[124.4805,11.4629],[124.4058,11.5362],[124.3932,11.5995],[124.3347,11.6762],[124.4259,11.7071],[124.5375,11.6739],[124.5824,11.5693],[124.6172,11.5426],[124.6156,11.5101],[124.577,11.4726],[124.5127,11.4697],[124.4988,11.4834],[124.4796,11.4534],[124.5365,11.4254],[124.5517,11.3386],[124.5847,11.3048],[124.6093,11.3118],[124.6491,11.2936],[124.7744,11.3374],[124.7659,11.3524],[124.7749,11.3461],[124.8068,11.3841],[124.8123,11.4247],[124.8419,11.4328],[124.9128,11.3808],[124.8979,11.3987],[124.9052,11.4205],[124.9125,11.4072],[124.946,11.4267],[124.9458,11.3991],[124.9788,11.3945],[124.9666,11.3776],[124.979,11.369],[124.9628,11.3653],[124.966,11.2976],[124.9848,11.3414],[125.0056,11.3444],[124.9857,11.4241],[124.9637,11.4317],[124.957,11.4622],[124.9414,11.449],[124.9024,11.4708],[124.8985,11.5101],[124.8857,11.509],[124.8877,11.463],[124.8423,11.4659],[124.8221,11.5104],[124.8344,11.5073],[124.832,11.5251],[124.8591,11.5463],[124.8728,11.5287],[124.8924,11.5373],[124.8796,11.5748],[124.9496,11.5721],[124.9576,11.597],[124.9938,11.6152],[124.9881,11.6593],[125.0057,11.6669],[124.9785,11.6694],[124.9951,11.6886],[125.0118,11.6782],[125.0151,11.7111],[125.0447,11.7478],[125.0396,11.766],[124.9908,11.7824],[124.9189,11.7428],[124.8854,11.7538],[124.8599,11.8111],[124.839,11.8155],[124.8309,11.7971],[124.8209,11.8109],[124.8388,11.8157],[124.8353,11.8311],[124.7824,11.863],[124.799,11.8697],[124.7815,11.8868],[124.8022,11.8836],[124.7892,11.9039],[124.8155,11.881],[124.8153,11.901],[124.7851,11.9132],[124.739,11.8962],[124.7625,11.9403],[124.7453,11.9457],[124.7355,11.93],[124.7235,11.9416],[124.7343,11.9496],[124.712,11.9496],[124.7191,11.9743],[124.7305,11.9638],[124.7777,11.9872],[124.706,11.9727],[124.6906,12.0036],[124.7088,12.009],[124.6858,12.009],[124.6363,12.0526],[124.5937,12.0659],[124.5356,12.0576],[124.5371,12.0722],[124.5283,12.063],[124.5006,12.0833],[124.4447,12.1592],[124.3903,12.1951],[124.3578,12.2818]]],[[[125.8347,10.9336],[125.8262,10.9347],[125.8253,10.9378],[125.8297,10.9395],[125.8347,10.9378],[125.8347,10.9336]]],[[[125.8323,7.2687],[125.829,7.2707],[125.8285,7.2734],[125.8298,7.2774],[125.8304,7.2854],[125.834,7.2844],[125.8346,7.2756],[125.8323,7.2687]]],[[[125.6811,10.8137],[125.6958,10.8233],[125.7245,10.8052],[125.7106,10.7608],[125.7209,10.7439],[125.814,10.7289],[125.8096,10.6956],[125.7517,10.6887],[125.6977,10.7246],[125.7017,10.7358],[125.6703,10.7444],[125.6587,10.7816],[125.6811,10.8137]]],[[[125.8057,9.9222],[125.8084,9.9263],[125.8096,9.9297],[125.8124,9.9284],[125.8131,9.9261],[125.8112,9.921],[125.8065,9.9198],[125.8057,9.9222]]],[[[125.7246,6.975],[125.7118,7.0696],[125.6785,7.0633],[125.6638,7.0951],[125.7063,7.1972],[125.7325,7.1686],[125.7644,7.1601],[125.7979,7.1133],[125.776,7.036],[125.7928,6.937],[125.7624,6.8934],[125.7246,6.975]]],[[[125.7744,7.1892],[125.7727,7.1897],[125.7719,7.1931],[125.7739,7.1941],[125.7744,7.1892]]],[[[125.7642,9.5747],[125.7592,9.5772],[125.7564,9.577],[125.7549,9.5791],[125.7563,9.5839],[125.7602,9.5833],[125.7618,9.5817],[125.7651,9.5818],[125.7674,9.5771],[125.7642,9.5747]]],[[[125.6981,9.7839],[125.718,9.8117],[125.7172,9.7885],[125.7391,9.7833],[125.7269,9.7533],[125.7009,9.7639],[125.6981,9.7839]]],[[[125.732,9.5807],[125.7257,9.5823],[125.7244,9.5856],[125.7267,9.5859],[125.7317,9.584],[125.732,9.5807]]],[[[125.7187,6.9377],[125.711,6.8979],[125.6875,6.9072],[125.6685,6.9493],[125.698,6.962],[125.7187,6.9377]]],[[[125.7098,11.0431],[125.6906,11.0327],[125.6771,11.0553],[125.7098,11.0431]]],[[[125.6819,10.0115],[125.6686,9.9926],[125.6774,9.9608],[125.6566,9.9482],[125.6734,9.9168],[125.7056,9.9024],[125.7051,9.8731],[125.6599,9.8538],[125.641,9.8902],[125.6546,9.9252],[125.6294,9.9517],[125.6271,9.9392],[125.5934,9.9516],[125.5912,9.9625],[125.6164,9.9597],[125.5923,9.976],[125.6057,9.9781],[125.6052,9.9958],[125.5764,9.9762],[125.5652,9.9895],[125.5788,9.9999],[125.5749,10.0285],[125.5896,10.0281],[125.5766,10.0429],[125.6061,10.0473],[125.5908,10.0509],[125.5898,10.077],[125.567,10.0881],[125.5771,10.065],[125.5489,10.0843],[125.5109,10.0616],[125.4737,10.1344],[125.502,10.134],[125.4879,10.1428],[125.4984,10.1839],[125.5033,10.1674],[125.5041,10.1855],[125.5252,10.1808],[125.5008,10.2096],[125.5243,10.1904],[125.5434,10.2016],[125.5125,10.2429],[125.5211,10.277],[125.5386,10.28],[125.5181,10.2849],[125.5141,10.3212],[125.5632,10.3191],[125.5513,10.3854],[125.5742,10.3616],[125.5957,10.3648],[125.6126,10.4421],[125.6414,10.4717],[125.6814,10.3914],[125.6472,10.3064],[125.6532,10.2524],[125.6294,10.257],[125.6104,10.2857],[125.5917,10.2713],[125.6267,10.2593],[125.6122,10.2443],[125.6467,10.2423],[125.6626,10.1974],[125.5903,10.1438],[125.5709,10.1684],[125.5592,10.1613],[125.5952,10.1295],[125.6286,10.1807],[125.6503,10.1844],[125.6542,10.1644],[125.6742,10.1703],[125.6608,10.121],[125.6979,10.0601],[125.6819,10.0115]]],[[[125.7012,9.7352],[125.6826,9.7465],[125.6992,9.751],[125.7012,9.7352]]],[[[125.6707,9.849],[125.6871,9.8477],[125.6556,9.8264],[125.6351,9.8327],[125.5956,9.8097],[125.5848,9.8152],[125.5975,9.8352],[125.5781,9.8229],[125.6024,9.8812],[125.6281,9.8689],[125.6371,9.8849],[125.6707,9.849]]],[[[125.6809,11.1076],[125.6682,11.0928],[125.6689,11.1111],[125.6809,11.1076]]],[[[125.6732,9.6744],[125.6707,9.6763],[125.6698,9.6792],[125.6747,9.6802],[125.6744,9.6764],[125.6732,9.6744]]],[[[125.665,9.6906],[125.6637,9.6908],[125.6642,9.6958],[125.6668,9.6951],[125.6694,9.6967],[125.6675,9.7051],[125.6641,9.7037],[125.662,9.7046],[125.6633,9.71],[125.6653,9.7098],[125.6669,9.7064],[125.6703,9.7054],[125.6731,9.7019],[125.6736,9.6977],[125.6726,9.6944],[125.6694,9.6934],[125.665,9.6906]]],[[[125.6492,9.7647],[125.6385,9.799],[125.6674,9.7674],[125.6677,9.7553],[125.6492,9.7647]]],[[[125.6436,9.6972],[125.6344,9.7134],[125.6187,9.7026],[125.6273,9.7277],[125.6641,9.7213],[125.6479,9.7116],[125.6605,9.6976],[125.6544,9.6637],[125.6436,9.6972]]],[[[125.6547,9.7921],[125.65,9.7925],[125.6497,9.7944],[125.6545,9.7959],[125.6547,9.7921]]],[[[125.6243,11.0053],[125.6516,11.0042],[125.6529,10.9809],[125.6266,10.9807],[125.6243,11.0053]]],[[[125.6455,10.7809],[125.6464,10.7773],[125.6435,10.7778],[125.6455,10.7809]]],[[[125.6207,9.892],[125.6218,9.9088],[125.6436,9.9131],[125.6294,9.8759],[125.6207,9.892]]],[[[125.6356,9.7487],[125.6361,9.7515],[125.6347,9.7529],[125.6332,9.7581],[125.6333,9.7609],[125.635,9.7631],[125.6389,9.7635],[125.6419,9.7592],[125.6405,9.7556],[125.6375,9.7532],[125.6356,9.7487]]],[[[125.6297,9.9297],[125.6265,9.9315],[125.6257,9.9356],[125.6293,9.9354],[125.6304,9.9315],[125.6297,9.9297]]],[[[125.6151,9.6974],[125.6102,9.6983],[125.6085,9.6999],[125.6112,9.7046],[125.6135,9.7054],[125.6149,9.701],[125.6151,9.6974]]],[[[125.6111,11.2015],[125.6097,11.2056],[125.6147,11.2049],[125.6111,11.2015]]],[[[125.6073,9.6832],[125.6045,9.6857],[125.6056,9.6882],[125.6045,9.6906],[125.6079,9.693],[125.609,9.6907],[125.6142,9.6923],[125.612,9.6861],[125.6073,9.6832]]],[[[125.6109,9.7365],[125.6072,9.7372],[125.6072,9.7393],[125.609,9.7427],[125.6108,9.7424],[125.6117,9.7396],[125.6109,9.7365]]],[[[125.6008,9.7071],[125.598,9.7223],[125.6106,9.7208],[125.6008,9.7071]]],[[[125.589,9.8999],[125.6101,9.9089],[125.6099,9.8912],[125.5944,9.8905],[125.5796,9.8517],[125.589,9.8999]]],[[[125.6021,11.1888],[125.6,11.1862],[125.5959,11.1828],[125.5928,11.1828],[125.5922,11.1856],[125.5878,11.1856],[125.5901,11.1884],[125.5951,11.1871],[125.5984,11.1883],[125.5997,11.1909],[125.6021,11.1888]]],[[[125.5965,10.1466],[125.5943,10.1488],[125.595,10.1512],[125.5978,10.1507],[125.5965,10.1466]]],[[[125.5936,10.3694],[125.5874,10.375],[125.5874,10.3783],[125.5888,10.3817],[125.5935,10.382],[125.5951,10.3766],[125.5904,10.3753],[125.5906,10.3732],[125.5936,10.3694]]],[[[125.5722,9.891],[125.5647,9.8819],[125.5625,9.8968],[125.5751,9.9083],[125.5841,9.8966],[125.5722,9.891]]],[[[125.5787,9.7333],[125.5781,9.7403],[125.5815,9.7402],[125.5787,9.7333]]],[[[125.5766,11.0945],[125.5745,11.0948],[125.5716,11.0997],[125.575,11.1015],[125.5757,11.1031],[125.5802,11.1013],[125.5809,11.098],[125.58,11.0962],[125.5766,11.0945]]],[[[125.5736,9.7565],[125.5722,9.7595],[125.5751,9.7596],[125.5736,9.7565]]],[[[125.5673,12.0693],[125.5712,12.0667],[125.5726,12.0625],[125.5696,12.0614],[125.5675,12.0654],[125.5673,12.0693]]],[[[125.5492,12.1197],[125.5529,12.1189],[125.5599,12.1121],[125.5633,12.1116],[125.5638,12.11],[125.5686,12.1043],[125.5692,12.0999],[125.5647,12.0985],[125.5628,12.0992],[125.5605,12.1057],[125.5541,12.1121],[125.5525,12.1145],[125.5492,12.1168],[125.5492,12.1197]]],[[[125.5647,12.0665],[125.5679,12.0595],[125.569,12.0499],[125.5675,12.0495],[125.5667,12.0443],[125.5623,12.0407],[125.5623,12.0369],[125.5597,12.0347],[125.5575,12.0372],[125.5587,12.041],[125.5613,12.0426],[125.5638,12.0479],[125.5628,12.0526],[125.563,12.059],[125.5614,12.0629],[125.5605,12.0679],[125.5647,12.0665]]],[[[125.5611,11.4305],[125.5559,11.4324],[125.552,11.4321],[125.5494,11.4305],[125.548,11.4316],[125.55,11.437],[125.5522,11.4395],[125.5561,11.4369],[125.5611,11.4305]]],[[[125.5574,12.0204],[125.5598,12.0199],[125.5609,12.0168],[125.5578,12.0148],[125.5598,12.0114],[125.5593,12.0088],[125.5564,12.0078],[125.5553,12.0125],[125.5574,12.0204]]],[[[125.5588,12.0276],[125.5605,12.0269],[125.5605,12.0238],[125.5567,12.0234],[125.5564,12.0259],[125.5588,12.0276]]],[[[125.5572,9.9609],[125.5551,9.9614],[125.5543,9.9673],[125.5584,9.9662],[125.5572,9.9609]]],[[[125.5566,9.9694],[125.5529,9.97],[125.5525,9.9727],[125.5474,9.9758],[125.5446,9.9755],[125.5417,9.974],[125.5362,9.9812],[125.5347,9.9869],[125.5353,9.9907],[125.5384,9.9898],[125.5391,9.9862],[125.5414,9.9839],[125.546,9.9829],[125.5479,9.9785],[125.5541,9.9776],[125.5542,9.9745],[125.556,9.974],[125.5566,9.9694]]],[[[125.5137,9.8981],[125.5153,9.9218],[125.5533,9.8615],[125.5228,9.8717],[125.5137,9.8981]]],[[[125.5484,9.7797],[125.5484,9.7828],[125.5515,9.7851],[125.5547,9.7843],[125.5484,9.7797]]],[[[125.5524,11.2473],[125.5513,11.2508],[125.5547,11.2505],[125.5524,11.2473]]],[[[125.5488,9.7698],[125.547,9.7707],[125.5412,9.7714],[125.542,9.7772],[125.5448,9.7765],[125.5449,9.7737],[125.5506,9.7738],[125.5518,9.7706],[125.5488,9.7698]]],[[[125.5381,9.7723],[125.5355,9.7723],[125.5332,9.7741],[125.5337,9.7774],[125.5381,9.7723]]],[[[125.5122,10.016],[125.5144,10.0291],[125.538,10.0094],[125.5122,10.016]]],[[[125.5233,11.4733],[125.523,11.4766],[125.5267,11.4764],[125.527,11.4736],[125.5233,11.4733]]],[[[125.5227,12.1619],[125.5189,12.1655],[125.5206,12.1686],[125.523,12.165],[125.5227,12.1619]]],[[[125.4964,10.0122],[125.511,9.9985],[125.5045,9.9835],[125.4964,10.0122]]],[[[125.501,11.5924],[125.4986,11.5938],[125.4962,11.5975],[125.4968,11.6011],[125.503,11.6014],[125.5061,11.5979],[125.5047,11.594],[125.501,11.5924]]],[[[125.469,10.4457],[125.4714,10.4621],[125.4936,10.4527],[125.4988,10.425],[125.4768,10.4268],[125.469,10.4457]]],[[[125.4966,9.9207],[125.4936,9.9219],[125.4924,9.924],[125.4932,9.9267],[125.4955,9.9295],[125.4999,9.9281],[125.4995,9.9248],[125.4966,9.9207]]],[[[125.4716,5.389],[125.452,5.432],[125.4732,5.4553],[125.4562,5.4674],[125.4831,5.47],[125.4679,5.48],[125.4769,5.4959],[125.4997,5.4678],[125.4716,5.389]]],[[[125.4935,12.2058],[125.4914,12.2075],[125.4917,12.2098],[125.4946,12.21],[125.4961,12.2087],[125.4956,12.206],[125.4935,12.2058]]],[[[125.4891,5.51],[125.4869,5.5114],[125.487,5.5153],[125.4904,5.5148],[125.4914,5.5114],[125.4891,5.51]]],[[[125.4895,11.6303],[125.4857,11.6325],[125.4832,11.6372],[125.4789,11.6408],[125.477,11.6447],[125.4785,11.6466],[125.4829,11.6469],[125.4858,11.6458],[125.4864,11.6397],[125.4884,11.6369],[125.49,11.6325],[125.4895,11.6303]]],[[[125.4833,10.1456],[125.4811,10.1469],[125.4814,10.1531],[125.4863,10.1536],[125.4863,10.1503],[125.4832,10.1497],[125.4833,10.1456]]],[[[125.4828,11.0935],[125.483,11.0997],[125.4861,11.1],[125.4849,11.0956],[125.4828,11.0935]]],[[[125.4851,10.0949],[125.4792,10.0982],[125.4796,10.1009],[125.4768,10.101],[125.4748,10.1054],[125.4788,10.1054],[125.4851,10.0949]]],[[[125.4788,10.0779],[125.4768,10.0823],[125.4769,10.0895],[125.4792,10.0864],[125.4824,10.0849],[125.4812,10.0826],[125.4811,10.079],[125.4788,10.0779]]],[[[125.4758,11.8492],[125.4508,11.8589],[125.4738,11.8619],[125.4758,11.8492]]],[[[125.4723,10.4298],[125.471,10.4284],[125.4653,10.4285],[125.4645,10.4315],[125.4676,10.4336],[125.4693,10.4362],[125.4706,10.4406],[125.473,10.4404],[125.4719,10.4362],[125.4675,10.4321],[125.4674,10.4296],[125.4723,10.4298]]],[[[125.4698,11.8761],[125.4648,11.8771],[125.4659,11.8796],[125.4693,11.8808],[125.471,11.8786],[125.4698,11.8761]]],[[[125.463,10.1669],[125.4611,10.1672],[125.4604,10.1698],[125.4626,10.1734],[125.4653,10.1733],[125.4665,10.1714],[125.463,10.1669]]],[[[125.4483,11.8363],[125.4461,11.8409],[125.4499,11.8431],[125.4507,11.8414],[125.4483,11.8363]]],[[[125.4463,9.9138],[125.4409,9.9154],[125.4403,9.919],[125.4458,9.919],[125.4475,9.9149],[125.4463,9.9138]]],[[[125.3609,5.4213],[125.3924,5.4357],[125.4278,5.4215],[125.422,5.3672],[125.3503,5.3693],[125.3472,5.3871],[125.3305,5.389],[125.3609,5.4213]]],[[[125.2306,10.4462],[125.2286,10.4477],[125.2227,10.4581],[125.223,10.4614],[125.2215,10.464],[125.222,10.4715],[125.226,10.4735],[125.2281,10.4723],[125.2281,10.467],[125.2248,10.4641],[125.2291,10.4542],[125.2307,10.4485],[125.2306,10.4462]]],[[[125.2244,10.425],[125.22,10.4254],[125.2189,10.4295],[125.217,10.4332],[125.2214,10.434],[125.2261,10.4328],[125.2282,10.4297],[125.2273,10.4269],[125.2244,10.425]]],[[[125.1434,12.5856],[125.1403,12.5867],[125.1387,12.5914],[125.137,12.5929],[125.1372,12.5999],[125.1412,12.6001],[125.1448,12.5993],[125.1462,12.5936],[125.1462,12.5903],[125.1434,12.5856]]],[[[125.0606,12.6219],[125.0633,12.6385],[125.0291,12.6497],[125.0521,12.6565],[125.0372,12.6821],[125.065,12.6852],[125.0744,12.6635],[125.0695,12.6187],[125.0884,12.6047],[125.0389,12.6148],[125.0606,12.6219]]],[[[125.0873,12.6132],[125.0849,12.615],[125.0815,12.6145],[125.0758,12.6189],[125.0771,12.6208],[125.0805,12.6202],[125.0799,12.6176],[125.0826,12.6159],[125.087,12.6147],[125.0873,12.6132]]],[[[125.085,11.2543],[125.0811,11.2549],[125.072,11.2615],[125.0712,11.2646],[125.0739,11.2695],[125.0809,11.2648],[125.0846,11.2588],[125.085,11.2543]]],[[[125.0776,9.899],[125.0604,9.9647],[125.0798,9.934],[125.0776,9.899]]],[[[125.0171,12.5916],[125.0587,12.5866],[125.07,12.57],[125.0341,12.5524],[125.0042,12.5723],[124.9975,12.6401],[125.0171,12.5916]]],[[[125.0619,12.5546],[125.0635,12.5611],[125.0672,12.5616],[125.0641,12.5564],[125.0638,12.5523],[125.0626,12.549],[125.0574,12.5487],[125.0577,12.5531],[125.0619,12.5546]]],[[[125.0248,12.539],[125.02,12.5593],[125.0479,12.5455],[125.0248,12.539]]],[[[125.038,12.5292],[125.0354,12.5337],[125.0399,12.5319],[125.0437,12.529],[125.0441,12.5255],[125.043,12.5229],[125.0399,12.5212],[125.038,12.5292]]],[[[125.0112,12.6411],[125.0067,12.6435],[125.0012,12.6416],[124.9952,12.6459],[124.9907,12.6476],[124.9912,12.652],[124.9883,12.657],[124.9934,12.6573],[124.9945,12.6564],[125.0008,12.6553],[125.0036,12.654],[125.0057,12.6514],[125.0112,12.6478],[125.0118,12.6436],[125.0112,12.6411]]],[[[124.9907,11.3637],[124.9884,11.3641],[124.9876,11.3682],[124.99,11.3677],[124.9907,11.3637]]],[[[124.9603,11.4227],[124.9729,11.3946],[124.9542,11.3993],[124.9603,11.4227]]],[[[124.9731,11.4176],[124.9688,11.4178],[124.9692,11.4219],[124.9744,11.4211],[124.9731,11.4176]]],[[[124.9535,11.4528],[124.9522,11.4578],[124.9546,11.4592],[124.958,11.4575],[124.9578,11.4542],[124.9535,11.4528]]],[[[124.9079,11.5927],[124.907,11.5931],[124.9054,11.5985],[124.909,11.5983],[124.9148,11.5966],[124.9179,11.5968],[124.917,11.5938],[124.91,11.5937],[124.9079,11.5927]]],[[[124.8974,11.4936],[124.8953,11.4938],[124.8958,11.5003],[124.9044,11.4976],[124.8989,11.4957],[124.8974,11.4936]]],[[[124.8997,11.6864],[124.9017,11.689],[124.8996,11.6905],[124.9008,11.6936],[124.9042,11.6927],[124.9036,11.69],[124.9013,11.6868],[124.8997,11.6864]]],[[[124.887,11.582],[124.8916,11.6084],[124.904,11.5879],[124.887,11.582]]],[[[124.9,11.5027],[124.8977,11.5071],[124.9008,11.5074],[124.9,11.5027]]],[[[124.837,11.6922],[124.8597,11.6924],[124.8688,11.6744],[124.8908,11.6795],[124.8935,11.6647],[124.8713,11.6482],[124.8805,11.6248],[124.8357,11.632],[124.841,11.667],[124.8204,11.6851],[124.8217,11.7091],[124.837,11.6922]]],[[[124.8917,11.4299],[124.8908,11.432],[124.8908,11.4361],[124.8877,11.4374],[124.8873,11.44],[124.8902,11.4401],[124.8928,11.4381],[124.8929,11.4319],[124.8917,11.4299]]],[[[124.8848,11.4131],[124.8825,11.4153],[124.877,11.4147],[124.8748,11.4187],[124.877,11.4238],[124.875,11.4267],[124.8746,11.431],[124.8754,11.4328],[124.8735,11.4352],[124.8769,11.4369],[124.8777,11.44],[124.8806,11.4423],[124.8805,11.4378],[124.8826,11.4352],[124.8844,11.4356],[124.8886,11.4339],[124.8886,11.4309],[124.8908,11.4283],[124.8894,11.4214],[124.8875,11.4191],[124.8872,11.415],[124.8848,11.4131]]],[[[124.8877,11.6947],[124.8852,11.6994],[124.8833,11.6999],[124.8792,11.7047],[124.8751,11.7044],[124.8707,11.7103],[124.8698,11.7144],[124.8745,11.7129],[124.8758,11.71],[124.8784,11.7092],[124.8805,11.7061],[124.8828,11.7051],[124.8866,11.6997],[124.8877,11.6947]]],[[[124.8827,11.6402],[124.8835,11.6453],[124.8863,11.6427],[124.8827,11.6402]]],[[[124.8778,11.7367],[124.8732,11.7433],[124.874,11.7453],[124.8768,11.7453],[124.8782,11.7381],[124.8778,11.7367]]],[[[124.8593,11.5476],[124.8575,11.5548],[124.8588,11.5553],[124.8621,11.5483],[124.8593,11.5476]]],[[[124.8549,11.4342],[124.849,11.4358],[124.8505,11.4387],[124.8544,11.4394],[124.8549,11.4342]]],[[[124.7912,11.6016],[124.7493,11.6503],[124.7373,11.6399],[124.7312,11.6767],[124.7207,11.6672],[124.724,11.6956],[124.7071,11.7064],[124.7296,11.7112],[124.7197,11.7291],[124.757,11.6953],[124.7548,11.6763],[124.7829,11.6908],[124.7667,11.6692],[124.8067,11.6463],[124.788,11.6229],[124.7946,11.6003],[124.849,11.6015],[124.831,11.5809],[124.8388,11.5513],[124.8239,11.5302],[124.7911,11.5483],[124.8073,11.5659],[124.7651,11.5765],[124.7615,11.609],[124.7912,11.6016]]],[[[124.8153,12.6137],[124.8128,12.6152],[124.8119,12.619],[124.8174,12.6172],[124.8153,12.6137]]],[[[124.8077,11.5187],[124.8035,11.5208],[124.8056,11.5242],[124.808,11.5247],[124.8114,11.5274],[124.8142,11.527],[124.8147,11.5239],[124.8092,11.5228],[124.8071,11.5216],[124.8077,11.5187]]],[[[124.771,9.0789],[124.6511,9.142],[124.6339,9.1812],[124.6436,9.2335],[124.7073,9.2581],[124.7782,9.2045],[124.8063,9.117],[124.771,9.0789]]],[[[124.7988,11.5241],[124.7965,11.5243],[124.7954,11.5268],[124.7999,11.5264],[124.7988,11.5241]]],[[[124.7614,11.727],[124.7787,11.7253],[124.7654,11.6991],[124.7485,11.7085],[124.7614,11.727]]],[[[124.7544,11.7314],[124.7513,11.7314],[124.7471,11.7344],[124.7459,11.7381],[124.7529,11.739],[124.7565,11.7359],[124.7602,11.7352],[124.7604,11.7321],[124.7565,11.7291],[124.7544,11.7314]]],[[[124.7405,11.8088],[124.7383,11.8114],[124.7385,11.8178],[124.743,11.8142],[124.7426,11.8111],[124.7405,11.8088]]],[[[124.7319,11.9753],[124.729,11.9786],[124.7288,11.9851],[124.7322,11.9851],[124.7336,11.9827],[124.7318,11.9812],[124.7319,11.9753]]],[[[124.7257,11.8197],[124.7248,11.8233],[124.7257,11.8272],[124.7275,11.8282],[124.7304,11.8277],[124.7307,11.8253],[124.7257,11.8197]]],[[[124.7014,11.958],[124.6914,11.9812],[124.7185,11.9705],[124.7014,11.958]]],[[[124.7147,11.9005],[124.7123,11.9044],[124.7121,11.9069],[124.7144,11.9088],[124.7163,11.9073],[124.7166,11.9022],[124.7147,11.9005]]],[[[124.7121,11.9425],[124.7017,11.9548],[124.7132,11.9589],[124.7121,11.9425]]],[[[124.6917,11.8184],[124.6892,11.8362],[124.708,11.8342],[124.6917,11.8184]]],[[[124.7067,11.7943],[124.7043,11.7995],[124.6997,11.8012],[124.6998,11.8046],[124.7011,11.8072],[124.7036,11.8026],[124.7076,11.801],[124.7067,11.7943]]],[[[124.7009,12.5313],[124.698,12.5313],[124.697,12.5329],[124.7001,12.5345],[124.7009,12.5313]]],[[[124.7006,11.953],[124.6964,11.9538],[124.6954,11.9572],[124.7004,11.9572],[124.7006,11.953]]],[[[124.6978,11.7963],[124.6755,11.8205],[124.6849,11.8297],[124.6978,11.7963]]],[[[124.6704,10.4853],[124.6681,10.4854],[124.6676,10.489],[124.6746,10.4925],[124.6791,10.4921],[124.6746,10.4885],[124.6733,10.4863],[124.6704,10.4853]]],[[[124.6686,11.981],[124.6676,11.9849],[124.6707,11.9857],[124.6744,11.9838],[124.6738,11.9817],[124.6707,11.9821],[124.6686,11.981]]],[[[124.6729,10.5155],[124.6716,10.5158],[124.6688,10.5199],[124.6722,10.5222],[124.6739,10.5168],[124.6729,10.5155]]],[[[124.6576,11.8897],[124.6355,11.9203],[124.6622,11.9131],[124.6576,11.8897]]],[[[124.6443,10.1202],[124.6417,10.1204],[124.6407,10.1238],[124.6456,10.1245],[124.6443,10.1202]]],[[[124.6413,10.5344],[124.6397,10.5344],[124.6348,10.5369],[124.6345,10.5387],[124.6382,10.5401],[124.6418,10.5381],[124.643,10.5355],[124.6413,10.5344]]],[[[124.6255,11.9071],[124.6263,11.9114],[124.6255,11.9139],[124.6292,11.9143],[124.631,11.9133],[124.6301,11.9089],[124.6255,11.9071]]],[[[124.6172,11.9202],[124.6158,11.9213],[124.6167,11.9252],[124.6193,11.9266],[124.623,11.9254],[124.6198,11.9216],[124.6172,11.9202]]],[[[124.5281,10.079],[124.5398,10.0983],[124.5251,10.0992],[124.5262,10.1193],[124.5434,10.1109],[124.5569,10.1315],[124.5727,10.1074],[124.5806,10.1365],[124.6172,10.1525],[124.5839,10.1077],[124.6024,10.1137],[124.5955,10.09],[124.5615,10.0934],[124.5483,10.0529],[124.5281,10.079]]],[[[124.6013,10.0951],[124.6038,10.0951],[124.6038,10.0872],[124.5986,10.0852],[124.5943,10.0846],[124.5945,10.0816],[124.5906,10.082],[124.5924,10.0849],[124.5924,10.0874],[124.5989,10.0876],[124.5996,10.089],[124.5984,10.093],[124.6013,10.0951]]],[[[124.0209,9.5968],[123.873,9.6298],[123.8622,9.5945],[123.767,9.546],[123.7183,9.588],[123.8327,9.6442],[123.8282,9.6304],[123.8548,9.6383],[123.8439,9.6677],[123.8767,9.7231],[123.8568,9.7175],[123.8384,9.7434],[123.7899,9.7351],[123.785,9.7937],[123.8068,9.8318],[123.7853,9.8558],[123.8161,9.8544],[123.8068,9.8349],[123.8766,9.8973],[123.861,9.9066],[123.825,9.8883],[123.8092,9.9088],[123.908,9.9104],[123.913,9.9305],[123.9611,9.9541],[124.0404,9.9734],[124.0608,9.9927],[124.0618,10.0656],[124.0808,10.0717],[124.0829,10.0416],[124.1003,10.0626],[124.1158,10.0538],[124.103,10.082],[124.135,10.1004],[124.1563,10.1525],[124.1763,10.1421],[124.2081,10.161],[124.2767,10.1539],[124.2919,10.1722],[124.3403,10.1386],[124.3309,10.1082],[124.3534,10.0911],[124.3434,10.1156],[124.3693,10.1535],[124.3913,10.1309],[124.403,10.0585],[124.398,10.1062],[124.4781,10.056],[124.4973,10.0528],[124.5047,10.0755],[124.5456,10.0389],[124.5702,9.9773],[124.5588,9.9729],[124.5545,9.9888],[124.5371,9.9733],[124.5489,9.932],[124.5365,9.9192],[124.5758,9.9107],[124.5571,9.8717],[124.5258,9.8578],[124.4935,9.8647],[124.5226,9.8432],[124.4948,9.837],[124.5119,9.8237],[124.5312,9.8414],[124.555,9.8163],[124.5965,9.8059],[124.5946,9.7617],[124.5715,9.7326],[124.514,9.7231],[124.4974,9.7622],[124.4833,9.7605],[124.4455,9.721],[124.4096,9.7118],[124.3987,9.6524],[124.2842,9.6049],[124.1837,9.6099],[124.0891,9.5881],[124.0209,9.5968]]],[[[124.4946,10.7409],[124.5285,10.7951],[124.5667,10.8123],[124.5374,10.7479],[124.5011,10.729],[124.4946,10.7409]]],[[[124.5606,10.1855],[124.5597,10.1886],[124.5612,10.1922],[124.563,10.1922],[124.562,10.1868],[124.5606,10.1855]]],[[[124.5434,10.1241],[124.5408,10.1243],[124.5381,10.1276],[124.5391,10.1325],[124.5401,10.1334],[124.5448,10.132],[124.5457,10.1276],[124.5434,10.1241]]],[[[124.5179,12.5441],[124.519,12.5477],[124.5214,12.5459],[124.5179,12.5441]]],[[[124.4102,10.6266],[124.3837,10.6459],[124.3807,10.6232],[124.3121,10.5864],[124.2738,10.5942],[124.3044,10.6435],[124.3176,10.7098],[124.3738,10.6908],[124.3822,10.6473],[124.3975,10.6436],[124.4003,10.6864],[124.4286,10.7168],[124.5099,10.6777],[124.5165,10.6611],[124.5013,10.6447],[124.4102,10.6266]]],[[[124.5113,10.0838],[124.5079,10.0859],[124.5049,10.0891],[124.5045,10.092],[124.5105,10.094],[124.5118,10.0919],[124.5133,10.0839],[124.5113,10.0838]]],[[[124.507,9.8269],[124.5033,9.8276],[124.5026,9.8351],[124.5073,9.8353],[124.508,9.8291],[124.507,9.8269]]],[[[124.4883,10.2378],[124.4826,10.2398],[124.4818,10.2423],[124.4865,10.2429],[124.4896,10.242],[124.4901,10.2381],[124.4883,10.2378]]],[[[124.4367,11.8855],[124.4146,11.899],[124.4441,11.9323],[124.4667,11.8897],[124.4367,11.8855]]],[[[124.4584,10.1737],[124.4577,10.1762],[124.4594,10.1795],[124.4615,10.18],[124.4627,10.1764],[124.4615,10.1745],[124.4584,10.1737]]],[[[124.4275,12.5531],[124.4323,12.5727],[124.4481,12.5362],[124.4275,12.5531]]],[[[124.4407,12.6101],[124.4383,12.6101],[124.4402,12.6167],[124.4381,12.6169],[124.4353,12.6206],[124.436,12.6229],[124.4389,12.6236],[124.4436,12.6194],[124.4465,12.619],[124.4471,12.6166],[124.4449,12.6154],[124.4407,12.6101]]],[[[124.414,11.9889],[124.4363,11.9774],[124.4293,11.9566],[124.4034,11.9672],[124.414,11.9889]]],[[[124.4303,12.6283],[124.4296,12.6327],[124.4315,12.6348],[124.432,12.6288],[124.4303,12.6283]]],[[[124.4279,12.5709],[124.4292,12.5773],[124.4308,12.5773],[124.4309,12.5732],[124.4279,12.5709]]],[[[124.4298,12.637],[124.4277,12.6372],[124.4271,12.6404],[124.4255,12.6417],[124.4254,12.6456],[124.4287,12.6443],[124.4298,12.637]]],[[[124.4252,12.6509],[124.4207,12.6531],[124.4203,12.6601],[124.4191,12.6626],[124.4179,12.6696],[124.4237,12.6683],[124.4244,12.6631],[124.4264,12.6613],[124.4272,12.658],[124.4265,12.6518],[124.4252,12.6509]]],[[[124.424,12.6282],[124.4225,12.6286],[124.423,12.6363],[124.426,12.635],[124.4254,12.6301],[124.424,12.6282]]],[[[124.1372,13.8531],[124.1299,13.8812],[124.1489,13.926],[124.1282,13.9771],[124.1395,14.0162],[124.1266,14.0485],[124.1408,14.0445],[124.1284,14.0593],[124.1665,14.039],[124.2085,14.0983],[124.2782,14.0037],[124.283,13.9462],[124.3021,13.9409],[124.2934,13.9302],[124.3144,13.9331],[124.2933,13.9181],[124.316,13.8759],[124.3291,13.8792],[124.3297,13.9313],[124.352,13.9394],[124.3649,13.8934],[124.3849,13.8928],[124.3885,13.8713],[124.394,13.8925],[124.4075,13.8798],[124.4143,13.8669],[124.3999,13.8603],[124.4212,13.8473],[124.3992,13.8366],[124.4133,13.8362],[124.4191,13.7829],[124.3942,13.7804],[124.4084,13.7506],[124.3954,13.7508],[124.3848,13.7143],[124.4167,13.6667],[124.3814,13.6455],[124.3798,13.6697],[124.3424,13.6408],[124.35,13.5948],[124.3265,13.5574],[124.34,13.5463],[124.3148,13.5611],[124.3166,13.6066],[124.3063,13.5916],[124.291,13.5938],[124.2957,13.6073],[124.209,13.5689],[124.2066,13.5173],[124.1718,13.5309],[124.1098,13.5916],[124.0527,13.6009],[124.0659,13.6159],[124.0253,13.6644],[124.0963,13.7046],[124.1286,13.7671],[124.1372,13.8531]]],[[[124.4175,12.6507],[124.4149,12.6518],[124.4136,12.6544],[124.4113,12.666],[124.4092,12.6645],[124.4078,12.6684],[124.4038,12.6728],[124.3996,12.674],[124.3956,12.6738],[124.3954,12.6764],[124.3975,12.6778],[124.4033,12.677],[124.4095,12.6743],[124.4136,12.6665],[124.417,12.6627],[124.4177,12.6565],[124.4175,12.6507]]],[[[124.4127,10.2021],[124.4132,10.2049],[124.4169,10.2046],[124.4174,10.2028],[124.4127,10.2021]]],[[[124.4103,13.7667],[124.404,13.7708],[124.4043,13.7727],[124.4077,13.7726],[124.4126,13.7705],[124.4128,13.7685],[124.4103,13.7667]]],[[[124.4019,12.6684],[124.3999,12.67],[124.4027,12.6725],[124.4039,12.6694],[124.4019,12.6684]]],[[[124.3952,13.716],[124.3943,13.7181],[124.3995,13.7208],[124.4,13.7175],[124.3952,13.716]]],[[[124.3972,12.5847],[124.3776,12.5984],[124.3682,12.5899],[124.3761,12.6164],[124.3972,12.5847]]],[[[124.3926,12.6397],[124.3647,12.6578],[124.3566,12.6961],[124.3914,12.6744],[124.3926,12.6397]]],[[[124.3694,10.1627],[124.3512,10.1752],[124.3877,10.1816],[124.3694,10.1627]]],[[[124.3821,10.2264],[124.3825,10.2311],[124.3849,10.2298],[124.3842,10.2273],[124.3821,10.2264]]],[[[124.367,12.562],[124.3563,12.5831],[124.3676,12.5878],[124.3805,12.5696],[124.367,12.562]]],[[[124.3776,12.6305],[124.3744,12.6327],[124.3722,12.6384],[124.3717,12.6428],[124.3689,12.65],[124.3714,12.649],[124.377,12.6428],[124.3763,12.6402],[124.3789,12.6389],[124.3788,12.6345],[124.3753,12.6335],[124.3776,12.6305]]],[[[124.3648,11.9371],[124.3635,11.9401],[124.3617,11.9401],[124.3623,11.9438],[124.3638,11.9452],[124.3675,11.9461],[124.3681,11.9482],[124.3655,11.9513],[124.3662,11.9549],[124.3698,11.9526],[124.373,11.9535],[124.3747,11.9512],[124.3732,11.9458],[124.3731,11.9407],[124.3712,11.9376],[124.3648,11.9371]]],[[[124.3611,12.5942],[124.3587,12.5951],[124.3569,12.5978],[124.3569,12.6143],[124.3553,12.6169],[124.3544,12.6246],[124.3576,12.6246],[124.359,12.6228],[124.3603,12.6176],[124.3581,12.6155],[124.3586,12.6119],[124.3612,12.6096],[124.3612,12.6068],[124.3629,12.6057],[124.3639,12.6008],[124.3609,12.6002],[124.3611,12.5942]]],[[[124.3609,11.6892],[124.3582,11.6918],[124.3594,11.6941],[124.3615,11.6939],[124.3631,11.6915],[124.3609,11.6892]]],[[[124.3614,12.6449],[124.3599,12.6454],[124.36,12.6514],[124.3587,12.6542],[124.3562,12.6563],[124.3586,12.6617],[124.3625,12.6604],[124.362,12.658],[124.3593,12.6545],[124.3607,12.6514],[124.3614,12.6449]]],[[[124.3239,13.9449],[124.3093,13.9767],[124.3245,13.9751],[124.3223,13.9594],[124.3269,13.9861],[124.3465,13.9652],[124.3407,13.9513],[124.3552,13.951],[124.3239,13.9449]]],[[[124.3163,11.8144],[124.3501,11.8037],[124.3483,11.7738],[124.3255,11.76],[124.293,11.7875],[124.3163,11.8144]]],[[[124.3444,10.0968],[124.3419,10.0986],[124.3399,10.1038],[124.3422,10.1094],[124.3444,10.0968]]],[[[124.2904,11.9266],[124.3069,11.9539],[124.3327,11.9602],[124.3402,11.9485],[124.3013,11.898],[124.2801,11.8982],[124.2904,11.9266]]],[[[124.3316,11.6712],[124.3264,11.6721],[124.3279,11.6749],[124.3311,11.6731],[124.3316,11.6712]]],[[[124.3249,10.7148],[124.3225,10.7182],[124.3205,10.7193],[124.3153,10.7204],[124.315,10.7257],[124.3192,10.7254],[124.3244,10.7174],[124.3249,10.7148]]],[[[124.3215,10.2157],[124.3191,10.2183],[124.322,10.219],[124.3215,10.2157]]],[[[124.2996,13.9532],[124.2972,13.9546],[124.2989,13.9577],[124.2994,13.9636],[124.3039,13.966],[124.3068,13.9638],[124.3067,13.96],[124.3038,13.9587],[124.2996,13.9532]]],[[[124.3002,10.1792],[124.2974,10.1805],[124.2984,10.1838],[124.3021,10.1822],[124.3002,10.1792]]],[[[124.2747,12.3623],[124.2488,12.4074],[124.2461,12.4596],[124.2798,12.4144],[124.2747,12.3623]]],[[[124.281,10.1883],[124.2779,10.1894],[124.2769,10.1916],[124.2851,10.1911],[124.2836,10.1884],[124.281,10.1883]]],[[[124.2608,11.5621],[124.2544,11.5779],[124.2663,11.5823],[124.2759,11.5637],[124.2608,11.5621]]],[[[124.2415,10.1956],[124.2433,10.1987],[124.2472,10.2005],[124.248,10.2028],[124.2504,10.2036],[124.26,10.2045],[124.2619,10.2015],[124.2515,10.1969],[124.2486,10.1902],[124.2469,10.1881],[124.2412,10.1883],[124.2409,10.1918],[124.2378,10.196],[124.2415,10.1956]]],[[[124.1757,12.0311],[124.1483,12.0424],[124.1509,12.0615],[124.1778,12.0791],[124.2368,12.0797],[124.2353,12.0579],[124.2146,12.0662],[124.1757,12.0311]]],[[[124.2378,10.1897],[124.2358,10.1887],[124.2361,10.1833],[124.2331,10.1805],[124.2285,10.1815],[124.2265,10.1851],[124.2274,10.1908],[124.2306,10.191],[124.236,10.1941],[124.2378,10.1897]]],[[[124.1211,13.1884],[124.0651,13.2071],[124.1352,13.2355],[124.204,13.2115],[124.2204,13.1803],[124.1878,13.1714],[124.1211,13.1884]]],[[[124.2037,10.1839],[124.2004,10.1869],[124.2004,10.1893],[124.203,10.1911],[124.2046,10.1942],[124.2113,10.1951],[124.215,10.1932],[124.216,10.191],[124.211,10.1876],[124.2069,10.1887],[124.2058,10.1849],[124.2037,10.1839]]],[[[124.2122,7.2513],[124.2094,7.2513],[124.2068,7.253],[124.2076,7.2562],[124.2122,7.2513]]],[[[124.1982,12.0892],[124.1943,12.0912],[124.1949,12.0952],[124.1991,12.0966],[124.2012,12.0961],[124.2002,12.0904],[124.1982,12.0892]]],[[[120.9719,18.5798],[121.0366,18.6202],[121.0667,18.6073],[121.1296,18.6282],[121.1944,18.6101],[121.3635,18.4889],[121.4455,18.4635],[121.421,18.4609],[121.4114,18.4757],[121.4386,18.454],[121.4263,18.4274],[121.436,18.4012],[121.4179,18.3769],[121.4324,18.36],[121.4256,18.3406],[121.4364,18.4445],[121.455,18.4577],[121.6106,18.3688],[121.6188,18.3541],[121.5977,18.3692],[121.6561,18.2963],[121.6681,18.2443],[121.6437,18.1602],[121.6761,18.1166],[121.6491,18.1038],[121.6019,18.0077],[121.6031,17.9302],[121.5786,17.922],[121.5869,17.9035],[121.5587,17.882],[121.5694,17.848],[121.5461,17.8197],[121.5174,17.8535],[121.4832,17.8506],[121.4673,17.8279],[121.465,17.7677],[121.5002,17.735],[121.4967,17.7109],[121.4997,17.7381],[121.4671,17.7708],[121.4679,17.8264],[121.5103,17.8543],[121.541,17.8203],[121.5614,17.8244],[121.5626,17.8918],[121.5894,17.9033],[121.5797,17.922],[121.6031,17.9272],[121.6116,17.9629],[121.6519,17.964],[121.634,17.9118],[121.6576,17.8664],[121.6339,17.8367],[121.7023,17.8631],[121.7229,17.787],[121.6923,17.7939],[121.6866,17.7783],[121.7218,17.7625],[121.7399,17.7021],[121.7025,17.6651],[121.6814,17.5745],[121.6966,17.5691],[121.7262,17.602],[121.7796,17.5458],[121.7912,17.5052],[121.779,17.4641],[121.7323,17.435],[121.8042,17.3901],[121.7648,17.3722],[121.7571,17.3481],[121.7883,17.3243],[121.8042,17.2552],[121.8317,17.2538],[121.8251,17.1958],[121.8394,17.1898],[121.8661,17.2098],[121.8866,17.1634],[121.863,17.1445],[121.8483,17.0967],[121.8226,17.0834],[121.8515,17.0398],[121.7138,16.9961],[121.7889,17.0087],[121.7945,17.0284],[121.8214,17.0398],[121.832,16.9707],[121.7993,16.9776],[121.7785,16.958],[121.8112,16.9283],[121.8247,16.8764],[121.7987,16.8077],[121.7668,16.8109],[121.7794,16.7939],[121.7509,16.7616],[121.7727,16.739],[121.7567,16.7316],[121.7178,16.7561],[121.7021,16.7404],[121.7265,16.7096],[121.653,16.687],[121.6922,16.6133],[121.6634,16.5797],[121.6707,16.567],[121.688,16.5788],[121.6828,16.5557],[121.6882,16.5798],[121.6726,16.568],[121.6649,16.5797],[121.6938,16.6131],[121.6554,16.6883],[121.7272,16.7082],[121.704,16.7417],[121.7184,16.7517],[121.7559,16.7303],[121.7717,16.7361],[121.7757,16.7512],[121.7524,16.7598],[121.7803,16.7911],[121.7693,16.8129],[121.799,16.8063],[121.8139,16.8261],[121.8249,16.8957],[121.811,16.9368],[121.7809,16.9609],[121.803,16.9771],[121.8336,16.9704],[121.8268,17.0348],[121.8531,17.0468],[121.8267,17.0868],[121.8505,17.0952],[121.8891,17.169],[121.9095,17.1178],[121.9366,17.1202],[121.9738,17.0979],[121.9585,17.0639],[121.9854,17.0274],[121.9593,17.0649],[121.9739,17.1008],[121.9095,17.1192],[121.8682,17.2115],[121.8284,17.1963],[121.8328,17.2605],[121.803,17.2672],[121.7937,17.3251],[121.7589,17.3499],[121.7656,17.3693],[121.808,17.3873],[121.7951,17.4099],[121.7363,17.4361],[121.7815,17.4616],[121.7939,17.492],[121.7828,17.5469],[121.7322,17.6037],[121.7432,17.6318],[121.7675,17.633],[121.7434,17.6327],[121.7322,17.6065],[121.6838,17.5758],[121.7085,17.6687],[121.7431,17.7019],[121.724,17.7646],[121.6877,17.7837],[121.723,17.7798],[121.7203,17.839],[121.7031,17.8671],[121.6363,17.8363],[121.6609,17.8706],[121.6364,17.9129],[121.656,17.9633],[121.6192,17.9634],[121.6028,17.9896],[121.6517,18.1002],[121.679,18.1159],[121.6514,18.1667],[121.6817,18.2663],[121.6292,18.3617],[121.9016,18.2708],[121.8627,18.2689],[121.8299,18.2874],[121.8511,18.2669],[121.9419,18.2677],[122.0111,18.2873],[122.1017,18.3835],[122.13,18.3799],[122.1249,18.4275],[122.1467,18.5069],[122.1677,18.5216],[122.2134,18.5039],[122.2029,18.5144],[122.2252,18.5226],[122.2618,18.4299],[122.3127,18.394],[122.3382,18.3112],[122.3034,18.2193],[122.2618,18.1683],[122.2081,18.144],[122.1671,18.0872],[122.165,18.0686],[122.1847,18.0579],[122.1737,18.0344],[122.1895,18.0183],[122.1767,17.969],[122.1889,17.9101],[122.1628,17.8775],[122.1677,17.8433],[122.1489,17.8342],[122.1563,17.8146],[122.1369,17.7924],[122.1437,17.7383],[122.1677,17.699],[122.1557,17.682],[122.164,17.605],[122.2003,17.4874],[122.2495,17.4124],[122.236,17.4041],[122.2517,17.3872],[122.2459,17.3652],[122.285,17.3623],[122.2956,17.3338],[122.3535,17.3347],[122.3695,17.3538],[122.3915,17.3266],[122.3731,17.3199],[122.3965,17.31],[122.3987,17.2898],[122.4129,17.2973],[122.3932,17.3413],[122.4074,17.3328],[122.4434,17.2646],[122.44,17.2422],[122.4283,17.2821],[122.4143,17.2799],[122.4292,17.2167],[122.4106,17.1731],[122.4198,17.1342],[122.4464,17.1204],[122.4492,17.0825],[122.4512,17.1161],[122.4839,17.1164],[122.5098,17.1423],[122.5199,17.1252],[122.5273,17.0982],[122.5106,17.0373],[122.4665,16.9762],[122.4758,16.9517],[122.4633,16.8852],[122.4297,16.8269],[122.4337,16.7978],[122.2981,16.5519],[122.2492,16.5154],[122.2283,16.4586],[122.1993,16.4346],[122.2211,16.395],[122.2422,16.4203],[122.2299,16.3669],[122.1906,16.3335],[122.18,16.3036],[122.1924,16.2901],[122.2321,16.3041],[122.2038,16.238],[122.0685,16.1182],[122.0701,16.093],[122.0484,16.0671],[121.9905,16.0323],[122.0261,16.1028],[122.0928,16.1675],[122.0965,16.2069],[122.1357,16.2375],[122.1387,16.2571],[122.0939,16.264],[122.063,16.2235],[122.079,16.19],[122.0199,16.1802],[121.9373,16.1261],[121.8698,16.121],[121.7805,16.0631],[121.7478,16.0724],[121.6649,16.0055],[121.6531,15.9728],[121.6273,15.9665],[121.555,15.899],[121.5477,15.8404],[121.5623,15.7738],[121.5748,15.7539],[121.633,15.7524],[121.6375,15.7086],[121.6102,15.7072],[121.6113,15.6845],[121.5905,15.6744],[121.6115,15.6699],[121.6138,15.6488],[121.582,15.6305],[121.5282,15.5434],[121.4932,15.5238],[121.4741,15.417],[121.4305,15.3813],[121.4312,15.3644],[121.3959,15.3811],[121.3734,15.3369],[121.3804,15.2901],[121.4229,15.209],[121.4608,15.2036],[121.4811,15.1816],[121.5067,15.054],[121.5678,14.9671],[121.5818,14.8888],[121.611,14.8573],[121.6015,14.8282],[121.6528,14.7781],[121.621,14.7507],[121.6587,14.7759],[121.6482,14.7608],[121.6632,14.7675],[121.7342,14.6965],[121.7017,14.702],[121.6981,14.7182],[121.6287,14.6589],[121.6348,14.6707],[121.6116,14.6762],[121.604,14.6517],[121.6598,14.3983],[121.728,14.3265],[121.73,14.2714],[121.7596,14.2427],[121.7307,14.1615],[121.9459,13.9885],[122.0992,13.9232],[122.1903,13.9152],[122.2315,13.8948],[122.2494,13.9332],[122.2091,13.9524],[122.1837,13.9936],[122.2983,13.9586],[122.2993,13.9929],[122.3177,13.9919],[122.31,14.0054],[122.3241,14.0208],[122.2881,14.0197],[122.2827,14.0513],[122.278,14.0409],[122.2008,14.0871],[122.1889,14.1227],[122.1672,14.1362],[122.1674,14.1576],[122.1784,14.133],[122.1974,14.1315],[122.205,14.1458],[122.1889,14.158],[122.2184,14.1849],[122.2489,14.171],[122.2504,14.2423],[122.2775,14.2348],[122.2544,14.1676],[122.2741,14.1626],[122.2698,14.1232],[122.3118,14.136],[122.2952,14.1124],[122.305,14.0901],[122.353,14.1282],[122.3362,14.1677],[122.3615,14.2005],[122.3485,14.2231],[122.3852,14.2185],[122.3606,14.2531],[122.3851,14.2472],[122.385,14.2833],[122.4107,14.2863],[122.4322,14.3156],[122.4616,14.3118],[122.471,14.3402],[122.5533,14.2961],[122.5646,14.2973],[122.5514,14.3184],[122.5156,14.3305],[122.5191,14.3439],[122.5384,14.3403],[122.6104,14.3146],[122.5902,14.3072],[122.6207,14.2883],[122.6319,14.3218],[122.6308,14.2857],[122.6448,14.2859],[122.6534,14.315],[122.659,14.29],[122.673,14.298],[122.6892,14.2804],[122.669,14.3392],[122.711,14.3402],[122.7184,14.3142],[122.7573,14.327],[122.7919,14.311],[122.7869,14.2858],[122.8068,14.2837],[122.8039,14.2595],[122.7613,14.2588],[122.7505,14.2426],[122.8106,14.2554],[122.8205,14.262],[122.8033,14.2778],[122.848,14.2822],[122.8547,14.2696],[122.8411,14.2621],[122.8649,14.2709],[122.9146,14.2208],[122.8961,14.2252],[122.9122,14.1964],[122.8892,14.1934],[122.9146,14.1895],[122.9244,14.2222],[122.9534,14.1627],[123.0144,14.1114],[122.9843,14.1072],[123.0032,14.098],[122.9966,14.0849],[123.0183,14.1075],[123.0439,14.0977],[123.0485,14.0681],[123.0293,14.0707],[123.0304,14.0346],[123.0845,13.9795],[123.0955,13.8905],[123.0661,13.8744],[123.0459,13.7767],[123.1175,13.7372],[123.1242,13.7027],[123.0885,13.6623],[123.0629,13.6725],[123.0686,13.6921],[123.0421,13.6884],[123.0676,13.6921],[123.0642,13.6684],[123.0819,13.6602],[123.1103,13.6725],[123.11,13.6301],[123.1246,13.728],[123.2395,13.7321],[123.324,13.7955],[123.2873,13.8948],[123.2943,13.9048],[123.3015,13.8868],[123.2972,13.9066],[123.3224,13.9357],[123.3363,13.9323],[123.3441,13.9795],[123.3313,13.98],[123.3285,13.9591],[123.3216,13.9808],[123.311,13.9308],[123.2949,13.9271],[123.2645,13.9489],[123.2708,13.9595],[123.2329,13.9676],[123.228,13.9889],[123.2437,13.9871],[123.2283,14.0],[123.2736,13.9989],[123.2332,14.0263],[123.243,14.0318],[123.2855,14.0311],[123.2918,14.019],[123.2892,14.0411],[123.2781,14.0352],[123.2891,14.0476],[123.2549,14.0726],[123.324,14.0405],[123.3093,14.0666],[123.346,14.0668],[123.3297,14.0872],[123.3384,14.1047],[123.3743,14.0372],[123.3482,14.0467],[123.3388,14.013],[123.3517,14.0179],[123.3583,14.0017],[123.3882,14.0348],[123.384,14.0088],[123.4039,13.9977],[123.3955,13.9847],[123.4145,13.9856],[123.4062,13.9446],[123.4276,13.9299],[123.4159,13.893],[123.4339,13.926],[123.4621,13.9027],[123.453,13.9635],[123.5009,13.9424],[123.4859,13.9274],[123.4919,13.9104],[123.517,13.9305],[123.5636,13.8885],[123.576,13.8992],[123.6446,13.8826],[123.6654,13.8933],[123.6614,13.8776],[123.682,13.8726],[123.7179,13.8885],[123.7059,13.895],[123.7035,13.9131],[123.7211,13.9251],[123.7073,13.9429],[123.7301,13.9206],[123.7375,13.882],[123.7431,13.8917],[123.786,13.8352],[123.8037,13.8386],[123.8529,13.8058],[123.8664,13.8225],[123.9017,13.7951],[123.942,13.7957],[123.9379,13.7718],[123.9698,13.7554],[123.9706,13.7103],[123.9354,13.7353],[123.9327,13.7199],[123.873,13.7376],[123.8368,13.6982],[123.8019,13.6881],[123.6881,13.7209],[123.6581,13.7076],[123.5643,13.729],[123.5579,13.7101],[123.5806,13.7228],[123.5382,13.6367],[123.5366,13.6109],[123.5522,13.6016],[123.5302,13.5735],[123.5481,13.5517],[123.5691,13.5621],[123.5947,13.5425],[123.6243,13.4916],[123.678,13.4776],[123.7432,13.3264],[123.8145,13.2891],[123.8196,13.2486],[123.8426,13.2665],[123.867,13.2389],[123.8559,13.2241],[123.8017,13.2379],[123.7743,13.2279],[123.7564,13.1444],[123.7859,13.1144],[123.7764,13.0902],[123.7497,13.0879],[123.7653,13.0756],[123.7589,13.0596],[123.8029,13.0475],[123.837,13.0828],[123.8392,13.1104],[123.8591,13.1058],[123.8792,13.1431],[123.906,13.1412],[123.9112,13.1223],[123.9545,13.1033],[123.9717,13.1092],[124.0363,13.0411],[124.0658,13.0328],[124.0756,13.004],[124.0905,13.0038],[124.1145,13.0665],[124.1896,13.0647],[124.1958,13.0353],[124.1475,12.9995],[124.1177,12.9089],[124.1498,12.8639],[124.1556,12.8118],[124.1318,12.7333],[124.1337,12.662],[124.0951,12.6317],[124.1099,12.5935],[124.0751,12.6017],[124.0971,12.5693],[124.0981,12.5565],[124.08,12.557],[124.0817,12.5364],[124.0382,12.5344],[124.0372,12.5519],[124.0316,12.5357],[123.9975,12.5415],[123.9996,12.5527],[123.9899,12.5442],[123.9381,12.5991],[123.9365,12.6264],[123.9178,12.6181],[123.91,12.6405],[123.8746,12.6565],[123.8309,12.8276],[123.8638,12.8593],[123.8582,12.874],[123.9346,12.8432],[123.9503,12.8764],[123.9866,12.8794],[123.9962,12.8634],[124.0175,12.8766],[124.042,12.9265],[124.0302,12.9667],[123.9661,12.9572],[123.8826,12.9812],[123.8838,12.9523],[123.8685,12.9415],[123.8818,12.9381],[123.8545,12.8993],[123.8337,12.9025],[123.8286,12.875],[123.8174,12.8903],[123.7966,12.8626],[123.7544,12.8934],[123.762,12.8643],[123.7337,12.845],[123.7231,12.861],[123.7346,12.872],[123.7139,12.8814],[123.7328,12.884],[123.7368,12.9017],[123.7197,12.8849],[123.6913,12.8966],[123.7059,12.8753],[123.6931,12.8654],[123.6786,12.8993],[123.7285,12.953],[123.694,12.9237],[123.6683,12.9287],[123.6822,12.9235],[123.6488,12.8996],[123.6608,12.8874],[123.6527,12.8704],[123.5927,12.9031],[123.553,12.9477],[123.5296,12.9373],[123.4257,13.0404],[123.3758,13.0387],[123.3198,13.0066],[123.3006,13.0505],[123.2814,13.0576],[123.2965,13.0799],[123.2892,13.1485],[123.3112,13.1688],[123.305,13.1875],[123.327,13.1984],[123.2917,13.2545],[123.2391,13.2896],[123.2056,13.3575],[123.1958,13.4261],[123.0523,13.507],[122.9738,13.5228],[122.9499,13.5496],[122.8887,13.5761],[122.8321,13.6404],[122.7994,13.6524],[122.8226,13.6489],[122.8573,13.682],[122.8399,13.7331],[122.7729,13.7771],[122.7431,13.7777],[122.7784,13.7875],[122.7486,13.7917],[122.7249,13.8189],[122.6795,13.828],[122.6804,13.8089],[122.6537,13.8209],[122.6386,13.8381],[122.6522,13.8511],[122.642,13.8827],[122.5931,13.8954],[122.5888,13.9126],[122.5908,13.8968],[122.5678,13.9049],[122.5551,13.9226],[122.5663,13.9384],[122.5368,13.9642],[122.5271,13.9241],[122.5111,13.9383],[122.4493,13.9268],[122.3933,13.9738],[122.4128,13.9641],[122.4802,13.847],[122.5246,13.8159],[122.5102,13.8048],[122.5236,13.7317],[122.4747,13.7323],[122.4959,13.6501],[122.5473,13.6018],[122.5456,13.5791],[122.5745,13.5753],[122.6355,13.5287],[122.6372,13.5153],[122.6186,13.5135],[122.5803,13.5636],[122.5619,13.5575],[122.645,13.4556],[122.6768,13.3724],[122.6784,13.2732],[122.7033,13.2252],[122.5991,13.1633],[122.5646,13.1787],[122.5057,13.2425],[122.5235,13.2809],[122.5113,13.2929],[122.523,13.3105],[122.5166,13.3505],[122.4874,13.4101],[122.4131,13.4855],[122.4035,13.5211],[122.3314,13.5603],[122.3371,13.578],[122.3184,13.597],[122.2799,13.5791],[122.2623,13.5815],[122.2782,13.5932],[122.2662,13.6074],[122.209,13.6013],[122.2032,13.6378],[122.1032,13.7864],[122.0698,13.7989],[122.0734,13.7811],[122.0542,13.7757],[122.0241,13.7987],[122.0293,13.8121],[121.9808,13.8065],[121.9746,13.8402],[121.9052,13.8555],[121.8724,13.8967],[121.8565,13.8876],[121.8488,13.902],[121.8226,13.8998],[121.8097,13.9155],[121.8178,13.941],[121.8031,13.9475],[121.7876,13.945],[121.7862,13.9105],[121.8021,13.8997],[121.7922,13.8802],[121.7873,13.9093],[121.7489,13.8858],[121.7392,13.9194],[121.7533,13.9237],[121.7501,13.9428],[121.788,13.9404],[121.7532,13.968],[121.697,13.964],[121.6863,13.9502],[121.701,13.9199],[121.6257,13.9083],[121.4617,13.8308],[121.4326,13.7626],[121.4503,13.72],[121.4404,13.6983],[121.4705,13.6859],[121.4234,13.6556],[121.3978,13.6719],[121.366,13.6598],[121.2863,13.5972],[121.2592,13.5979],[121.2341,13.6276],[121.2024,13.628],[121.1848,13.6447],[121.0768,13.6203],[121.0372,13.6337],[121.0612,13.7256],[121.0358,13.7656],[121.0006,13.7818],[120.963,13.7717],[120.9178,13.6999],[120.892,13.6847],[120.8738,13.7198],[120.9277,13.7628],[120.9027,13.82],[120.9152,13.8296],[120.9138,13.8724],[120.8767,13.903],[120.7908,13.9277],[120.7406,13.9361],[120.7055,13.9192],[120.6981,13.89],[120.7232,13.8508],[120.7118,13.8401],[120.6568,13.8574],[120.6513,13.8287],[120.6765,13.7894],[120.658,13.7685],[120.623,13.8115],[120.6262,13.8958],[120.6031,13.9785],[120.6259,13.9689],[120.6325,13.9834],[120.6161,14.0136],[120.6243,14.1084],[120.5764,14.1349],[120.6102,14.148],[120.5755,14.1712],[120.6164,14.1799],[120.5931,14.1823],[120.5841,14.2038],[120.5907,14.2294],[120.6255,14.2254],[120.6236,14.2658],[120.6565,14.2852],[120.716,14.2901],[120.769,14.3321],[120.8692,14.4293],[120.8932,14.4916],[120.9193,14.4959],[120.9034,14.4842],[120.9212,14.4813],[120.8845,14.4575],[120.9134,14.4477],[120.9217,14.4669],[120.9526,14.4638],[120.9867,14.4932],[120.9747,14.5085],[120.9851,14.564],[120.9586,14.5967],[120.9434,14.595],[120.9606,14.6011],[120.9588,14.6298],[120.9422,14.6323],[120.9564,14.6348],[120.944,14.6587],[120.9029,14.7041],[120.9005,14.749],[120.9005,14.7188],[120.884,14.7099],[120.8416,14.7394],[120.8374,14.7662],[120.8032,14.7552],[120.7456,14.7598],[120.7366,14.7767],[120.7403,14.7642],[120.7005,14.7674],[120.6851,14.8042],[120.6837,14.7863],[120.6546,14.7687],[120.6637,14.8121],[120.7166,14.8848],[120.6623,14.8138],[120.6521,14.7675],[120.6272,14.8052],[120.6216,14.7949],[120.6265,14.849],[120.6147,14.804],[120.5876,14.8138],[120.5711,14.8491],[120.5518,14.8294],[120.5558,14.7884],[120.5395,14.8115],[120.5553,14.7507],[120.5471,14.7259],[120.5827,14.6467],[120.6092,14.481],[120.5638,14.4234],[120.4881,14.4343],[120.4982,14.4078],[120.4653,14.4185],[120.4469,14.446],[120.3894,14.4592],[120.375,14.5224],[120.3896,14.5365],[120.3925,14.5888],[120.3683,14.6258],[120.3116,14.6267],[120.3129,14.6399],[120.2481,14.6932],[120.2543,14.7344],[120.2796,14.736],[120.2418,14.7616],[120.2841,14.78],[120.2584,14.7884],[120.2659,14.8018],[120.2965,14.8022],[120.2914,14.8232],[120.2689,14.8221],[120.2656,14.8486],[120.2445,14.8496],[120.2343,14.876],[120.206,14.8731],[120.2136,14.8135],[120.1834,14.7459],[120.1609,14.7383],[120.1485,14.7564],[120.1208,14.7592],[120.1337,14.7654],[120.1236,14.781],[120.0849,14.7854],[120.1095,14.8186],[120.0805,14.817],[120.0844,14.8525],[120.055,14.8872],[120.0612,15.0587],[120.0148,15.2604],[120.0894,15.2736],[120.2204,15.1902],[120.1431,15.2592],[120.2628,15.2326],[120.2478,15.2487],[120.2312,15.237],[120.089,15.2773],[120.0169,15.2637],[119.9646,15.327],[119.9659,15.3484],[119.8921,15.4281],[119.9165,15.4481],[119.9039,15.4915],[119.9249,15.4731],[119.9464,15.4786],[119.9691,15.5174],[119.9376,15.5547],[119.9517,15.5707],[119.9162,15.5639],[119.9157,15.5954],[119.9274,15.5948],[119.9044,15.6228],[119.9468,15.6809],[119.9183,15.7059],[119.901,15.7007],[119.8697,15.7365],[119.9093,15.7524],[119.8864,15.8139],[119.9142,15.837],[119.9091,15.859],[119.8475,15.9687],[119.8137,15.9566],[119.8044,15.922],[119.7843,15.9313],[119.7724,15.9142],[119.7506,15.9632],[119.7748,16.0245],[119.7562,16.0476],[119.7643,16.1139],[119.7879,16.1337],[119.8072,16.1046],[119.7549,16.1706],[119.7838,16.2382],[119.773,16.2499],[119.7796,16.308],[119.8167,16.3597],[119.8553,16.3577],[119.882,16.3925],[119.9257,16.383],[119.9162,16.2923],[119.944,16.33],[119.9644,16.3263],[119.9709,16.3489],[119.9902,16.3494],[119.999,16.3225],[120.0215,16.313],[119.9998,16.2811],[120.0199,16.2515],[120.015,16.2324],[119.9898,16.2241],[119.9352,16.2949],[119.917,16.2923],[119.9219,16.2461],[119.9545,16.2372],[119.9575,16.2227],[119.9781,16.2284],[119.9733,16.212],[120.0127,16.1709],[120.0481,16.1912],[120.0469,16.1786],[120.0709,16.1778],[120.0735,16.1626],[120.1108,16.1456],[120.0901,16.1431],[120.106,16.1248],[120.0898,16.1063],[120.1131,16.0799],[120.0967,16.0681],[120.153,16.0166],[120.1467,16.0382],[120.1944,16.0449],[120.2174,15.9945],[120.205,15.9815],[120.2419,15.9572],[120.2489,15.9002],[120.3015,15.8542],[120.2951,15.831],[120.3155,15.8318],[120.3286,15.8147],[120.3184,15.8055],[120.3753,15.7734],[120.4077,15.7796],[120.4473,15.7599],[120.4063,15.781],[120.3804,15.7721],[120.3192,15.8063],[120.3299,15.8165],[120.316,15.8322],[120.2949,15.8328],[120.3022,15.8555],[120.2543,15.8917],[120.2437,15.9677],[120.2215,15.9938],[120.2472,15.9946],[120.2118,16.0063],[120.2142,16.0212],[120.2346,16.0108],[120.2526,16.022],[120.2346,16.0116],[120.2012,16.0405],[120.2452,16.0387],[120.3299,16.0685],[120.304,16.0544],[120.3226,16.0601],[120.3276,16.0458],[120.3133,16.0211],[120.2843,16.0141],[120.2861,15.9954],[120.2847,16.0113],[120.3138,16.0195],[120.3323,16.0745],[120.373,16.1113],[120.4048,16.1016],[120.3793,16.1169],[120.3992,16.1245],[120.4259,16.1721],[120.4017,16.2493],[120.3734,16.2836],[120.3593,16.2828],[120.3636,16.2575],[120.3427,16.2967],[120.345,16.3465],[120.3233,16.3897],[120.3597,16.3905],[120.3237,16.3951],[120.3305,16.4688],[120.3049,16.5055],[120.3105,16.5196],[120.3388,16.5164],[120.3097,16.5239],[120.3202,16.5747],[120.2785,16.621],[120.3113,16.6147],[120.3087,16.6456],[120.3385,16.6859],[120.3243,16.801],[120.3416,16.8157],[120.3346,16.8351],[120.3982,16.8789],[120.4495,16.991],[120.4446,17.0816],[120.4043,17.2131],[120.4353,17.2861],[120.4231,17.2877],[120.4277,17.337],[120.4445,17.3372],[120.4634,17.3832],[120.4471,17.4465],[120.4324,17.4529],[120.4361,17.4794],[120.4022,17.4973],[120.4325,17.5146],[120.418,17.5183],[120.4439,17.5602],[120.5419,17.5459],[120.5387,17.5682],[120.5368,17.5375],[120.4503,17.5647],[120.4145,17.5158],[120.389,17.5169],[120.3442,17.5629],[120.3653,17.5628],[120.3489,17.5648],[120.3641,17.5768],[120.344,17.5747],[120.3527,17.6351],[120.3668,17.6827],[120.4365,17.7343],[120.4296,17.755],[120.4066,17.7611],[120.4262,17.7743],[120.4031,17.7969],[120.4354,17.8236],[120.4558,17.821],[120.4448,17.9022],[120.4297,17.9167],[120.4656,17.9426],[120.4984,17.9979],[120.4739,18.0318],[120.4714,18.0855],[120.5116,18.1334],[120.5181,18.184],[120.5441,18.1995],[120.5281,18.2097],[120.5974,18.3307],[120.5954,18.4115],[120.5632,18.4924],[120.6247,18.5461],[120.7095,18.5276],[120.771,18.5444],[120.7884,18.5721],[120.783,18.622],[120.8436,18.6512],[120.9092,18.5642],[120.9555,18.5595],[120.9719,18.5798]],[[122.8892,14.1933],[122.8538,14.1913],[122.8672,14.1755],[122.8467,14.1635],[122.8681,14.1755],[122.8541,14.1887],[122.8636,14.1964],[122.8892,14.1933]],[[121.6828,16.5557],[121.666,16.5568],[121.6682,16.539],[121.6987,16.5409],[121.6688,16.5403],[121.6666,16.5558],[121.6828,16.5557]],[[121.4477,17.6869],[121.4964,17.7095],[121.4341,17.6845],[121.4301,17.6541],[121.4102,17.6488],[121.4119,17.6195],[121.4357,17.621],[121.4357,17.6097],[121.4379,17.6212],[121.4137,17.6236],[121.4109,17.6462],[121.4477,17.6869]],[[120.5714,14.8494],[120.5739,14.8508],[120.5741,14.855],[120.5688,14.8605],[120.5669,14.8601],[120.5737,14.8541],[120.5729,14.8508],[120.5714,14.8494]]],[[[124.1663,12.3945],[124.1386,12.4336],[124.1394,12.481],[124.1928,12.4125],[124.1825,12.3813],[124.1663,12.3945]]],[[[124.174,10.1561],[124.1613,10.1633],[124.1852,10.1747],[124.174,10.1561]]],[[[124.1865,7.1892],[124.1821,7.1909],[124.1824,7.1935],[124.1865,7.1892]]],[[[124.1453,12.9654],[124.1477,12.9708],[124.1504,12.9695],[124.1453,12.9654]]],[[[124.1257,12.5771],[124.1227,12.5777],[124.1226,12.5824],[124.1239,12.5844],[124.1302,12.5823],[124.1299,12.5793],[124.1257,12.5771]]],[[[124.1127,11.3262],[124.1142,11.3293],[124.1121,11.3362],[124.1134,11.3378],[124.1129,11.3406],[124.1086,11.3455],[124.1154,11.3453],[124.1182,11.346],[124.1176,11.3426],[124.1186,11.3411],[124.1178,11.3372],[124.119,11.3328],[124.1217,11.3305],[124.1219,11.3282],[124.119,11.3265],[124.1127,11.3262]]],[[[124.1182,12.5443],[124.1147,12.5479],[124.1147,12.5502],[124.1129,12.5528],[124.113,12.5548],[124.1164,12.5553],[124.1166,12.5592],[124.1185,12.5607],[124.1205,12.5566],[124.1165,12.5523],[124.1181,12.5476],[124.1182,12.5443]]],[[[124.1142,12.2758],[124.0985,12.2568],[124.0847,12.2826],[124.0985,12.2906],[124.1142,12.2758]]],[[[124.0924,12.5234],[124.0905,12.524],[124.0897,12.5289],[124.0931,12.5341],[124.0938,12.5392],[124.0964,12.5436],[124.1033,12.542],[124.1051,12.5441],[124.1038,12.549],[124.1067,12.5492],[124.1075,12.5451],[124.1097,12.5458],[124.1088,12.5496],[124.1119,12.5497],[124.1131,12.544],[124.1098,12.5442],[124.108,12.5419],[124.1056,12.5419],[124.1039,12.5397],[124.104,12.5343],[124.1053,12.5343],[124.1053,12.5291],[124.1014,12.5282],[124.0979,12.5246],[124.0924,12.5234]]],[[[124.098,11.5051],[124.0957,11.5104],[124.0906,11.5133],[124.0913,11.5176],[124.0934,11.5206],[124.0936,11.5231],[124.0965,11.5226],[124.0978,11.5207],[124.1004,11.5205],[124.1022,11.5169],[124.1041,11.5172],[124.1038,11.513],[124.1045,11.509],[124.1019,11.5061],[124.098,11.5051]]],[[[124.0977,10.0705],[124.0957,10.0705],[124.0972,10.0771],[124.1009,10.0795],[124.1023,10.074],[124.0977,10.0705]]],[[[123.9449,13.2402],[123.9185,13.2606],[123.9121,13.2887],[123.9824,13.2905],[123.9844,13.2604],[124.0092,13.2871],[124.0285,13.2587],[124.047,13.2681],[124.041,13.279],[124.0988,13.2585],[124.0568,13.2544],[124.0545,13.229],[124.0231,13.2171],[123.9927,13.2377],[123.9449,13.2402]]],[[[124.0871,11.8677],[124.0835,11.8734],[124.0806,11.8768],[124.0843,11.8806],[124.0888,11.8821],[124.0954,11.8759],[124.0964,11.872],[124.0939,11.8714],[124.0911,11.8686],[124.0871,11.8677]]],[[[124.0886,12.5436],[124.0868,12.5485],[124.0913,12.5469],[124.0886,12.5436]]],[[[124.071,12.3628],[124.0572,12.386],[124.0792,12.3715],[124.071,12.3628]]],[[[124.0272,7.3343],[124.0778,7.3726],[124.0298,7.2957],[124.0148,7.3181],[124.0272,7.3343]]],[[[123.1799,11.9978],[123.216,12.1274],[123.2263,12.1316],[123.2343,12.1096],[123.2322,12.1201],[123.2558,12.1229],[123.2398,12.138],[123.2824,12.1642],[123.2679,12.1949],[123.3019,12.2147],[123.2967,12.2457],[123.2876,12.2158],[123.2672,12.2445],[123.2276,12.2169],[123.217,12.2388],[123.2349,12.2369],[123.2229,12.2681],[123.264,12.3302],[123.26,12.3771],[123.2873,12.4134],[123.2764,12.4271],[123.2873,12.4392],[123.2784,12.431],[123.2706,12.4553],[123.251,12.4573],[123.2494,12.5626],[123.2329,12.5787],[123.2487,12.6003],[123.379,12.5425],[123.3375,12.5402],[123.3594,12.4806],[123.3411,12.4848],[123.3487,12.476],[123.3224,12.4665],[123.3299,12.4322],[123.3345,12.4474],[123.3484,12.4376],[123.3624,12.4713],[123.3815,12.4672],[123.3711,12.5059],[123.4044,12.523],[123.4424,12.5179],[123.5385,12.4433],[123.5562,12.4617],[123.5713,12.4105],[123.6095,12.3841],[123.5895,12.3761],[123.5821,12.3503],[123.6367,12.3768],[123.6301,12.3585],[123.6508,12.3412],[123.671,12.3486],[123.6972,12.3313],[123.7828,12.1967],[123.7935,12.2018],[123.7811,12.2259],[123.7991,12.244],[123.8237,12.2363],[123.854,12.1946],[123.8839,12.2189],[124.0519,11.9675],[124.0461,11.9495],[124.0071,12.013],[123.9923,11.9883],[124.0699,11.8536],[124.0553,11.8013],[124.0731,11.7273],[124.0381,11.739],[123.9776,11.8241],[123.9199,11.8656],[123.9287,11.8791],[123.904,11.8634],[123.8627,11.9022],[123.7214,11.9315],[123.7277,11.9467],[123.7114,11.9555],[123.7413,11.9841],[123.6522,12.0453],[123.6409,12.0656],[123.6596,12.0767],[123.6006,12.0751],[123.6143,12.0989],[123.5365,12.2246],[123.5347,12.213],[123.4325,12.2035],[123.3687,12.1079],[123.3185,12.0735],[123.297,12.0222],[123.2677,12.009],[123.2322,11.9578],[123.2042,11.953],[123.1704,11.9066],[123.1427,11.9303],[123.1799,11.9978]]],[[[124.02,10.2415],[124.074,10.288],[124.0562,10.2409],[124.0443,10.2552],[124.02,10.2415]]],[[[123.302,9.4573],[123.3448,9.7867],[123.3716,9.8168],[123.3714,9.8696],[123.3932,9.8686],[123.4043,9.9052],[123.3969,9.9342],[123.3666,9.9465],[123.3715,9.9936],[123.3832,9.9972],[123.3893,9.9637],[123.4019,9.9707],[123.4147,10.0516],[123.4428,10.0611],[123.5176,10.1525],[123.5292,10.1965],[123.5843,10.2645],[123.5868,10.339],[123.6673,10.4133],[123.6765,10.4566],[123.7142,10.498],[123.7039,10.5418],[123.747,10.6142],[123.7417,10.6338],[123.8006,10.7215],[123.8311,10.7333],[123.9019,10.9315],[123.9309,10.9755],[123.9345,11.0126],[123.9218,11.0027],[123.9024,11.0354],[123.9344,11.0662],[123.9347,11.1073],[123.9681,11.0826],[123.9447,11.1868],[123.9885,11.2261],[123.9989,11.2717],[124.0624,11.2823],[124.0581,11.2599],[124.0704,11.2565],[124.036,11.2083],[124.035,11.1468],[123.9835,11.078],[123.9985,11.047],[124.0424,11.0552],[124.0297,10.9291],[124.0541,10.8826],[124.0321,10.8416],[124.0288,10.7814],[124.0046,10.7562],[124.0291,10.6329],[124.0336,10.5811],[124.0321,10.5946],[124.0188,10.5894],[124.0326,10.4969],[123.9882,10.3931],[124.0212,10.3827],[123.9805,10.3503],[123.9693,10.3527],[123.9816,10.3713],[123.9556,10.3615],[123.9677,10.3254],[123.9899,10.3339],[124.0059,10.3131],[124.0457,10.3327],[123.9834,10.2585],[123.9689,10.2633],[123.9482,10.2428],[123.9353,10.25],[123.9441,10.2817],[123.9305,10.276],[123.9561,10.3192],[123.9404,10.3223],[123.9075,10.2913],[123.8791,10.2875],[123.8629,10.2485],[123.766,10.2265],[123.757,10.1969],[123.6932,10.1395],[123.6809,10.0872],[123.6408,10.086],[123.6143,9.9971],[123.6253,9.9757],[123.609,9.8743],[123.5824,9.867],[123.5593,9.8155],[123.5353,9.8024],[123.5379,9.7586],[123.5127,9.7403],[123.4678,9.5739],[123.3501,9.4217],[123.3016,9.4173],[123.302,9.4573]]],[[[124.0648,14.0204],[124.0627,14.0245],[124.0591,14.03],[124.0613,14.0297],[124.0635,14.0274],[124.0648,14.0238],[124.0648,14.0204]]],[[[124.0377,12.3374],[124.0553,12.3594],[124.0634,12.3525],[124.0377,12.3374]]],[[[124.0504,9.9906],[124.0444,9.9917],[124.0458,9.9961],[124.0468,10.0041],[124.0492,10.0056],[124.0513,10.0007],[124.0499,9.9994],[124.0497,9.9963],[124.053,9.9948],[124.0504,9.9906]]],[[[124.0474,14.0135],[124.0374,14.032],[124.0504,14.0318],[124.0474,14.0135]]],[[[124.0439,10.1535],[124.0408,10.1564],[124.0396,10.1603],[124.0408,10.1618],[124.0476,10.1571],[124.0478,10.1547],[124.0439,10.1535]]],[[[124.0399,12.3775],[124.0353,12.3786],[124.0376,12.3822],[124.041,12.3818],[124.0465,12.3825],[124.0467,12.3799],[124.0399,12.3775]]],[[[124.0275,12.3483],[124.0304,12.3524],[124.0335,12.3526],[124.0335,12.3591],[124.0375,12.3576],[124.0427,12.358],[124.0444,12.3559],[124.0443,12.3535],[124.0409,12.3525],[124.0382,12.3532],[124.0359,12.3485],[124.033,12.3455],[124.0276,12.3448],[124.0275,12.3483]]],[[[124.0316,10.2136],[124.0355,10.2177],[124.0358,10.2214],[124.0376,10.225],[124.0402,10.2231],[124.0431,10.2172],[124.0368,10.2166],[124.0316,10.2136]]],[[[124.0306,12.406],[124.0053,12.3791],[124.0054,12.3945],[124.0306,12.406]]],[[[124.0194,14.0144],[124.0192,14.017],[124.0206,14.0193],[124.0168,14.0242],[124.015,14.0233],[124.0134,14.0258],[124.0181,14.0255],[124.0205,14.0219],[124.0234,14.0193],[124.0252,14.0147],[124.0194,14.0144]]],[[[124.0161,7.629],[124.0135,7.63],[124.011,7.6331],[124.0125,7.6351],[124.0164,7.636],[124.0161,7.629]]],[[[124.0108,12.3671],[124.0093,12.3718],[124.0105,12.3753],[124.0137,12.3738],[124.0162,12.3699],[124.0163,12.3607],[124.0144,12.3593],[124.0117,12.362],[124.0108,12.3671]]],[[[123.9889,13.7827],[123.9847,13.7845],[123.9857,13.7896],[123.9875,13.7907],[123.9906,13.786],[123.9889,13.7827]]],[[[123.9868,10.2044],[123.9882,10.2096],[123.9904,10.2071],[123.9868,10.2044]]],[[[123.9576,13.2935],[123.9603,13.3079],[123.9695,13.2979],[123.9576,13.2935]]],[[[123.9503,13.7724],[123.9478,13.7741],[123.9498,13.7761],[123.9527,13.7751],[123.9503,13.7724]]],[[[123.9464,13.3169],[123.9464,13.305],[123.9274,13.3065],[123.938,13.3248],[123.9464,13.3169]]],[[[123.9319,10.2652],[123.9287,10.2683],[123.9301,10.2697],[123.9342,10.2678],[123.9319,10.2652]]],[[[123.8597,13.2479],[123.8408,13.2735],[123.8616,13.3147],[123.8439,13.3516],[123.8739,13.3486],[123.875,13.3299],[123.8842,13.3473],[123.9062,13.3271],[123.9307,13.3289],[123.8854,13.2811],[123.9111,13.239],[123.8722,13.2239],[123.8712,13.2538],[123.8597,13.2479]]],[[[123.9298,9.4928],[123.9289,9.4899],[123.9258,9.4872],[123.9216,9.486],[123.9184,9.49],[123.9194,9.4977],[123.9219,9.5001],[123.9282,9.4982],[123.9298,9.4928]]],[[[123.9237,11.1723],[123.9213,11.1726],[123.9196,11.1753],[123.9195,11.1781],[123.9176,11.1812],[123.9171,11.1856],[123.9153,11.1887],[123.9162,11.1926],[123.9219,11.1953],[123.926,11.1933],[123.9249,11.1871],[123.9262,11.182],[123.9255,11.1778],[123.9256,11.1729],[123.9237,11.1723]]],[[[123.9124,11.8168],[123.9185,11.8155],[123.9165,11.81],[123.9119,11.8099],[123.9108,11.8086],[123.9069,11.8084],[123.9044,11.8114],[123.9039,11.8152],[123.9075,11.8182],[123.9104,11.8188],[123.9124,11.8168]]],[[[123.91,13.2923],[123.9083,13.2939],[123.9085,13.2972],[123.9115,13.2965],[123.91,13.2923]]],[[[123.9077,12.8633],[123.9092,12.8628],[123.9053,12.8584],[123.9048,12.8625],[123.9077,12.8633]]],[[[123.8856,12.8739],[123.8894,12.8886],[123.9043,12.8698],[123.8856,12.8739]]],[[[123.8985,11.3094],[123.8914,11.296],[123.8835,11.305],[123.8989,11.3529],[123.8985,11.3094]]],[[[123.8724,13.9488],[123.8682,13.9494],[123.8661,13.9515],[123.859,13.9504],[123.864,13.9559],[123.8603,13.9587],[123.8572,13.9598],[123.8548,13.9628],[123.8554,13.9658],[123.8606,13.9663],[123.8601,13.964],[123.8627,13.9627],[123.8648,13.9598],[123.8653,13.9568],[123.8682,13.956],[123.8688,13.9537],[123.8724,13.9488]]],[[[123.856,12.2478],[123.8631,12.2295],[123.8438,12.2512],[123.856,12.2478]]],[[[123.856,13.8592],[123.8558,13.8646],[123.8576,13.8661],[123.8613,13.8643],[123.8587,13.8604],[123.856,13.8592]]],[[[123.8511,13.8718],[123.852,13.8739],[123.8513,13.8806],[123.8543,13.8815],[123.855,13.8835],[123.8587,13.8804],[123.8553,13.8798],[123.8533,13.8764],[123.8525,13.8726],[123.8511,13.8718]]],[[[123.8482,13.9464],[123.8445,13.9478],[123.8484,13.95],[123.8529,13.9494],[123.8482,13.9464]]],[[[123.8498,13.8275],[123.8506,13.8292],[123.8468,13.8316],[123.8425,13.8325],[123.8422,13.8355],[123.8399,13.8387],[123.8438,13.8396],[123.8478,13.8394],[123.8483,13.843],[123.8504,13.843],[123.8526,13.8391],[123.8513,13.8334],[123.8529,13.8303],[123.8525,13.828],[123.8498,13.8275]]],[[[123.8374,13.3653],[123.8518,13.3688],[123.8357,13.3439],[123.8126,13.355],[123.7642,13.4054],[123.808,13.3942],[123.8374,13.3653]]],[[[123.8502,13.8567],[123.847,13.8592],[123.848,13.8631],[123.843,13.8608],[123.8418,13.8654],[123.8426,13.8703],[123.8495,13.8723],[123.8516,13.87],[123.8509,13.8664],[123.849,13.8643],[123.8501,13.8615],[123.8502,13.8567]]],[[[123.8479,13.2786],[123.845,13.2794],[123.8433,13.2812],[123.844,13.2848],[123.8468,13.283],[123.8479,13.2786]]],[[[123.8393,13.8422],[123.8379,13.8435],[123.8391,13.8478],[123.8425,13.8476],[123.8411,13.8427],[123.8393,13.8422]]],[[[123.84,13.8667],[123.8375,13.869],[123.8376,13.8729],[123.8406,13.8742],[123.8412,13.8693],[123.84,13.8667]]],[[[123.8156,13.9145],[123.8174,13.9778],[123.8328,13.9755],[123.8406,13.8984],[123.829,13.8911],[123.8156,13.9145]]],[[[123.8366,13.878],[123.8361,13.8855],[123.8408,13.8852],[123.8399,13.8811],[123.8366,13.878]]],[[[123.8327,12.2613],[123.8311,12.2626],[123.8318,12.2657],[123.8309,12.2696],[123.839,12.2675],[123.8394,12.2641],[123.8348,12.2598],[123.8327,12.2613]]],[[[123.836,13.9432],[123.8344,13.9458],[123.8359,13.9476],[123.838,13.9448],[123.836,13.9432]]],[[[123.8342,13.8696],[123.8323,13.8721],[123.8286,13.872],[123.8255,13.8731],[123.826,13.8755],[123.8288,13.8773],[123.8289,13.8807],[123.8318,13.8814],[123.8323,13.8783],[123.8348,13.8765],[123.8336,13.8719],[123.8342,13.8696]]],[[[123.8307,13.2675],[123.8271,13.2692],[123.8268,13.2733],[123.8329,13.2733],[123.8342,13.2698],[123.8318,13.2698],[123.8307,13.2675]]],[[[123.8275,11.2127],[123.8136,11.1913],[123.8129,11.2122],[123.8275,11.2127]]],[[[123.8206,12.8176],[123.7912,12.8361],[123.8273,12.8311],[123.8206,12.8176]]],[[[123.7131,11.1782],[123.688,11.2251],[123.7298,11.3011],[123.7504,11.284],[123.7746,11.1976],[123.8094,11.1545],[123.7226,11.1363],[123.7284,11.1614],[123.7131,11.1782]]],[[[123.8015,12.3292],[123.8057,12.3272],[123.8092,12.3219],[123.8079,12.317],[123.8084,12.3134],[123.8072,12.3109],[123.8028,12.3196],[123.8003,12.3256],[123.7977,12.3284],[123.796,12.3324],[123.7999,12.3312],[123.8015,12.3292]]],[[[123.7946,13.872],[123.7949,13.8741],[123.7922,13.875],[123.7909,13.8785],[123.7846,13.8813],[123.7849,13.8893],[123.7895,13.8844],[123.7891,13.8826],[123.7933,13.8797],[123.7945,13.8759],[123.7966,13.873],[123.7946,13.872]]],[[[123.7917,11.2142],[123.789,11.2177],[123.7912,11.2202],[123.7958,11.2177],[123.7962,11.216],[123.7917,11.2142]]],[[[123.6503,12.5311],[123.611,12.6071],[123.5931,12.608],[123.5801,12.6306],[123.5833,12.6514],[123.5912,12.6325],[123.6017,12.6447],[123.6153,12.6343],[123.5997,12.683],[123.6252,12.694],[123.6547,12.6496],[123.6809,12.6434],[123.6719,12.6347],[123.709,12.6253],[123.6974,12.601],[123.7252,12.6154],[123.736,12.5801],[123.7197,12.5755],[123.7366,12.5703],[123.7402,12.532],[123.7692,12.4963],[123.7746,12.4158],[123.7923,12.4088],[123.7892,12.3389],[123.7283,12.4015],[123.6503,12.5311]]],[[[123.7716,9.8635],[123.7595,9.8901],[123.7922,9.8865],[123.7716,9.8635]]],[[[123.7901,13.8692],[123.7859,13.8692],[123.7859,13.8718],[123.7901,13.8692]]],[[[123.7785,13.8556],[123.7787,13.8571],[123.7737,13.8589],[123.7761,13.8616],[123.7818,13.8592],[123.7785,13.8556]]],[[[123.7783,8.5049],[123.7758,8.5075],[123.7786,8.5095],[123.7783,8.5049]]],[[[123.7655,12.8366],[123.7639,12.8407],[123.7693,12.846],[123.7696,12.8411],[123.7679,12.8403],[123.7655,12.8366]]],[[[123.7371,8.6045],[123.7342,8.6076],[123.7358,8.6108],[123.7373,8.61],[123.7371,8.6045]]],[[[123.7038,11.1163],[123.701,11.1176],[123.704,11.121],[123.7053,11.1207],[123.7061,11.1259],[123.7087,11.126],[123.7104,11.1233],[123.709,11.1187],[123.7038,11.1163]]],[[[123.7033,11.1431],[123.7026,11.1487],[123.7067,11.1493],[123.7054,11.1438],[123.7033,11.1431]]],[[[123.5889,9.0951],[123.5591,9.102],[123.4529,9.1934],[123.4711,9.2245],[123.5115,9.2143],[123.5632,9.2275],[123.6142,9.3005],[123.6867,9.2219],[123.6566,9.1864],[123.702,9.1456],[123.6826,9.122],[123.6398,9.1262],[123.6238,9.1029],[123.5889,9.0951]]],[[[123.6973,11.1263],[123.6926,11.1268],[123.6902,11.1313],[123.6982,11.1313],[123.6939,11.1342],[123.6976,11.1353],[123.7004,11.1352],[123.7,11.1287],[123.6973,11.1263]]],[[[123.6859,12.9165],[123.6835,12.9191],[123.6835,12.9244],[123.688,12.9238],[123.6904,12.9212],[123.6905,12.9189],[123.6859,12.9165]]],[[[123.6846,9.5146],[123.6823,9.5151],[123.6818,9.5189],[123.6857,9.5199],[123.6874,9.5163],[123.6846,9.5146]]],[[[123.6826,7.9465],[123.6805,7.947],[123.6809,7.951],[123.6773,7.9514],[123.6761,7.9539],[123.6779,7.9554],[123.6811,7.9512],[123.6841,7.949],[123.6826,7.9465]]],[[[123.6816,7.9579],[123.6801,7.9586],[123.6808,7.9624],[123.6834,7.9619],[123.6836,7.9599],[123.6816,7.9579]]],[[[123.6215,13.9315],[123.6348,13.9647],[123.6618,13.9456],[123.6415,13.9812],[123.6716,13.9646],[123.678,13.9419],[123.6238,13.9075],[123.5975,13.9317],[123.6096,13.9326],[123.6071,13.9618],[123.6215,13.9315]]],[[[123.6711,11.8701],[123.662,11.9042],[123.6738,11.9027],[123.6711,11.8701]]],[[[123.6653,11.0901],[123.663,11.0917],[123.6624,11.0958],[123.6643,11.0989],[123.6667,11.1052],[123.6693,11.1067],[123.6727,11.1056],[123.6744,11.1038],[123.6728,11.1012],[123.6736,11.0986],[123.6706,11.0954],[123.6646,11.0932],[123.6653,11.0901]]],[[[123.6376,11.0664],[123.6353,11.0858],[123.6583,11.0929],[123.6376,11.0664]]],[[[123.6477,7.9925],[123.6449,8.0031],[123.6565,7.999],[123.6477,7.9925]]],[[[123.6464,11.1419],[123.643,11.1428],[123.6396,11.1487],[123.6438,11.1495],[123.6472,11.1458],[123.6496,11.142],[123.6464,11.1419]]],[[[123.6418,8.6363],[123.6419,8.6387],[123.6405,8.6418],[123.6457,8.6399],[123.6457,8.6385],[123.6418,8.6363]]],[[[123.6406,13.9845],[123.6375,13.9889],[123.6393,13.99],[123.6396,13.9938],[123.6426,13.9918],[123.6429,13.9897],[123.6406,13.9845]]],[[[123.6405,7.9772],[123.6224,7.9932],[123.6405,7.9909],[123.6405,7.9772]]],[[[123.6372,12.3542],[123.6372,12.3587],[123.6403,12.3598],[123.641,12.3556],[123.6372,12.3542]]],[[[123.6342,7.9536],[123.6318,7.9579],[123.6377,7.9677],[123.6354,7.9715],[123.6383,7.9718],[123.6381,7.9664],[123.6367,7.9646],[123.6402,7.9602],[123.6377,7.9584],[123.6368,7.9548],[123.6342,7.9536]]],[[[123.638,12.0227],[123.6364,12.0167],[123.634,12.0166],[123.6317,12.0191],[123.638,12.0227]]],[[[123.6253,11.0452],[123.6225,11.0459],[123.6213,11.0503],[123.6227,11.0552],[123.6259,11.0578],[123.6311,11.0597],[123.6335,11.0597],[123.6348,11.0575],[123.6334,11.0512],[123.6295,11.0489],[123.6253,11.0452]]],[[[123.6306,13.8981],[123.6277,13.9006],[123.633,13.9006],[123.6306,13.8981]]],[[[123.6237,11.9525],[123.6209,11.9531],[123.619,11.959],[123.6213,11.9585],[123.623,11.956],[123.6237,11.9525]]],[[[123.6149,12.6924],[123.6121,12.693],[123.6071,12.6977],[123.6034,12.7022],[123.602,12.7057],[123.6018,12.7085],[123.6042,12.7085],[123.6077,12.7018],[123.6115,12.7005],[123.6126,12.6979],[123.6178,12.6951],[123.617,12.6928],[123.6149,12.6924]]],[[[123.5985,11.9171],[123.6013,11.915],[123.6058,11.916],[123.6117,11.9101],[123.6102,11.9073],[123.6075,11.9046],[123.605,11.9059],[123.6038,11.9093],[123.5989,11.9135],[123.5985,11.9171]]],[[[123.6065,11.0334],[123.6029,11.0341],[123.6042,11.0364],[123.6078,11.0357],[123.6065,11.0334]]],[[[123.5995,12.71],[123.5971,12.7106],[123.5927,12.7137],[123.5893,12.7172],[123.5906,12.7185],[123.5942,12.7178],[123.5969,12.7158],[123.5995,12.71]]],[[[123.5964,13.9161],[123.5953,13.9197],[123.5932,13.9219],[123.5856,13.9221],[123.5847,13.9239],[123.5793,13.9271],[123.5789,13.9306],[123.5824,13.9311],[123.5867,13.929],[123.5885,13.9271],[123.5927,13.9263],[123.5972,13.9264],[123.598,13.9215],[123.5964,13.9161]]],[[[123.5947,12.6776],[123.5922,12.6812],[123.595,12.6864],[123.5968,12.6866],[123.5964,12.6802],[123.5947,12.6776]]],[[[123.5882,13.9029],[123.5809,13.9082],[123.5828,13.9107],[123.5863,13.9105],[123.5882,13.9029]]],[[[123.5857,12.6526],[123.5828,12.656],[123.5819,12.6609],[123.584,12.6624],[123.5865,12.6534],[123.5857,12.6526]]],[[[123.5751,13.969],[123.557,13.9909],[123.5797,13.9834],[123.5751,13.969]]],[[[123.5754,13.9479],[123.5611,13.9549],[123.5751,13.9685],[123.5754,13.9479]]],[[[123.5745,13.9314],[123.5724,13.9324],[123.5706,13.9381],[123.5676,13.9394],[123.5669,13.9456],[123.5698,13.9493],[123.5726,13.9479],[123.5709,13.9453],[123.5714,13.9412],[123.5761,13.9391],[123.5757,13.9365],[123.5769,13.9333],[123.5745,13.9314]]],[[[123.5584,13.9023],[123.5421,13.9308],[123.5737,13.9175],[123.5763,13.905],[123.5584,13.9023]]],[[[123.5731,13.579],[123.57,13.5798],[123.5642,13.5845],[123.5639,13.5871],[123.5695,13.5919],[123.5729,13.5899],[123.5749,13.5853],[123.5745,13.5817],[123.5731,13.579]]],[[[123.5667,8.62],[123.5683,8.6251],[123.5702,8.6274],[123.5711,8.6308],[123.5747,8.6328],[123.5744,8.6292],[123.569,8.6206],[123.5667,8.62]]],[[[123.5689,10.9539],[123.5521,10.9529],[123.5616,10.9659],[123.5689,10.9539]]],[[[122.6135,9.4205],[122.5393,9.4909],[122.5192,9.5437],[122.4823,9.565],[122.464,9.6251],[122.4448,9.6196],[122.4572,9.661],[122.4341,9.6718],[122.4061,9.6623],[122.4008,9.6797],[122.4217,9.7005],[122.3977,9.6918],[122.381,9.7082],[122.3971,9.7415],[122.41,9.7353],[122.3897,9.79],[122.4061,9.8013],[122.3761,9.836],[122.4355,9.9042],[122.451,9.9764],[122.5084,9.9869],[122.6642,9.9778],[122.7245,10.0177],[122.751,10.0095],[122.7307,10.0265],[122.7786,10.0618],[122.7874,10.0453],[122.7835,10.067],[122.8298,10.0519],[122.8267,10.0658],[122.8682,10.0951],[122.879,10.1432],[122.8611,10.1016],[122.8647,10.165],[122.8622,10.1126],[122.8418,10.2114],[122.8417,10.2985],[122.8647,10.3769],[122.7952,10.5226],[122.8264,10.5525],[122.8462,10.5145],[122.8319,10.5524],[122.8499,10.5468],[122.8841,10.5682],[122.9176,10.6083],[122.9353,10.6848],[122.9499,10.681],[122.9682,10.7919],[122.9506,10.8112],[122.9527,10.8947],[123.0375,10.9219],[123.0722,10.9122],[123.1283,10.9694],[123.1969,11.0028],[123.2456,10.9975],[123.321,10.952],[123.375,10.961],[123.4701,10.9186],[123.5064,10.9258],[123.533,10.8365],[123.5656,10.8419],[123.5571,10.8182],[123.5391,10.8229],[123.5217,10.8025],[123.5451,10.8192],[123.5684,10.7937],[123.5416,10.7511],[123.5226,10.7651],[123.5314,10.7399],[123.5088,10.7049],[123.462,10.5233],[123.4238,10.4797],[123.3593,10.4409],[123.3257,10.3424],[123.3256,10.2535],[123.2857,10.1855],[123.2816,10.1288],[123.228,10.0036],[123.183,9.9549],[123.178,9.9234],[123.1517,9.9062],[123.1508,9.8618],[123.1319,9.8392],[123.1611,9.7084],[123.1494,9.6517],[123.1119,9.652],[123.1074,9.6249],[123.1228,9.5996],[123.1581,9.5943],[123.1192,9.551],[123.1543,9.5468],[123.1839,9.4798],[123.2292,9.4652],[123.2608,9.381],[123.3085,9.3397],[123.3121,9.3013],[123.2845,9.2083],[123.203,9.0936],[123.1514,9.0756],[123.128,9.0458],[123.1316,9.0631],[123.1127,9.0538],[123.0759,9.067],[123.0173,9.0386],[122.9349,9.0862],[122.8716,9.2486],[122.8757,9.3146],[122.8639,9.33],[122.7962,9.3633],[122.6752,9.3801],[122.6135,9.4205]],[[122.8802,10.1445],[122.8805,10.1449],[122.8888,10.1482],[122.8889,10.1498],[122.887,10.1557],[122.8837,10.1552],[122.8884,10.1487],[122.8805,10.1456],[122.8802,10.1445]]],[[[123.5577,13.9683],[123.5548,13.9708],[123.5519,13.9716],[123.5509,13.9736],[123.5476,13.9749],[123.5435,13.974],[123.5432,13.9769],[123.5459,13.9778],[123.5509,13.9752],[123.5535,13.9747],[123.554,13.9724],[123.5583,13.9714],[123.5577,13.9683]]],[[[123.5561,11.9484],[123.5536,11.953],[123.5518,11.9579],[123.5547,11.9584],[123.5563,11.9551],[123.5573,11.9494],[123.5561,11.9484]]],[[[123.5484,12.032],[123.5468,12.0329],[123.5452,12.0388],[123.5453,12.0417],[123.5482,12.0411],[123.5496,12.0381],[123.5496,12.0342],[123.5484,12.032]]],[[[123.5477,10.9622],[123.5443,10.9651],[123.5469,10.9672],[123.5477,10.9622]]],[[[123.5438,10.9739],[123.5409,10.9767],[123.5415,10.9789],[123.5446,10.9788],[123.5458,10.9767],[123.5438,10.9739]]],[[[123.5342,13.9547],[123.5374,13.9584],[123.5399,13.957],[123.5379,13.955],[123.5342,13.9547]]],[[[123.5139,13.9717],[123.5137,13.9781],[123.5173,13.981],[123.5177,13.9861],[123.5211,13.9856],[123.5248,13.9829],[123.5278,13.9835],[123.5269,13.9799],[123.5221,13.9772],[123.5211,13.975],[123.5182,13.9747],[123.5168,13.9727],[123.5139,13.9717]]],[[[123.5181,13.9624],[123.5174,13.9658],[123.5229,13.9676],[123.5242,13.9658],[123.5216,13.9628],[123.5181,13.9624]]],[[[123.5134,13.9529],[123.5117,13.9534],[123.5123,13.9575],[123.5159,13.9583],[123.5134,13.9529]]],[[[123.5132,10.9317],[123.5106,10.9332],[123.5105,10.9358],[123.507,10.9339],[123.5051,10.9367],[123.5135,10.9363],[123.5144,10.934],[123.5132,10.9317]]],[[[123.497,8.6502],[123.4955,8.6528],[123.4978,8.6571],[123.5003,8.6574],[123.5,8.6528],[123.497,8.6523],[123.497,8.6502]]],[[[123.4541,7.6096],[123.4576,7.6114],[123.4578,7.6158],[123.462,7.6132],[123.4647,7.6091],[123.4616,7.6042],[123.4596,7.604],[123.454,7.608],[123.4541,7.6096]]],[[[123.4223,10.4356],[123.4215,10.4387],[123.4186,10.4408],[123.4176,10.4457],[123.4236,10.4485],[123.4249,10.4485],[123.427,10.4539],[123.4309,10.458],[123.4338,10.4642],[123.4416,10.4727],[123.4426,10.476],[123.4468,10.4802],[123.4492,10.4789],[123.4498,10.474],[123.4495,10.4686],[123.4486,10.4668],[123.4411,10.4631],[123.4371,10.4555],[123.4322,10.4516],[123.4285,10.4434],[123.4223,10.4356]]],[[[123.4195,8.8497],[123.4159,8.8505],[123.4134,8.8527],[123.4128,8.8581],[123.4154,8.8598],[123.4217,8.8558],[123.4208,8.8504],[123.4195,8.8497]]],[[[123.3735,7.5772],[123.3916,7.5715],[123.3872,7.5578],[123.3735,7.5772]]],[[[123.3939,7.5689],[123.3916,7.5729],[123.3859,7.5743],[123.3844,7.579],[123.388,7.5779],[123.3885,7.5759],[123.3934,7.5728],[123.3939,7.5689]]],[[[123.3919,9.4322],[123.3923,9.4288],[123.3898,9.4288],[123.3874,9.433],[123.3875,9.4348],[123.3915,9.4343],[123.3919,9.4322]]],[[[123.3452,12.7471],[123.3863,12.6989],[123.3582,12.6972],[123.2635,12.8312],[123.199,12.842],[123.1709,12.8845],[123.1397,12.8932],[123.1479,12.9063],[123.1082,12.9237],[123.1109,12.9445],[123.0878,12.9499],[123.0895,12.9681],[123.0761,12.9589],[123.0675,13.0052],[122.9862,13.0065],[122.9643,13.0404],[122.9458,13.0256],[122.9477,13.0713],[122.9657,13.079],[122.9288,13.1107],[122.9686,13.1288],[122.9818,13.11],[122.9757,13.1332],[122.9954,13.1594],[123.0157,13.1363],[123.0412,13.1375],[123.0404,13.1149],[123.019,13.1131],[123.025,13.0917],[123.048,13.1218],[123.0575,13.1164],[123.1809,12.9127],[123.2752,12.8915],[123.287,12.8194],[123.3452,12.7471]],[[123.0632,13.0943],[123.0625,13.0937],[123.0591,13.0938],[123.0558,13.0873],[123.0634,13.0932],[123.0632,13.0943]]],[[[123.3823,9.8745],[123.3799,9.8757],[123.3742,9.8765],[123.3728,9.8784],[123.3733,9.8825],[123.3746,9.8846],[123.3761,9.8897],[123.3805,9.8932],[123.3839,9.8915],[123.3846,9.8874],[123.3832,9.8802],[123.3822,9.8779],[123.3823,9.8745]]],[[[123.3481,11.6054],[123.3411,11.6319],[123.3584,11.6389],[123.3481,11.6054]]],[[[123.3293,11.5724],[123.3246,11.5918],[123.3568,11.601],[123.3293,11.5724]]],[[[123.3473,11.5649],[123.3465,11.5698],[123.3491,11.5714],[123.3495,11.5672],[123.3473,11.5649]]],[[[123.3393,11.1982],[123.3375,11.2031],[123.3409,11.2018],[123.3416,11.1992],[123.3393,11.1982]]],[[[123.3186,14.0889],[123.2933,14.1269],[123.3278,14.1107],[123.3186,14.0889]]],[[[123.2813,11.4543],[123.2784,11.4567],[123.2847,11.4585],[123.2847,11.4553],[123.2813,11.4543]]],[[[123.2812,11.5759],[123.2792,11.5776],[123.279,11.5807],[123.277,11.5856],[123.2775,11.5882],[123.2794,11.5895],[123.2826,11.5818],[123.2812,11.5759]]],[[[123.2612,11.4234],[123.2471,11.4657],[123.2756,11.4557],[123.2612,11.4234]]],[[[123.276,13.7755],[123.2736,13.7741],[123.2699,13.7742],[123.2696,13.7761],[123.276,13.7755]]],[[[123.2686,9.0714],[123.2683,9.0835],[123.2699,9.0847],[123.2733,9.0845],[123.2742,9.0807],[123.2759,9.0776],[123.2709,9.0745],[123.2686,9.0714]]],[[[123.2388,12.1693],[123.2352,12.171],[123.238,12.1747],[123.2407,12.1746],[123.2436,12.1775],[123.2475,12.177],[123.2519,12.1787],[123.2574,12.1887],[123.2629,12.1919],[123.2638,12.19],[123.2599,12.188],[123.2593,12.1837],[123.2569,12.1838],[123.2582,12.18],[123.254,12.1782],[123.2536,12.1735],[123.2525,12.1708],[123.2388,12.1693]]],[[[123.2596,14.0028],[123.2606,14.0036],[123.2596,14.0081],[123.2636,14.0069],[123.263,14.0043],[123.2596,14.0028]]],[[[123.2529,11.484],[123.2563,11.4886],[123.2589,11.4867],[123.2581,11.4849],[123.2529,11.484]]],[[[123.2535,12.4259],[123.2524,12.4203],[123.2506,12.4206],[123.2498,12.4238],[123.2516,12.4259],[123.2518,12.4331],[123.2507,12.4367],[123.2535,12.4395],[123.2578,12.4331],[123.2566,12.4289],[123.2535,12.4259]]],[[[123.2548,13.9568],[123.2506,13.9578],[123.2508,13.9603],[123.2548,13.9568]]],[[[123.2487,12.4012],[123.2472,12.4012],[123.2487,12.4063],[123.2542,12.4099],[123.2548,12.4057],[123.2514,12.4038],[123.2487,12.4012]]],[[[123.2369,12.3431],[123.2345,12.3725],[123.2492,12.382],[123.2369,12.3431]]],[[[123.2459,13.7484],[123.2442,13.7446],[123.2424,13.7477],[123.2459,13.7484]]],[[[123.217,11.4596],[123.1938,11.4725],[123.1985,11.5035],[123.2194,11.5094],[123.2274,11.4929],[123.2341,11.5138],[123.2355,11.4648],[123.217,11.4596]]],[[[123.227,11.5451],[123.2257,11.5478],[123.2295,11.5522],[123.2308,11.555],[123.2331,11.5563],[123.2338,11.5591],[123.2388,11.5594],[123.2312,11.5493],[123.227,11.5451]]],[[[123.2225,8.7424],[123.2199,8.7426],[123.2185,8.7443],[123.2196,8.7486],[123.2253,8.7501],[123.2283,8.7477],[123.2283,8.7453],[123.2261,8.7431],[123.2225,8.7424]]],[[[123.2244,7.5164],[123.2187,7.519],[123.2177,7.5211],[123.2218,7.5219],[123.2244,7.5164]]],[[[123.2108,14.0232],[123.2079,14.024],[123.2113,14.0307],[123.2155,14.0309],[123.2235,14.0272],[123.2195,14.0241],[123.2129,14.0252],[123.2108,14.0232]]],[[[123.2151,12.2818],[123.2135,12.2834],[123.2172,12.285],[123.2208,12.285],[123.2169,12.2816],[123.2151,12.2818]]],[[[123.2075,11.5811],[123.2056,11.5814],[123.2041,11.5845],[123.2075,11.5852],[123.2104,11.5868],[123.2117,11.5857],[123.2147,11.5867],[123.2153,11.5895],[123.2187,11.5885],[123.2166,11.584],[123.2119,11.5836],[123.2075,11.5811]]],[[[123.2049,11.2357],[123.1991,11.2362],[123.2006,11.2388],[123.1992,11.2411],[123.202,11.2454],[123.2054,11.2469],[123.2114,11.247],[123.213,11.2491],[123.2166,11.2498],[123.2175,11.2483],[123.2162,11.2449],[123.2164,11.2406],[123.2132,11.2352],[123.2094,11.2346],[123.2049,11.2357]]],[[[123.1996,11.5367],[123.1912,11.5122],[123.1546,11.4919],[123.1667,11.5233],[123.1996,11.5367]]],[[[123.1962,11.2241],[123.1947,11.2276],[123.197,11.2284],[123.1962,11.2241]]],[[[123.187,11.4809],[123.1849,11.4831],[123.1854,11.4865],[123.1874,11.4872],[123.1899,11.4908],[123.1903,11.4937],[123.1928,11.4932],[123.1933,11.4908],[123.1956,11.4906],[123.1963,11.4877],[123.192,11.4836],[123.1878,11.4825],[123.187,11.4809]]],[[[123.1631,11.2553],[123.1476,11.2599],[123.161,11.3131],[123.1938,11.2939],[123.1631,11.2553]]],[[[123.1909,11.4694],[123.1891,11.4705],[123.1853,11.4705],[123.1862,11.4746],[123.1904,11.4736],[123.1909,11.4694]]],[[[123.1714,11.2207],[123.1904,11.2125],[123.1727,11.1928],[123.1584,11.2094],[123.1714,11.2207]]],[[[123.1794,11.4246],[123.1781,11.4296],[123.1791,11.433],[123.1815,11.4334],[123.1814,11.4372],[123.1825,11.4387],[123.1872,11.4396],[123.1884,11.4372],[123.188,11.4346],[123.1799,11.4282],[123.1794,11.4246]]],[[[123.1839,11.4904],[123.1818,11.4934],[123.186,11.4939],[123.1839,11.4904]]],[[[123.1728,11.3148],[123.1754,11.3201],[123.1814,11.3197],[123.1806,11.3178],[123.177,11.3149],[123.1728,11.3148]]],[[[123.1742,11.4907],[123.173,11.4919],[123.1763,11.4952],[123.1774,11.4979],[123.1802,11.4965],[123.1789,11.4942],[123.1742,11.4907]]],[[[123.1764,11.1835],[123.1731,11.1865],[123.1795,11.1881],[123.18,11.1862],[123.1764,11.1835]]],[[[123.1733,11.2604],[123.1756,11.2645],[123.1796,11.2638],[123.1783,11.2573],[123.1746,11.2569],[123.1733,11.2604]]],[[[123.175,11.435],[123.1731,11.4378],[123.1768,11.438],[123.175,11.435]]],[[[123.1666,11.4633],[123.1682,11.4633],[123.1695,11.4664],[123.1746,11.4633],[123.1754,11.4591],[123.1742,11.457],[123.1711,11.4611],[123.1647,11.4615],[123.1666,11.4633]]],[[[121.8449,11.7615],[121.8833,11.8248],[121.8851,11.8998],[121.9463,11.9165],[121.953,11.9394],[122.0797,11.8381],[122.2224,11.8138],[122.2266,11.7942],[122.2579,11.7946],[122.284,11.7553],[122.3633,11.7384],[122.3621,11.7255],[122.3666,11.7389],[122.3892,11.733],[122.4212,11.6644],[122.495,11.6057],[122.4818,11.5953],[122.4283,11.6536],[122.3998,11.6505],[122.4309,11.6112],[122.4219,11.5937],[122.439,11.6009],[122.4397,11.5878],[122.4475,11.6091],[122.487,11.5722],[122.4787,11.5625],[122.4632,11.5816],[122.4457,11.5783],[122.4515,11.5556],[122.4858,11.5596],[122.4967,11.5955],[122.5296,11.5828],[122.5302,11.5696],[122.5482,11.5774],[122.5852,11.5499],[122.5726,11.5055],[122.6358,11.5221],[122.6431,11.5723],[122.6916,11.5353],[122.6804,11.5698],[122.7341,11.5778],[122.7133,11.5848],[122.7256,11.5959],[122.7075,11.6045],[122.7157,11.6123],[122.7968,11.5998],[122.83,11.6089],[122.8254,11.5883],[122.8572,11.5677],[122.8679,11.5311],[122.8776,11.5447],[122.9306,11.5164],[122.8883,11.4856],[122.8753,11.4518],[122.9018,11.4561],[122.8818,11.4451],[122.8835,11.43],[122.9179,11.452],[122.9168,11.4821],[122.9405,11.4687],[123.0059,11.4909],[123.105,11.5478],[123.1494,11.5982],[123.1621,11.561],[123.1371,11.5065],[123.1222,11.5218],[123.1316,11.4974],[123.1193,11.5],[123.1395,11.4934],[123.1337,11.4759],[123.1546,11.4867],[123.1654,11.4697],[123.1299,11.4187],[123.1506,11.3818],[123.1242,11.3642],[123.1313,11.3409],[123.0988,11.3321],[123.1084,11.2963],[123.0956,11.2757],[123.0939,11.2245],[123.1175,11.2115],[123.1269,11.171],[123.1035,11.1558],[123.0766,11.1753],[123.0952,11.1635],[123.0892,11.1456],[123.0717,11.1663],[123.036,11.1709],[123.0057,11.0892],[122.9824,11.0652],[122.9507,11.0646],[122.9634,11.0496],[122.9522,11.0335],[122.9381,11.0303],[122.9439,11.0571],[122.926,11.0666],[122.9057,11.0209],[122.8702,11.0308],[122.8515,11.0188],[122.8517,10.9917],[122.8329,11.0024],[122.7822,10.988],[122.7521,10.9449],[122.7809,10.9256],[122.7836,10.856],[122.7618,10.8547],[122.763,10.8225],[122.7332,10.7852],[122.71,10.7782],[122.6699,10.7961],[122.6644,10.7779],[122.611,10.7749],[122.5879,10.7429],[122.5993,10.737],[122.5886,10.6973],[122.5271,10.698],[122.5688,10.7055],[122.5814,10.6876],[122.4542,10.6879],[122.2742,10.6579],[122.2469,10.6357],[122.2062,10.6385],[122.1437,10.5855],[122.097,10.5763],[122.0506,10.4868],[121.96,10.4063],[121.9121,10.4462],[121.9157,10.504],[121.9571,10.5481],[121.9785,10.6719],[121.9656,10.7164],[121.9236,10.7645],[121.9469,10.8121],[122.0017,10.8023],[121.947,10.8148],[121.9835,10.9294],[122.0544,11.0324],[122.0333,11.1911],[122.053,11.2247],[122.0522,11.2628],[122.0282,11.3035],[122.0576,11.3412],[122.0519,11.4698],[122.0844,11.4969],[122.1007,11.7019],[122.0636,11.7403],[122.0131,11.7362],[121.9178,11.7679],[121.8449,11.7615]]],[[[123.1616,11.3891],[123.1642,11.3888],[123.1651,11.3867],[123.1624,11.3838],[123.1596,11.3878],[123.1616,11.3891]]],[[[123.1576,11.2279],[123.155,11.2287],[123.1555,11.2336],[123.16,11.2345],[123.1627,11.2329],[123.1622,11.229],[123.1576,11.2279]]],[[[123.1563,11.1782],[123.1561,11.1823],[123.1584,11.1847],[123.1603,11.1823],[123.1563,11.1782]]],[[[123.1343,11.1164],[123.1207,11.0979],[123.1076,11.1354],[123.1518,11.153],[123.1343,11.1164]]],[[[123.1508,11.305],[123.1485,11.3084],[123.152,11.3094],[123.1508,11.305]]],[[[123.1464,9.6153],[123.1428,9.6175],[123.1459,9.6211],[123.148,9.6206],[123.1481,9.6164],[123.1464,9.6153]]],[[[123.1289,11.2424],[123.1332,11.2641],[123.146,11.2545],[123.1217,11.2167],[123.1289,11.2424]]],[[[123.1439,11.409],[123.1418,11.4125],[123.1449,11.4125],[123.1439,11.409]]],[[[123.1289,11.8388],[123.118,11.8527],[123.1345,11.8617],[123.1289,11.8388]]],[[[123.1369,11.4992],[123.1328,11.4999],[123.131,11.5035],[123.1257,11.5076],[123.123,11.5114],[123.1239,11.5141],[123.123,11.5179],[123.1254,11.5191],[123.1295,11.5179],[123.1303,11.5137],[123.1272,11.5128],[123.1287,11.5081],[123.1329,11.5043],[123.1381,11.5027],[123.1369,11.4992]]],[[[123.1317,7.5808],[123.0981,7.6004],[123.1244,7.6021],[123.1317,7.5808]]],[[[123.1158,14.0747],[123.1063,14.0778],[123.1037,14.0798],[123.0992,14.0803],[123.101,14.0856],[123.1058,14.09],[123.1099,14.0846],[123.1116,14.0792],[123.1137,14.0777],[123.1161,14.0783],[123.118,14.0766],[123.1158,14.0747]]],[[[123.1053,13.6721],[123.1019,13.6723],[123.1045,13.6769],[123.1072,13.6846],[123.1127,13.6879],[123.1151,13.6876],[123.1151,13.6851],[123.1115,13.6779],[123.1098,13.6732],[123.1053,13.6721]]],[[[123.1129,14.0305],[123.0952,14.0427],[123.1095,14.0454],[123.1129,14.0305]]],[[[123.0952,14.0801],[123.0914,14.0838],[123.0873,14.0861],[123.0876,14.0897],[123.0902,14.0912],[123.0951,14.0859],[123.0942,14.0823],[123.0952,14.0801]]],[[[123.0849,14.0852],[123.0812,14.0864],[123.081,14.0915],[123.0843,14.0897],[123.0849,14.0852]]],[[[123.0754,14.0646],[123.0693,14.066],[123.0678,14.0672],[123.0691,14.0709],[123.0746,14.0734],[123.0783,14.0733],[123.0788,14.0712],[123.0776,14.066],[123.0754,14.0646]]],[[[123.0764,7.6089],[123.0742,7.6116],[123.0774,7.6126],[123.0764,7.6089]]],[[[123.0667,14.0976],[123.0543,14.1291],[123.0683,14.1289],[123.0667,14.0976]]],[[[123.0498,7.6466],[123.0481,7.6506],[123.0506,7.6526],[123.0498,7.6466]]],[[[123.049,11.132],[123.0456,11.1325],[123.0464,11.1347],[123.0487,11.1349],[123.049,11.132]]],[[[123.0242,11.7551],[123.0221,11.7579],[123.0266,11.7587],[123.0242,11.7551]]],[[[123.0237,11.0736],[123.0205,11.0749],[123.0192,11.0769],[123.0197,11.0808],[123.0223,11.0815],[123.0237,11.0736]]],[[[123.0116,11.0739],[123.0124,11.0785],[123.0149,11.0777],[123.0152,11.0718],[123.0119,11.0715],[123.0116,11.0739]]],[[[122.9941,14.4327],[122.9975,14.4324],[122.9991,14.4346],[123.0049,14.4333],[123.0044,14.432],[123.0107,14.4304],[123.0006,14.4298],[122.9959,14.43],[122.9954,14.432],[122.9909,14.4316],[122.9851,14.4286],[122.9851,14.433],[122.992,14.4349],[122.9941,14.4327]]],[[[122.9783,13.1463],[122.9591,13.1299],[122.947,13.1419],[122.9765,13.1576],[122.9783,13.1463]]],[[[122.9716,14.4047],[122.9253,14.434],[122.9412,14.4394],[122.9716,14.4047]]],[[[122.901,7.3278],[122.8153,7.2935],[122.811,7.3664],[122.8047,7.3427],[122.7885,7.352],[122.8059,7.4285],[122.8302,7.4368],[122.8594,7.4128],[122.8748,7.3595],[122.8816,7.3749],[122.9085,7.3713],[122.9118,7.3876],[122.8865,7.3791],[122.8981,7.4417],[122.9062,7.4237],[122.9446,7.4113],[122.9334,7.3974],[122.9746,7.3617],[122.9279,7.384],[122.9171,7.3657],[122.9502,7.3407],[122.9098,7.3577],[122.901,7.3278]]],[[[122.9703,14.4474],[122.9679,14.4477],[122.9676,14.4508],[122.97,14.4526],[122.9748,14.451],[122.9745,14.4494],[122.9703,14.4474]]],[[[122.9699,7.4531],[122.9628,7.4593],[122.9635,7.4626],[122.9666,7.4621],[122.9685,7.4598],[122.9699,7.4531]]],[[[122.9589,14.3696],[122.9531,14.3717],[122.9544,14.3746],[122.9595,14.3746],[122.9624,14.3722],[122.9616,14.3701],[122.9589,14.3696]]],[[[122.9018,14.4456],[122.9597,14.4919],[122.9487,14.4781],[122.9584,14.4657],[122.9018,14.4456]]],[[[122.9354,14.4467],[122.933,14.4492],[122.9362,14.4526],[122.9425,14.4541],[122.944,14.4536],[122.9445,14.4503],[122.9401,14.4494],[122.9354,14.4467]]],[[[122.9365,13.1752],[122.9357,13.1793],[122.9385,13.1795],[122.9365,13.1752]]],[[[122.9277,14.4902],[122.9274,14.4925],[122.933,14.4941],[122.933,14.492],[122.9277,14.4902]]],[[[122.9285,14.415],[122.9256,14.4178],[122.929,14.4201],[122.9296,14.4178],[122.9285,14.415]]],[[[122.912,14.1905],[122.9104,14.1941],[122.9146,14.195],[122.9145,14.191],[122.912,14.1905]]],[[[122.9042,14.4924],[122.9024,14.4938],[122.9031,14.4966],[122.9065,14.4992],[122.9042,14.4924]]],[[[122.8945,13.1404],[122.8713,13.145],[122.8584,13.1715],[122.8945,13.1404]]],[[[122.8645,11.5409],[122.8628,11.5445],[122.8631,11.5489],[122.8605,11.5566],[122.8624,11.5586],[122.8653,11.5556],[122.8646,11.5504],[122.8645,11.5409]]],[[[122.8512,7.2677],[122.8478,7.2753],[122.8505,7.2777],[122.8529,7.277],[122.8517,7.2731],[122.854,7.2713],[122.8548,7.2744],[122.8584,7.2765],[122.8597,7.2726],[122.8512,7.2677]]],[[[122.8349,11.6312],[122.8323,11.6321],[122.8337,11.6388],[122.833,11.6424],[122.836,11.6454],[122.8381,11.6433],[122.8454,11.6424],[122.846,11.6414],[122.8417,11.6373],[122.8394,11.6387],[122.8357,11.6373],[122.8365,11.6331],[122.8349,11.6312]]],[[[122.8326,7.2786],[122.8261,7.2816],[122.8174,7.2838],[122.8145,7.2859],[122.8137,7.2889],[122.8176,7.2875],[122.823,7.287],[122.8261,7.2852],[122.8287,7.2815],[122.8365,7.2817],[122.8388,7.2804],[122.8326,7.2786]]],[[[122.8336,14.473],[122.8317,14.473],[122.8301,14.4755],[122.8304,14.4824],[122.8335,14.4814],[122.8347,14.4757],[122.8336,14.473]]],[[[122.8172,14.3868],[122.8143,14.388],[122.8118,14.3904],[122.8094,14.3969],[122.808,14.3984],[122.8073,14.4035],[122.8052,14.4074],[122.8039,14.4128],[122.804,14.4169],[122.8064,14.4189],[122.8081,14.4172],[122.8107,14.4105],[122.814,14.4073],[122.8169,14.4069],[122.8191,14.3976],[122.8197,14.3966],[122.8196,14.3881],[122.8172,14.3868]]],[[[122.8071,7.7267],[122.805,7.7268],[122.8024,7.7348],[122.8061,7.7351],[122.8085,7.7335],[122.811,7.7279],[122.8071,7.7267]]],[[[122.8041,7.5304],[122.7998,7.5329],[122.8,7.5376],[122.8018,7.5391],[122.8054,7.5395],[122.8067,7.5353],[122.8096,7.533],[122.8041,7.5304]]],[[[122.7761,7.7555],[122.7597,7.7582],[122.7849,7.7668],[122.7761,7.7555]]],[[[122.7413,10.5009],[122.74,10.5018],[122.7421,10.5066],[122.7437,10.5021],[122.7413,10.5009]]],[[[122.736,13.776],[122.7355,13.7775],[122.7298,13.778],[122.7286,13.7815],[122.7331,13.7818],[122.7341,13.7787],[122.7381,13.7796],[122.7402,13.7827],[122.7431,13.7796],[122.736,13.776]]],[[[122.7368,10.5098],[122.7362,10.5111],[122.7308,10.5147],[122.7327,10.5156],[122.7392,10.5147],[122.7405,10.5106],[122.7368,10.5098]]],[[[122.7257,10.492],[122.7246,10.4955],[122.7212,10.4944],[122.7139,10.4951],[122.7139,10.4979],[122.716,10.4982],[122.7173,10.5013],[122.723,10.5],[122.7249,10.4971],[122.7279,10.4959],[122.7257,10.492]]],[[[122.6979,10.4482],[122.6838,10.4435],[122.6955,10.472],[122.7265,10.4514],[122.6979,10.4482]]],[[[122.6969,10.5569],[122.6819,10.4997],[122.624,10.4347],[122.5837,10.4313],[122.584,10.4533],[122.547,10.4108],[122.5224,10.4054],[122.5033,10.4384],[122.506,10.4692],[122.4747,10.4793],[122.4806,10.5038],[122.5242,10.5173],[122.5102,10.5322],[122.5473,10.5426],[122.5245,10.5402],[122.513,10.5647],[122.5273,10.6146],[122.5629,10.6421],[122.5624,10.666],[122.5791,10.6582],[122.6095,10.6751],[122.6148,10.7184],[122.653,10.753],[122.7142,10.716],[122.7212,10.6923],[122.7255,10.6154],[122.6969,10.5569]]],[[[122.7207,13.3236],[122.7152,13.3247],[122.7129,13.3273],[122.7137,13.334],[122.7153,13.341],[122.7167,13.3363],[122.7229,13.3361],[122.7256,13.332],[122.7248,13.325],[122.7207,13.3236]]],[[[122.7138,13.341],[122.7134,13.3464],[122.715,13.3564],[122.7167,13.3616],[122.7191,13.3648],[122.7222,13.3649],[122.7245,13.3616],[122.7245,13.3593],[122.7216,13.3526],[122.7183,13.3513],[122.715,13.3521],[122.7144,13.342],[122.7138,13.341]]],[[[122.7125,7.777],[122.7094,7.7788],[122.7094,7.783],[122.7055,7.7864],[122.7063,7.7888],[122.7088,7.7889],[122.7118,7.7835],[122.7112,7.7794],[122.7125,7.777]]],[[[122.4793,12.486],[122.5448,12.5028],[122.634,12.4926],[122.6668,12.4638],[122.6984,12.3981],[122.6823,12.3294],[122.6347,12.2683],[122.6102,12.2962],[122.5638,12.3116],[122.5406,12.3623],[122.4347,12.412],[122.429,12.4576],[122.4793,12.486]]],[[[122.6658,10.427],[122.6644,10.4283],[122.663,10.4337],[122.6673,10.4301],[122.6658,10.427]]],[[[122.6213,10.3866],[122.6182,10.3874],[122.6096,10.3876],[122.5987,10.3921],[122.5971,10.394],[122.5945,10.3945],[122.5927,10.3965],[122.5971,10.3979],[122.6023,10.3984],[122.6062,10.398],[122.6117,10.3924],[122.6155,10.395],[122.614,10.3975],[122.6169,10.398],[122.6192,10.3968],[122.6213,10.3937],[122.6237,10.3929],[122.6246,10.3903],[122.6237,10.388],[122.6213,10.3866]]],[[[122.5721,10.408],[122.5786,10.4077],[122.583,10.41],[122.5846,10.4063],[122.5909,10.4088],[122.5953,10.4091],[122.5971,10.404],[122.587,10.4023],[122.5794,10.4035],[122.576,10.4025],[122.5669,10.4049],[122.5625,10.4049],[122.5618,10.4075],[122.5596,10.4082],[122.5603,10.4132],[122.5614,10.416],[122.5661,10.414],[122.5674,10.4114],[122.5669,10.4083],[122.57,10.4073],[122.5721,10.408]]],[[[122.5897,10.3304],[122.5878,10.3323],[122.5865,10.3374],[122.5889,10.3369],[122.5906,10.3341],[122.5897,10.3304]]],[[[122.5839,14.326],[122.5844,14.3303],[122.59,14.3298],[122.5839,14.326]]],[[[122.5872,10.4108],[122.585,10.4124],[122.5854,10.4148],[122.5882,10.4145],[122.5872,10.4108]]],[[[122.5836,10.4153],[122.5838,10.4131],[122.5791,10.4122],[122.5783,10.4148],[122.5815,10.4158],[122.5836,10.4153]]],[[[122.5515,10.4039],[122.5507,10.4057],[122.5531,10.408],[122.5547,10.4052],[122.5515,10.4039]]],[[[122.5461,7.6823],[122.5433,7.6829],[122.5408,7.6854],[122.5428,7.6869],[122.5456,7.6861],[122.5461,7.6823]]],[[[122.5096,10.4038],[122.5086,10.4085],[122.5117,10.409],[122.5134,10.408],[122.5138,10.4041],[122.5096,10.4038]]],[[[122.4865,7.6335],[122.4803,7.6349],[122.4769,7.6368],[122.4795,7.6384],[122.4805,7.6363],[122.4857,7.6348],[122.4865,7.6335]]],[[[122.4587,11.6086],[122.4506,11.6114],[122.4464,11.6176],[122.4396,11.6194],[122.4366,11.6239],[122.4311,11.629],[122.4306,11.6347],[122.4255,11.6353],[122.4246,11.638],[122.4251,11.6408],[122.42,11.6406],[122.4185,11.6424],[122.4194,11.6473],[122.4265,11.6508],[122.429,11.6496],[122.4293,11.6447],[122.4311,11.6378],[122.4341,11.6342],[122.4383,11.6321],[122.4438,11.6236],[122.4509,11.6185],[122.4594,11.6113],[122.4587,11.6086]]],[[[122.4476,8.1134],[122.4453,8.1137],[122.444,8.1168],[122.4489,8.1171],[122.4497,8.114],[122.4476,8.1134]]],[[[122.4342,11.6036],[122.4143,11.63],[122.4441,11.6154],[122.4342,11.6036]]],[[[122.3876,14.6807],[122.3067,14.6791],[122.333,14.7109],[122.4047,14.7339],[122.4383,14.699],[122.3876,14.6807]]],[[[122.4237,11.6253],[122.4216,11.6254],[122.4204,11.6328],[122.4221,11.6345],[122.4293,11.6326],[122.4296,11.628],[122.4237,11.6253]]],[[[122.4166,7.4901],[122.4161,7.4924],[122.419,7.4969],[122.4226,7.4945],[122.4181,7.4921],[122.4166,7.4901]]],[[[122.4132,11.6483],[122.4112,11.6509],[122.4111,11.6534],[122.415,11.6549],[122.417,11.6535],[122.4163,11.651],[122.4132,11.6483]]],[[[122.405,6.7435],[122.4074,6.7409],[122.4073,6.7363],[122.4057,6.7346],[122.3988,6.7355],[122.3921,6.7382],[122.391,6.7422],[122.3912,6.7462],[122.3964,6.7496],[122.3995,6.748],[122.405,6.7435]]],[[[122.3985,9.8],[122.3977,9.8031],[122.3993,9.8049],[122.4031,9.8036],[122.4032,9.8013],[122.3985,9.8]]],[[[122.3921,17.3441],[122.3899,17.3459],[122.3886,17.3497],[122.3913,17.3507],[122.3939,17.3487],[122.3941,17.3456],[122.3921,17.3441]]],[[[122.3802,6.7746],[122.3821,6.7723],[122.3809,6.7682],[122.3745,6.7648],[122.373,6.7621],[122.367,6.7602],[122.3632,6.7622],[122.3618,6.7682],[122.3653,6.7706],[122.3692,6.7723],[122.3741,6.773],[122.3771,6.7749],[122.3802,6.7746]]],[[[122.3781,9.8661],[122.3748,9.8668],[122.3745,9.8698],[122.3764,9.87],[122.3779,9.8731],[122.378,9.8765],[122.3755,9.8783],[122.3753,9.8809],[122.3789,9.8807],[122.3803,9.8773],[122.3794,9.8711],[122.3796,9.8667],[122.3781,9.8661]]],[[[122.3623,17.3558],[122.3646,17.3623],[122.3684,17.3628],[122.3687,17.3589],[122.3657,17.3565],[122.3623,17.3558]]],[[[122.3538,6.9767],[122.3502,6.9772],[122.3475,6.979],[122.3463,6.9816],[122.3528,6.9842],[122.3547,6.9824],[122.3551,6.9775],[122.3538,6.9767]]],[[[122.3393,14.1903],[122.3359,14.1906],[122.3331,14.1942],[122.3326,14.1971],[122.334,14.2004],[122.3367,14.2021],[122.3393,14.1971],[122.3433,14.1994],[122.3446,14.1921],[122.3393,14.1903]]],[[[122.3286,6.953],[122.3236,6.954],[122.3245,6.9562],[122.3286,6.9561],[122.3286,6.953]]],[[[122.2506,12.5515],[122.2453,12.5732],[122.2689,12.5773],[122.2788,12.6227],[122.2937,12.6199],[122.2961,12.5833],[122.3271,12.5411],[122.3199,12.4901],[122.2779,12.4844],[122.2506,12.5515]]],[[[122.0376,6.7425],[122.0769,6.7481],[122.0911,6.711],[122.1358,6.7173],[122.1446,6.6698],[122.2359,6.662],[122.2664,6.6409],[122.3061,6.6449],[122.3269,6.6165],[122.3046,6.5909],[122.2592,6.6039],[122.2587,6.5914],[122.2131,6.5861],[122.1903,6.5161],[122.1941,6.465],[122.0484,6.4141],[121.9761,6.4216],[121.9565,6.4066],[121.9628,6.4308],[121.9229,6.4478],[121.9019,6.4985],[121.8656,6.5183],[121.8828,6.5249],[121.8651,6.5425],[121.8842,6.5568],[121.8719,6.5814],[121.81,6.5924],[121.7982,6.6362],[121.8185,6.6666],[121.8536,6.6712],[121.8716,6.6543],[121.9162,6.675],[121.9294,6.667],[121.9831,6.7232],[122.0044,6.7232],[122.0006,6.7396],[122.0376,6.7425]]],[[[122.3113,7.3078],[122.31,7.3105],[122.3108,7.3136],[122.3152,7.3139],[122.3172,7.3149],[122.3189,7.3115],[122.3153,7.3092],[122.3113,7.3078]]],[[[122.2851,6.8921],[122.2923,6.8715],[122.2732,6.8823],[122.2851,6.8921]]],[[[122.2859,7.1716],[122.2826,7.1756],[122.2865,7.1763],[122.2859,7.1716]]],[[[122.2817,6.9859],[122.2721,6.9568],[122.2359,6.9735],[122.2103,6.9458],[122.2532,6.9949],[122.2728,6.9993],[122.2817,6.9859]]],[[[122.2754,7.1626],[122.273,7.1638],[122.2733,7.1671],[122.2714,7.1679],[122.271,7.1724],[122.2748,7.1715],[122.2777,7.1684],[122.2754,7.1626]]],[[[122.2741,7.1504],[122.271,7.1554],[122.2741,7.1553],[122.2741,7.1504]]],[[[122.2676,7.1766],[122.2676,7.1792],[122.2697,7.1809],[122.2715,7.1787],[122.2676,7.1766]]],[[[122.2692,7.1278],[122.2661,7.1323],[122.27,7.1349],[122.2714,7.1318],[122.2712,7.1292],[122.2692,7.1278]]],[[[122.2555,12.6136],[122.2407,12.6228],[122.265,12.6293],[122.2555,12.6136]]],[[[122.263,7.1447],[122.2615,7.1488],[122.264,7.149],[122.263,7.1447]]],[[[122.2603,7.2036],[122.2584,7.205],[122.2619,7.2109],[122.2634,7.2107],[122.2623,7.2052],[122.2603,7.2036]]],[[[122.2626,6.7264],[122.2577,6.727],[122.2537,6.7337],[122.2546,6.738],[122.2585,6.7374],[122.2603,6.7348],[122.2626,6.7264]]],[[[122.244,14.7205],[122.231,14.7503],[122.1077,14.8059],[122.0953,14.8421],[122.1769,14.8235],[122.1835,14.8455],[122.1899,14.827],[122.2139,14.8424],[122.1889,14.8096],[122.2407,14.78],[122.2604,14.7872],[122.2428,14.776],[122.2597,14.7565],[122.2586,14.7271],[122.244,14.7205]]],[[[122.2535,14.8061],[122.2526,14.8062],[122.251,14.8121],[122.2478,14.8203],[122.2478,14.8242],[122.2507,14.8222],[122.2531,14.8188],[122.2542,14.8155],[122.2568,14.8114],[122.2576,14.8083],[122.2535,14.8061]]],[[[122.2538,7.0986],[122.2511,7.0998],[122.2515,7.1034],[122.254,7.1044],[122.2538,7.0986]]],[[[122.2487,12.5837],[122.2466,12.5855],[122.2432,12.5838],[122.2408,12.5844],[122.2399,12.587],[122.2419,12.5895],[122.2455,12.5919],[122.247,12.596],[122.2463,12.5994],[122.2505,12.6009],[122.252,12.5991],[122.2514,12.5955],[122.2478,12.5883],[122.2487,12.5837]]],[[[122.2391,12.6477],[122.2388,12.6517],[122.2328,12.6542],[122.2326,12.6578],[122.2308,12.6599],[122.2305,12.6633],[122.2348,12.6669],[122.2361,12.6693],[122.2406,12.6713],[122.2437,12.6708],[122.2461,12.6677],[122.2458,12.6563],[122.2437,12.6545],[122.2404,12.6482],[122.2391,12.6477]]],[[[122.2192,6.4568],[122.2151,6.4596],[122.2116,6.4606],[122.2067,6.465],[122.2063,6.4684],[122.2107,6.4643],[122.2146,6.464],[122.2151,6.4622],[122.2182,6.4599],[122.2192,6.4568]]],[[[122.2105,14.8474],[122.2078,14.8491],[122.2097,14.8517],[122.2118,14.8506],[122.2127,14.8481],[122.2105,14.8474]]],[[[122.2086,14.8649],[122.2064,14.8654],[122.2096,14.8692],[122.2115,14.8662],[122.2086,14.8649]]],[[[122.1991,19.0769],[122.2029,19.0803],[122.2045,19.0805],[122.206,19.0774],[122.206,19.0728],[122.2027,19.0714],[122.1976,19.0725],[122.1991,19.0769]]],[[[122.041,14.088],[121.9797,14.1185],[121.9134,14.195],[121.9287,14.2358],[122.1727,14.0448],[122.189,14.008],[122.1583,14.0025],[122.041,14.088]]],[[[122.1756,13.5256],[122.1778,13.5274],[122.1816,13.5277],[122.1841,13.5254],[122.1862,13.5192],[122.1881,13.5163],[122.1854,13.506],[122.1819,13.5041],[122.1764,13.5047],[122.1728,13.5101],[122.1728,13.5122],[122.1707,13.5147],[122.1707,13.5178],[122.1685,13.5212],[122.1706,13.5231],[122.1756,13.5256]]],[[[122.1837,14.9235],[122.1815,14.925],[122.1773,14.9249],[122.1751,14.9278],[122.1765,14.9295],[122.1722,14.9309],[122.1725,14.9327],[122.176,14.9331],[122.1802,14.9317],[122.1845,14.925],[122.1837,14.9235]]],[[[122.1605,14.8328],[122.1591,14.8349],[122.1636,14.8358],[122.1652,14.8335],[122.1605,14.8328]]],[[[122.1598,14.8747],[122.1575,14.8814],[122.159,14.8837],[122.1635,14.8847],[122.1643,14.8822],[122.1636,14.8765],[122.1598,14.8747]]],[[[122.1488,14.9399],[122.1481,14.9424],[122.1505,14.9437],[122.1526,14.9473],[122.1531,14.9507],[122.1598,14.9504],[122.1628,14.9466],[122.1619,14.9445],[122.1609,14.9382],[122.1591,14.9409],[122.1537,14.9436],[122.15,14.9424],[122.1488,14.9399]]],[[[121.927,12.2893],[121.9446,12.394],[121.9876,12.4073],[122.0064,12.4448],[122.0162,12.4927],[121.9936,12.5687],[122.0021,12.5976],[122.0773,12.6233],[122.1194,12.6572],[122.113,12.6745],[122.1543,12.6604],[122.1625,12.632],[122.1292,12.6349],[122.1228,12.6201],[122.1396,12.5398],[122.1123,12.4985],[122.0873,12.311],[122.0375,12.2289],[122.0447,12.1906],[122.0665,12.1909],[122.067,12.1747],[122.0469,12.1801],[122.0174,12.1437],[122.0136,12.0999],[121.9849,12.1416],[121.9921,12.1605],[121.9665,12.1568],[121.9601,12.1884],[121.967,12.2372],[121.9889,12.1895],[122.0165,12.2374],[121.9672,12.2586],[121.9468,12.2995],[121.927,12.2893]]],[[[122.1165,18.5011],[122.1263,18.5468],[122.1116,18.548],[122.113,18.5627],[122.1564,18.5804],[122.1563,18.5442],[122.1165,18.5011]]],[[[122.1563,6.9234],[122.154,6.9234],[122.15,6.9251],[122.1542,6.9268],[122.1571,6.9261],[122.1563,6.9234]]],[[[122.1499,14.8933],[122.1486,14.8947],[122.1427,14.896],[122.1439,14.9068],[122.1431,14.9097],[122.1458,14.9097],[122.1481,14.9146],[122.1512,14.9156],[122.1506,14.9112],[122.1518,14.9084],[122.1517,14.9043],[122.1552,14.904],[122.1527,14.896],[122.1499,14.8933]]],[[[122.1485,14.9222],[122.1465,14.9233],[122.1471,14.9264],[122.1459,14.929],[122.1466,14.9321],[122.1492,14.9321],[122.1499,14.936],[122.1491,14.9388],[122.1519,14.9378],[122.155,14.9378],[122.1539,14.9288],[122.1524,14.9282],[122.1507,14.9239],[122.1485,14.9222]]],[[[122.1481,6.8824],[122.1494,6.8858],[122.1535,6.884],[122.1481,6.8824]]],[[[122.1491,18.5208],[122.1502,18.5245],[122.1523,18.526],[122.1531,18.5219],[122.1491,18.5208]]],[[[122.1506,14.1697],[122.1474,14.1735],[122.1484,14.1769],[122.1506,14.1697]]],[[[122.1468,13.3964],[122.1251,13.4105],[122.1375,13.4153],[122.1468,13.3964]]],[[[121.8296,13.3395],[121.8113,13.4548],[121.875,13.5412],[121.8563,13.5402],[121.8654,13.5705],[121.9151,13.5264],[121.93,13.5446],[121.9612,13.527],[121.9733,13.5605],[121.9663,13.5269],[121.9781,13.5162],[121.9968,13.5139],[122.0127,13.5479],[122.0722,13.4518],[122.0844,13.4563],[122.0833,13.487],[122.1236,13.462],[122.1253,13.4431],[122.11,13.4468],[122.1165,13.4262],[122.0995,13.4345],[122.093,13.4171],[122.1165,13.4066],[122.12,13.3803],[122.1328,13.3914],[122.1492,13.3711],[122.047,13.2772],[122.0529,13.2391],[122.027,13.1992],[121.9828,13.2075],[121.9519,13.2487],[121.8659,13.285],[121.8296,13.3395]]],[[[122.1456,18.5183],[122.1445,18.5232],[122.146,18.5239],[122.1476,18.5201],[122.1456,18.5183]]],[[[122.1455,19.9505],[122.1441,19.9551],[122.1408,19.9569],[122.1403,19.96],[122.1422,19.961],[122.1413,19.9638],[122.1442,19.9639],[122.1445,19.9608],[122.1463,19.9564],[122.1455,19.9505]]],[[[122.1327,14.8372],[122.13,14.8399],[122.1337,14.8416],[122.1336,14.8455],[122.1392,14.8464],[122.142,14.8445],[122.1411,14.8398],[122.1327,14.8372]]],[[[122.1358,13.5169],[122.1068,13.5389],[122.1318,13.5355],[122.1358,13.5169]]],[[[122.1341,18.503],[122.1312,18.5079],[122.1361,18.5077],[122.1365,18.5043],[122.1341,18.503]]],[[[122.1181,14.895],[122.1153,14.8956],[122.1129,14.898],[122.1144,14.9],[122.1173,14.9013],[122.1193,14.9],[122.1213,14.8962],[122.1181,14.895]]],[[[122.1091,12.679],[122.1059,12.6843],[122.112,12.6827],[122.1125,12.6811],[122.1091,12.679]]],[[[122.0951,13.4959],[122.0948,13.497],[122.0885,13.4973],[122.0858,13.4995],[122.0829,13.5001],[122.0795,13.4995],[122.0765,13.5008],[122.0771,13.5077],[122.0805,13.5103],[122.0834,13.5103],[122.084,13.5076],[122.0887,13.5066],[122.0911,13.507],[122.0974,13.506],[122.0991,13.505],[122.1005,13.5003],[122.1002,13.4975],[122.0951,13.4959]]],[[[122.053,12.9369],[122.0331,12.9497],[122.0458,12.9611],[122.0986,12.9584],[122.0859,12.9117],[122.0594,12.9065],[122.053,12.9369]]],[[[122.0204,12.7955],[122.0891,12.8375],[122.0609,12.7842],[122.0308,12.7876],[122.0326,12.8041],[122.0204,12.7955]]],[[[122.0444,14.8418],[122.0243,14.8477],[122.0194,14.879],[122.0842,14.8435],[122.0624,14.8556],[122.0444,14.8418]]],[[[122.0775,13.7888],[122.0789,13.7854],[122.0766,13.7854],[122.0775,13.7888]]],[[[122.0692,13.5176],[122.0677,13.5208],[122.069,13.5231],[122.0676,13.5279],[122.0707,13.5268],[122.0723,13.5229],[122.0707,13.5224],[122.0692,13.5176]]],[[[122.0631,6.858],[122.0592,6.8584],[122.0585,6.8607],[122.0556,6.8647],[122.0518,6.8677],[122.0517,6.8695],[122.0537,6.8726],[122.0617,6.8727],[122.0612,6.8714],[122.0553,6.8716],[122.0525,6.8675],[122.0544,6.8657],[122.0587,6.8643],[122.0615,6.8595],[122.0631,6.858]]],[[[122.0022,15.0],[122.0501,15.0064],[122.0559,14.9523],[122.0313,14.9904],[121.9939,14.9892],[122.0022,15.0]]],[[[122.0454,14.9269],[122.0459,14.9304],[122.0541,14.9335],[122.0545,14.9302],[122.0454,14.9269]]],[[[122.0285,6.3505],[122.0421,6.3281],[122.0524,6.3354],[122.0419,6.3177],[122.0171,6.332],[122.0285,6.3505]]],[[[122.0498,6.8829],[122.0411,6.883],[122.0418,6.8853],[122.0498,6.8829]]],[[[122.0339,14.3944],[122.0306,14.4453],[122.0461,14.4231],[122.0339,14.3944]]],[[[122.0433,12.1409],[122.0308,12.1428],[122.0391,12.1534],[122.0433,12.1409]]],[[[122.0392,6.3921],[122.0371,6.3928],[122.0371,6.3959],[122.0387,6.3971],[122.0425,6.397],[122.0407,6.3931],[122.0392,6.3921]]],[[[122.0349,14.91],[122.0295,14.915],[122.0343,14.9146],[122.0348,14.9157],[122.0404,14.9155],[122.0384,14.9108],[122.0349,14.91]]],[[[121.9961,20.4851],[122.0243,20.483],[122.0353,20.4651],[121.9622,20.4125],[121.9804,20.382],[121.9506,20.3483],[121.9148,20.3482],[121.9259,20.4082],[121.9673,20.447],[121.9567,20.4686],[121.9961,20.4851]]],[[[121.8194,15.0],[121.8317,15.0039],[121.8222,14.9884],[121.8314,14.9964],[121.8372,14.9797],[121.8306,15.0113],[121.8608,15.0031],[121.8364,15.0089],[121.8384,15.0322],[121.8891,15.0255],[121.9123,15.0463],[121.9502,15.0419],[121.9602,15.0518],[121.9493,15.0582],[121.9743,15.0512],[121.97,15.038],[121.9941,15.0457],[122.0212,15.0282],[121.988,14.9618],[122.0126,14.9202],[121.9997,14.9562],[122.0198,14.9687],[122.0209,14.9202],[121.9689,14.9113],[121.9655,14.8942],[121.9773,14.8317],[121.9854,14.842],[122.0219,14.8084],[122.0036,14.8001],[122.0197,14.8043],[122.0352,14.7152],[122.005,14.6679],[121.9498,14.6287],[121.9136,14.6425],[121.9052,14.7216],[121.9233,14.7039],[121.9368,14.7292],[121.8546,14.9004],[121.8588,14.9282],[121.8386,14.9289],[121.8371,14.9537],[121.8229,14.9582],[121.8313,14.9316],[121.8106,14.9236],[121.8014,14.9362],[121.8194,15.0]]],[[[122.028,15.0153],[122.0291,15.0184],[122.032,15.0179],[122.0331,15.0156],[122.028,15.0153]]],[[[122.0176,11.4096],[122.0159,11.4119],[122.0168,11.4151],[122.0202,11.4158],[122.0228,11.4175],[122.0268,11.4169],[122.0273,11.4151],[122.0215,11.4137],[122.02,11.4107],[122.0176,11.4096]]],[[[122.0121,14.8926],[122.0111,14.8943],[122.0064,14.8944],[122.0048,14.8991],[122.0076,14.8995],[122.0103,14.9032],[122.0169,14.9043],[122.0203,14.9057],[122.0232,14.9045],[122.0235,14.9025],[122.0193,14.8995],[122.0145,14.8928],[122.0121,14.8926]]],[[[121.984,6.2803],[121.9861,6.2819],[121.9904,6.2834],[121.9959,6.2845],[122.0038,6.2879],[122.0139,6.2889],[122.0152,6.2928],[122.0113,6.293],[122.0108,6.2959],[122.0162,6.2938],[122.0162,6.2912],[122.0139,6.288],[122.0049,6.2876],[121.9953,6.2837],[121.9894,6.2823],[121.984,6.2803]]],[[[122.0128,14.8789],[122.0098,14.8805],[122.0032,14.8819],[122.0077,14.8845],[122.0117,14.8839],[122.0137,14.8803],[122.0128,14.8789]]],[[[122.008,12.88],[122.0082,12.8823],[122.0059,12.8849],[122.0074,12.8867],[122.0105,12.8831],[122.0103,12.8808],[122.008,12.88]]],[[[121.9989,13.1897],[121.9978,13.1928],[122.001,13.1944],[122.0022,13.1915],[121.9989,13.1897]]],[[[121.9935,6.3018],[121.9778,6.2891],[121.9565,6.2973],[121.9633,6.3134],[121.9935,6.3018]]],[[[121.9571,19.4756],[121.8998,19.5178],[121.893,19.5404],[121.9682,19.5734],[121.9934,19.5526],[121.9942,19.5129],[121.9571,19.4756]]],[[[121.8577,18.8125],[121.8371,18.8218],[121.8261,18.8611],[121.8274,18.8745],[121.8699,18.8897],[121.8494,18.9233],[121.8705,18.9469],[121.867,18.9729],[121.896,19.0011],[121.945,19.0025],[121.9927,18.9595],[121.9885,18.9417],[121.9514,18.9281],[121.9557,18.9072],[121.8944,18.8715],[121.8577,18.8125]]],[[[121.9473,6.7383],[121.9797,6.7553],[121.9915,6.7467],[121.9676,6.7435],[121.9656,6.7088],[121.9403,6.7118],[121.9473,6.7383]]],[[[121.9849,6.3391],[121.9812,6.3409],[121.9798,6.3434],[121.9756,6.3423],[121.9765,6.3484],[121.9798,6.3492],[121.9818,6.3515],[121.9836,6.3479],[121.9822,6.3432],[121.9849,6.3391]]],[[[121.9797,6.7396],[121.9777,6.7411],[121.9733,6.7403],[121.9714,6.7417],[121.9707,6.7443],[121.9722,6.7457],[121.9787,6.745],[121.9831,6.7433],[121.9836,6.7416],[121.9797,6.7396]]],[[[121.9767,6.7254],[121.9742,6.7283],[121.9785,6.7281],[121.9767,6.7254]]],[[[121.9581,6.354],[121.9776,6.3569],[121.9654,6.3326],[121.9581,6.354]]],[[[121.954,12.0792],[121.9625,12.0377],[121.9518,12.0315],[121.9217,12.0462],[121.911,12.0715],[121.9359,12.0967],[121.954,12.0792]]],[[[121.953,13.5396],[121.95,13.543],[121.9558,13.5422],[121.953,13.5396]]],[[[121.9492,21.1031],[121.9477,21.1063],[121.9463,21.1125],[121.9468,21.1182],[121.9455,21.1223],[121.9516,21.1203],[121.9523,21.118],[121.9556,21.1141],[121.9544,21.1072],[121.952,21.1042],[121.9492,21.1031]]],[[[121.9336,11.9392],[121.9055,11.9883],[121.9216,11.9995],[121.9279,11.968],[121.9479,11.9549],[121.9336,11.9392]]],[[[121.9211,6.0277],[121.9022,6.0152],[121.9237,6.0315],[121.908,6.0365],[121.9353,6.0477],[121.9335,6.0369],[121.9488,6.0552],[121.9211,6.0277]]],[[[121.9317,21.0617],[121.9292,21.0622],[121.9275,21.0658],[121.9333,21.0701],[121.9355,21.0684],[121.9352,21.0628],[121.9317,21.0617]]],[[[121.9246,20.7081],[121.9306,20.7116],[121.9325,20.7115],[121.9349,20.702],[121.9353,20.6984],[121.9288,20.6976],[121.9214,20.6999],[121.9212,20.7019],[121.9246,20.7081]]],[[[121.9271,13.0174],[121.9242,13.018],[121.9225,13.0219],[121.9235,13.0253],[121.9257,13.028],[121.9294,13.028],[121.9339,13.0261],[121.9351,13.0235],[121.9334,13.0196],[121.9271,13.0174]]],[[[121.9299,20.9224],[121.9269,20.9264],[121.9217,20.9285],[121.9148,20.9293],[121.9133,20.9305],[121.9139,20.9341],[121.9205,20.9362],[121.9233,20.9315],[121.9266,20.9273],[121.9302,20.927],[121.9314,20.9237],[121.9299,20.9224]]],[[[121.9247,6.3276],[121.9274,6.3248],[121.93,6.3189],[121.931,6.3122],[121.9313,6.3065],[121.9304,6.3046],[121.9245,6.3041],[121.9232,6.3047],[121.921,6.3135],[121.9194,6.3178],[121.9195,6.323],[121.9216,6.3258],[121.9247,6.3276]]],[[[121.9158,11.463],[121.8902,11.4728],[121.9275,11.479],[121.9158,11.463]]],[[[121.922,10.4145],[121.9191,10.4148],[121.9201,10.4202],[121.9222,10.4204],[121.9233,10.4173],[121.922,10.4145]]],[[[121.8993,6.021],[121.8966,6.0232],[121.8957,6.0286],[121.8995,6.0318],[121.9049,6.0331],[121.9106,6.0326],[121.9132,6.0312],[121.9121,6.0271],[121.908,6.0245],[121.9034,6.0229],[121.9006,6.0228],[121.8993,6.021]]],[[[121.9038,20.8988],[121.9002,20.899],[121.8994,20.9006],[121.8995,20.9065],[121.9015,20.9084],[121.9068,20.9055],[121.9058,20.9009],[121.9038,20.8988]]],[[[121.8913,13.0232],[121.8855,13.0241],[121.8803,13.0258],[121.8803,13.0282],[121.8863,13.0296],[121.8923,13.0317],[121.8978,13.0311],[121.8989,13.029],[121.8958,13.0254],[121.8913,13.0232]]],[[[121.8761,6.0047],[121.8627,6.0138],[121.8926,6.0286],[121.8761,6.0047]]],[[[121.846,20.3551],[121.8886,20.3142],[121.863,20.261],[121.8407,20.2879],[121.846,20.3551]]],[[[121.8421,20.8271],[121.8604,20.8352],[121.8803,20.8201],[121.8685,20.7801],[121.8777,20.7614],[121.8563,20.7497],[121.8485,20.7154],[121.799,20.6888],[121.7822,20.7211],[121.8421,20.8271]]],[[[121.8827,17.1781],[121.8782,17.1799],[121.8797,17.1814],[121.8827,17.1781]]],[[[121.8775,6.6855],[121.8748,6.6871],[121.8767,6.69],[121.8806,6.6898],[121.8814,6.6873],[121.878,6.6869],[121.8775,6.6855]]],[[[121.8747,6.6598],[121.8714,6.6652],[121.875,6.6637],[121.8747,6.6598]]],[[[121.8666,13.2444],[121.8632,13.2471],[121.8593,13.2477],[121.8545,13.2459],[121.8509,13.2465],[121.8495,13.2494],[121.8537,13.2511],[121.8566,13.2513],[121.8613,13.2532],[121.8674,13.2533],[121.8686,13.2489],[121.8683,13.2458],[121.8666,13.2444]]],[[[121.8555,17.112],[121.8573,17.1192],[121.86,17.1208],[121.8577,17.1128],[121.8555,17.112]]],[[[121.8517,6.0045],[121.8503,6.0063],[121.8502,6.0102],[121.8544,6.0138],[121.8542,6.017],[121.8576,6.0168],[121.8592,6.0148],[121.8581,6.0089],[121.855,6.0079],[121.8537,6.0052],[121.8517,6.0045]]],[[[121.8574,5.9985],[121.8532,5.9986],[121.8481,6.0012],[121.8429,6.005],[121.8423,6.0073],[121.8491,6.0055],[121.8543,6.0022],[121.8548,5.9996],[121.8574,5.9985]]],[[[121.8401,6.6778],[121.8352,6.6761],[121.8314,6.6756],[121.8297,6.677],[121.8339,6.6802],[121.8365,6.6799],[121.8401,6.682],[121.8419,6.6813],[121.846,6.6827],[121.8479,6.6809],[121.8561,6.6769],[121.8504,6.6761],[121.845,6.6769],[121.844,6.6779],[121.8401,6.6778]]],[[[121.8231,6.1359],[121.847,6.1472],[121.855,6.1257],[121.8275,6.1152],[121.8231,6.1359]]],[[[121.8199,14.2587],[121.8248,14.2791],[121.8079,14.271],[121.8063,14.2968],[121.8511,14.298],[121.8199,14.2587]]],[[[121.8256,6.0374],[121.8472,6.012],[121.8076,6.0303],[121.7632,6.0945],[121.8256,6.0374]]],[[[121.8363,6.2153],[121.8351,6.2182],[121.8336,6.2262],[121.832,6.2274],[121.8315,6.2313],[121.8324,6.2403],[121.8343,6.2421],[121.8401,6.2423],[121.8427,6.2409],[121.8444,6.238],[121.8459,6.2272],[121.8448,6.2206],[121.8409,6.2168],[121.8363,6.2153]]],[[[121.8374,17.0914],[121.8406,17.094],[121.8427,17.0919],[121.8374,17.0914]]],[[[121.836,18.8961],[121.8331,18.8972],[121.8306,18.9055],[121.8332,18.9077],[121.8384,18.9055],[121.8389,18.9017],[121.8379,18.8961],[121.836,18.8961]]],[[[121.8328,13.2316],[121.8309,13.2316],[121.8283,13.2348],[121.8306,13.2376],[121.8359,13.2359],[121.837,13.2319],[121.8328,13.2316]]],[[[121.828,6.4479],[121.8244,6.4483],[121.82,6.4504],[121.8176,6.4555],[121.8165,6.462],[121.8177,6.4639],[121.8205,6.4642],[121.8226,6.4667],[121.8249,6.4649],[121.8306,6.4638],[121.8303,6.461],[121.8317,6.4592],[121.8305,6.4545],[121.833,6.4538],[121.8298,6.4485],[121.828,6.4479]]],[[[121.8003,6.1642],[121.8194,6.1764],[121.8288,6.1457],[121.8035,6.1324],[121.8003,6.1642]]],[[[121.8,20.3332],[121.8196,20.3258],[121.8071,20.2988],[121.8,20.3332]]],[[[121.8121,13.2209],[121.8089,13.2221],[121.8056,13.2252],[121.8049,13.227],[121.8073,13.2287],[121.8096,13.2282],[121.8133,13.2295],[121.8162,13.2294],[121.8194,13.2268],[121.8168,13.2229],[121.8121,13.2209]]],[[[121.8106,17.2561],[121.8058,17.2567],[121.8043,17.2585],[121.8029,17.2631],[121.806,17.2631],[121.8095,17.2617],[121.8173,17.2622],[121.8189,17.2572],[121.8144,17.2561],[121.8106,17.2561]]],[[[121.7902,17.2963],[121.7877,17.3017],[121.7868,17.3151],[121.789,17.3171],[121.7905,17.3218],[121.7888,17.3272],[121.7918,17.3254],[121.7938,17.3089],[121.7927,17.3053],[121.7909,17.3037],[121.7902,17.2963]]],[[[121.7929,6.6092],[121.7899,6.6122],[121.7886,6.6155],[121.79,6.6194],[121.7932,6.622],[121.7912,6.6109],[121.7929,6.6092]]],[[[121.7845,17.4704],[121.783,17.4742],[121.7827,17.4776],[121.7841,17.4796],[121.7852,17.4858],[121.7882,17.4905],[121.7903,17.4923],[121.793,17.492],[121.7877,17.4809],[121.7867,17.4745],[121.7845,17.4704]]],[[[121.7864,20.3277],[121.7855,20.3302],[121.7823,20.3323],[121.7791,20.333],[121.7779,20.3362],[121.7806,20.3361],[121.7828,20.3379],[121.785,20.3362],[121.7891,20.3346],[121.791,20.3323],[121.7912,20.33],[121.7864,20.3277]]],[[[121.772,17.4184],[121.7634,17.4195],[121.7602,17.4218],[121.7621,17.4235],[121.7671,17.4226],[121.7731,17.4199],[121.772,17.4184]]],[[[121.7669,6.1373],[121.7622,6.1389],[121.7633,6.1456],[121.7667,6.1433],[121.769,6.1378],[121.7669,6.1373]]],[[[121.7557,6.5332],[121.7544,6.5373],[121.7554,6.541],[121.7624,6.5397],[121.764,6.5376],[121.7631,6.5347],[121.7598,6.5346],[121.7557,6.5332]]],[[[121.7596,6.0842],[121.7625,6.0845],[121.7591,6.0775],[121.7565,6.0783],[121.7585,6.084],[121.7596,6.0842]]],[[[121.7552,16.7636],[121.7551,16.7662],[121.7581,16.7687],[121.7594,16.7663],[121.7552,16.7636]]],[[[121.7217,12.9437],[121.7365,12.9268],[121.7151,12.896],[121.6842,12.9306],[121.6902,12.9468],[121.7217,12.9437]]],[[[121.6932,6.0052],[121.6684,5.988],[121.6525,5.9955],[121.6874,5.9985],[121.6853,6.0269],[121.7282,6.0318],[121.6932,6.0052]]],[[[121.7192,6.0592],[121.7171,6.0594],[121.7138,6.0617],[121.7089,6.0637],[121.7055,6.0704],[121.7077,6.0707],[121.7073,6.0734],[121.7036,6.0722],[121.7015,6.0735],[121.7029,6.0765],[121.7091,6.0755],[121.7145,6.0725],[121.7173,6.0694],[121.7216,6.0612],[121.7192,6.0592]]],[[[121.7169,13.9452],[121.7174,13.9493],[121.7205,13.9485],[121.719,13.9453],[121.7169,13.9452]]],[[[121.7056,6.6428],[121.7032,6.6447],[121.7036,6.654],[121.7051,6.6625],[121.7052,6.6666],[121.7042,6.6738],[121.7035,6.687],[121.7045,6.6898],[121.7078,6.6933],[121.7117,6.6942],[121.7125,6.6921],[121.7166,6.6891],[121.7178,6.6865],[121.7165,6.6826],[121.715,6.671],[121.7135,6.6656],[121.7124,6.6571],[121.7089,6.6493],[121.7065,6.6457],[121.7056,6.6428]]],[[[121.7,11.5929],[121.6921,11.5954],[121.6928,11.5972],[121.6889,11.6037],[121.685,11.6088],[121.6913,11.6086],[121.6934,11.6055],[121.6952,11.6055],[121.6963,11.6021],[121.6984,11.6014],[121.7,11.5929]]],[[[121.6963,6.5639],[121.6922,6.5666],[121.6908,6.5687],[121.6963,6.5639]]],[[[121.6906,6.569],[121.6897,6.5704],[121.6902,6.5797],[121.6911,6.5831],[121.6949,6.582],[121.6932,6.5787],[121.6907,6.5779],[121.6902,6.5751],[121.6906,6.569]]],[[[121.6712,18.2465],[121.6721,18.2508],[121.6737,18.2539],[121.672,18.2582],[121.6709,18.2673],[121.6725,18.267],[121.6771,18.2588],[121.6765,18.2534],[121.6741,18.249],[121.6712,18.2465]]],[[[121.6563,6.0773],[121.6556,6.0779],[121.6564,6.0842],[121.6586,6.0894],[121.6625,6.0916],[121.6661,6.0912],[121.6678,6.0892],[121.6689,6.0832],[121.6648,6.0808],[121.663,6.0813],[121.6563,6.0773]]],[[[121.6636,6.0371],[121.6626,6.0402],[121.6644,6.0407],[121.6656,6.0379],[121.6636,6.0371]]],[[[121.6629,18.2772],[121.6612,18.2779],[121.6581,18.2849],[121.658,18.2909],[121.6591,18.2919],[121.6626,18.2875],[121.6633,18.2832],[121.6629,18.2772]]],[[[121.646,18.3291],[121.6418,18.3348],[121.6377,18.3391],[121.6378,18.3411],[121.6443,18.3366],[121.6461,18.3335],[121.646,18.3291]]],[[[121.6394,6.6385],[121.6376,6.6387],[121.6384,6.6435],[121.6417,6.6427],[121.6394,6.6385]]],[[[121.5898,6.682],[121.6315,6.6466],[121.6083,6.6617],[121.5958,6.6515],[121.5898,6.682]]],[[[121.6175,6.5584],[121.6163,6.5599],[121.616,6.5689],[121.6162,6.5798],[121.6178,6.5782],[121.6168,6.5705],[121.6202,6.5666],[121.6198,6.5589],[121.6175,6.5584]]],[[[121.6162,6.2585],[121.6131,6.2593],[121.6121,6.264],[121.6149,6.264],[121.6178,6.2591],[121.6162,6.2585]]],[[[121.6085,6.6167],[121.6003,6.623],[121.6039,6.6233],[121.6041,6.6207],[121.6085,6.6167]]],[[[121.5975,17.9819],[121.5978,17.9855],[121.5991,17.9867],[121.6016,17.9822],[121.6023,17.976],[121.5989,17.9778],[121.5975,17.9819]]],[[[121.5934,17.927],[121.595,17.929],[121.5982,17.9292],[121.6007,17.9274],[121.5934,17.927]]],[[[121.5954,6.8881],[121.5911,6.8887],[121.5883,6.8931],[121.5861,6.9003],[121.5863,6.9062],[121.5886,6.907],[121.5889,6.9039],[121.5907,6.9038],[121.5917,6.8975],[121.5933,6.897],[121.5954,6.8881]]],[[[121.5907,6.2481],[121.5851,6.2498],[121.5846,6.2521],[121.5907,6.2526],[121.5928,6.249],[121.5907,6.2481]]],[[[121.573,5.933],[121.5745,5.9469],[121.5901,5.9462],[121.5617,5.9378],[121.5678,5.9675],[121.5587,5.9456],[121.573,5.933]]],[[[121.5876,5.9688],[121.5863,5.9724],[121.583,5.9742],[121.5832,5.9766],[121.5871,5.9752],[121.5876,5.9688]]],[[[121.5858,6.6252],[121.57,6.6369],[121.5836,6.6415],[121.5858,6.6252]]],[[[121.5722,12.0959],[121.5692,12.0963],[121.5695,12.0986],[121.5731,12.1009],[121.5737,12.1066],[121.5773,12.1101],[121.5815,12.1089],[121.5846,12.1048],[121.5846,12.0994],[121.5792,12.0964],[121.5722,12.0959]]],[[[121.5399,11.907],[121.5402,11.9541],[121.5567,11.9596],[121.5833,11.9059],[121.5557,11.892],[121.5399,11.907]]],[[[121.5547,17.8224],[121.554,17.8237],[121.5579,17.8302],[121.5581,17.8333],[121.5627,17.8369],[121.5676,17.8421],[121.5695,17.8426],[121.5683,17.8362],[121.5646,17.8323],[121.5593,17.8235],[121.5547,17.8224]]],[[[121.5573,11.9815],[121.5564,11.9846],[121.5568,11.9882],[121.5583,11.9904],[121.5607,11.9906],[121.5636,11.9875],[121.5669,11.9824],[121.5674,11.9788],[121.5668,11.9754],[121.5615,11.9764],[121.5597,11.9757],[121.5569,11.9715],[121.5558,11.9741],[121.5576,11.9761],[121.5573,11.9815]]],[[[121.5608,6.629],[121.5584,6.6296],[121.5595,6.6366],[121.5623,6.6373],[121.5625,6.6337],[121.5608,6.629]]],[[[121.5571,6.8282],[121.5543,6.8301],[121.5518,6.834],[121.5499,6.8345],[121.5474,6.8378],[121.5485,6.8427],[121.5519,6.8463],[121.5555,6.8465],[121.5594,6.8456],[121.5616,6.841],[121.5601,6.8381],[121.5584,6.8288],[121.5571,6.8282]]],[[[121.5229,5.995],[121.5411,6.0388],[121.556,6.0394],[121.5229,5.995]]],[[[120.6209,13.202],[120.5694,13.2289],[120.5247,13.2237],[120.525,13.2639],[120.5057,13.2648],[120.4824,13.2946],[120.474,13.3983],[120.4559,13.4195],[120.4356,13.4272],[120.3892,13.409],[120.3883,13.3758],[120.3362,13.3907],[120.2993,13.4449],[120.3271,13.4908],[120.4137,13.5308],[120.4793,13.5041],[120.6733,13.4922],[120.7394,13.4614],[120.9066,13.51],[120.9472,13.5036],[120.9444,13.5206],[120.9553,13.5031],[120.9716,13.5138],[120.9646,13.5263],[120.9915,13.5221],[120.9553,13.4962],[120.9749,13.4683],[121.0577,13.405],[121.1093,13.4168],[121.1294,13.3945],[121.1417,13.401],[121.1357,13.3624],[121.1535,13.4049],[121.1432,13.4083],[121.2014,13.437],[121.2283,13.4014],[121.2416,13.3425],[121.226,13.317],[121.1892,13.3094],[121.2393,13.3291],[121.232,13.3936],[121.3048,13.3442],[121.3783,13.2404],[121.4153,13.2421],[121.4406,13.2258],[121.4501,13.1898],[121.4388,13.1292],[121.443,13.144],[121.4757,13.1362],[121.5095,13.1518],[121.5562,13.1214],[121.5567,13.0884],[121.5039,13.0533],[121.4865,13.0177],[121.4986,12.9379],[121.483,12.903],[121.4941,12.8479],[121.4762,12.7744],[121.5383,12.6975],[121.5576,12.6048],[121.5304,12.5946],[121.5047,12.5476],[121.4328,12.5066],[121.4452,12.4769],[121.41,12.445],[121.413,12.3971],[121.4527,12.3597],[121.3833,12.3629],[121.3964,12.2858],[121.3843,12.2956],[121.3723,12.2827],[121.3824,12.2967],[121.3684,12.2989],[121.3557,12.3365],[121.3339,12.2951],[121.2687,12.2764],[121.2454,12.2078],[121.1921,12.2445],[121.1119,12.2445],[121.0932,12.2869],[121.1034,12.3075],[121.1134,12.3006],[121.1187,12.3352],[121.094,12.3487],[121.0772,12.3332],[120.976,12.4282],[120.9259,12.5053],[120.9196,12.538],[120.939,12.5714],[120.9269,12.6171],[120.8561,12.7174],[120.791,12.7327],[120.785,12.8213],[120.7611,12.8391],[120.7822,12.8542],[120.7904,12.9127],[120.7825,12.9062],[120.7772,12.9291],[120.7911,12.9187],[120.7677,12.9684],[120.7584,13.0255],[120.7717,13.0339],[120.7564,13.0253],[120.7655,12.9803],[120.7288,13.076],[120.6556,13.1773],[120.661,13.1903],[120.6209,13.202]]],[[[121.5454,6.614],[121.5442,6.6167],[121.548,6.6239],[121.5539,6.6206],[121.5543,6.6188],[121.5503,6.6173],[121.5454,6.614]]],[[[121.5472,6.5999],[121.5449,6.603],[121.5514,6.6023],[121.5493,6.6001],[121.5472,6.5999]]],[[[121.5489,6.8124],[121.5451,6.8138],[121.5431,6.8172],[121.5396,6.8201],[121.5355,6.8249],[121.5306,6.828],[121.5304,6.8313],[121.5316,6.8339],[121.5347,6.8348],[121.5391,6.8346],[121.5415,6.8324],[121.543,6.8267],[121.5453,6.8249],[121.5483,6.8187],[121.5493,6.8151],[121.5489,6.8124]]],[[[121.5107,19.2454],[121.4022,19.2836],[121.39,19.3299],[121.3474,19.3624],[121.3761,19.3628],[121.4098,19.393],[121.4876,19.3667],[121.5241,19.3876],[121.5224,19.3207],[121.5419,19.2742],[121.5107,19.2454]]],[[[121.473,11.8653],[121.5127,11.8616],[121.5305,11.843],[121.5172,11.827],[121.4613,11.8307],[121.4209,11.8548],[121.4269,11.868],[121.473,11.8653]]],[[[121.5177,6.0416],[121.5143,6.0426],[121.5145,6.0501],[121.5163,6.0511],[121.5189,6.0498],[121.5212,6.047],[121.5236,6.0465],[121.5231,6.0438],[121.5177,6.0416]]],[[[121.5176,6.6149],[121.515,6.6149],[121.5103,6.6202],[121.5114,6.6235],[121.5137,6.6255],[121.517,6.6256],[121.5179,6.6236],[121.5172,6.6197],[121.5176,6.6149]]],[[[121.5123,19.4232],[121.5085,19.4259],[121.5046,19.4346],[121.505,19.4418],[121.5079,19.4511],[121.5091,19.447],[121.5113,19.447],[121.5145,19.4432],[121.5153,19.4406],[121.5154,19.4334],[121.5169,19.4314],[121.5176,19.4254],[121.5164,19.424],[121.5123,19.4232]]],[[[121.2757,18.8566],[121.281,18.8829],[121.3111,18.8771],[121.3998,18.9055],[121.4827,18.8818],[121.4544,18.856],[121.3461,18.8414],[121.2757,18.8566]]],[[[121.4717,17.7816],[121.4696,17.7844],[121.4717,17.7873],[121.473,17.7837],[121.4717,17.7816]]],[[[121.469,6.7342],[121.4638,6.7342],[121.4632,6.7368],[121.4592,6.7392],[121.4584,6.7428],[121.4638,6.7413],[121.4672,6.7414],[121.4692,6.7427],[121.4709,6.7479],[121.4669,6.7526],[121.4673,6.7546],[121.4711,6.7518],[121.4724,6.7484],[121.4717,6.7448],[121.4694,6.7389],[121.469,6.7342]]],[[[121.4473,6.0505],[121.4419,6.0723],[121.454,6.0767],[121.4473,6.0505]]],[[[121.4609,12.3621],[121.4583,12.3622],[121.4548,12.3641],[121.4515,12.3678],[121.4454,12.3692],[121.4453,12.3754],[121.4463,12.3777],[121.4453,12.3818],[121.4514,12.3844],[121.4519,12.3823],[121.4574,12.3786],[121.4595,12.3761],[121.4562,12.3716],[121.4556,12.369],[121.4588,12.3672],[121.4588,12.3654],[121.4609,12.3621]]],[[[121.4344,6.7567],[121.4321,6.757],[121.4298,6.7668],[121.4321,6.773],[121.4335,6.7795],[121.4361,6.7805],[121.4372,6.7759],[121.4357,6.773],[121.4386,6.77],[121.4394,6.7622],[121.4389,6.7591],[121.4344,6.7567]]],[[[121.4265,18.3867],[121.4305,18.3916],[121.4311,18.3934],[121.4379,18.3963],[121.436,18.393],[121.43,18.3884],[121.4265,18.3867]]],[[[121.4323,12.1952],[121.4232,12.2034],[121.4348,12.2086],[121.4323,12.1952]]],[[[121.4323,18.4071],[121.4305,18.4127],[121.4294,18.4204],[121.4274,18.4258],[121.4274,18.4287],[121.4296,18.4336],[121.432,18.4328],[121.4336,18.4287],[121.4344,18.4228],[121.4348,18.4153],[121.4323,18.4071]]],[[[121.3974,6.0536],[121.4265,6.0496],[121.4266,6.015],[121.3846,6.0188],[121.3974,6.0536]]],[[[121.4275,11.8461],[121.4305,11.8435],[121.4302,11.8411],[121.4262,11.84],[121.4252,11.8378],[121.421,11.8384],[121.4147,11.8379],[121.4129,11.8403],[121.417,11.8473],[121.4212,11.85],[121.422,11.8457],[121.4275,11.8461]]],[[[120.9778,6.0427],[121.0199,6.0881],[121.1223,6.0905],[121.1543,6.0778],[121.205,5.997],[121.2791,6.0195],[121.358,5.9812],[121.3944,6.0106],[121.4191,5.9949],[121.4269,5.9653],[121.4144,5.9449],[121.3831,5.9384],[121.3818,5.9174],[121.3557,5.9218],[121.2975,5.8752],[121.237,5.8961],[121.2469,5.9282],[121.1941,5.9575],[121.1032,5.8996],[121.074,5.898],[121.0228,5.9312],[120.9225,5.8915],[120.8802,5.9202],[120.8733,5.9542],[120.9193,6.026],[120.9778,6.0427]]],[[[121.4145,12.0091],[121.3807,11.9932],[121.3664,12.0542],[121.3825,12.0692],[121.3459,12.0845],[121.3553,12.1159],[121.3896,12.1089],[121.3908,12.0765],[121.425,12.0372],[121.4145,12.0091]]],[[[121.4,12.3383],[121.398,12.3406],[121.3981,12.3476],[121.4004,12.3442],[121.4012,12.3404],[121.4,12.3383]]],[[[121.3833,12.2499],[121.3809,12.2503],[121.384,12.2582],[121.3799,12.2588],[121.3855,12.2641],[121.3875,12.262],[121.3881,12.2571],[121.3877,12.2535],[121.3833,12.2499]]],[[[121.3782,12.2636],[121.3695,12.2788],[121.3807,12.2823],[121.3782,12.2636]]],[[[121.3627,6.0151],[121.3674,6.0169],[121.372,6.0144],[121.3725,6.0095],[121.3682,6.0074],[121.3641,6.0101],[121.362,6.0133],[121.3627,6.0151]]],[[[121.3608,12.0722],[121.3576,12.0737],[121.3573,12.0758],[121.3594,12.0777],[121.3615,12.075],[121.3608,12.0722]]],[[[121.3195,6.0165],[121.3156,6.0181],[121.3157,6.0245],[121.3148,6.0271],[121.3171,6.0292],[121.3169,6.031],[121.3243,6.031],[121.3282,6.0274],[121.3278,6.024],[121.3246,6.0212],[121.3199,6.0189],[121.3195,6.0165]]],[[[121.3216,6.0008],[121.3227,6.0027],[121.3273,6.0021],[121.327,6.0002],[121.3216,6.0008]]],[[[121.2954,11.857],[121.2917,11.8583],[121.288,11.8619],[121.2849,11.8621],[121.283,11.8638],[121.2867,11.8655],[121.2903,11.8646],[121.2935,11.8626],[121.2963,11.8587],[121.2954,11.857]]],[[[121.2483,9.5973],[121.2516,9.6022],[121.2576,9.6058],[121.2604,9.6049],[121.2635,9.6062],[121.263,9.6082],[121.2666,9.6108],[121.2671,9.6137],[121.27,9.6173],[121.2737,9.6204],[121.2798,9.6215],[121.2803,9.6194],[121.2765,9.6176],[121.2715,9.6129],[121.2691,9.6088],[121.2628,9.604],[121.2553,9.5997],[121.2493,9.5953],[121.2483,9.5973]]],[[[121.2763,6.0745],[121.2655,6.075],[121.2727,6.0896],[121.2763,6.0745]]],[[[121.2638,18.8775],[121.2605,18.8805],[121.2512,18.8852],[121.252,18.8893],[121.2563,18.8872],[121.2588,18.8843],[121.2691,18.8841],[121.2698,18.8813],[121.2681,18.8785],[121.2638,18.8775]]],[[[121.2556,18.8532],[121.2422,18.8583],[121.2484,18.8747],[121.2636,18.8696],[121.2556,18.8532]]],[[[121.2036,19.0555],[121.1962,19.1071],[121.2165,19.1705],[121.2477,19.1043],[121.254,19.0276],[121.2399,19.0137],[121.2036,19.0555]]],[[[121.2391,5.8115],[121.2349,5.8137],[121.2323,5.8177],[121.2367,5.8185],[121.2408,5.8179],[121.242,5.815],[121.2391,5.8115]]],[[[121.239,10.9523],[121.2358,10.9524],[121.2311,10.9543],[121.2301,10.9584],[121.2342,10.9592],[121.2379,10.9554],[121.239,10.9523]]],[[[121.2347,9.6563],[121.238,9.6571],[121.2384,9.6501],[121.235,9.6507],[121.2319,9.6496],[121.2347,9.6563]]],[[[121.2348,9.6442],[121.2335,9.6478],[121.2361,9.6485],[121.2348,9.6442]]],[[[121.2343,5.8394],[121.2269,5.8398],[121.2249,5.841],[121.2208,5.8464],[121.2195,5.8492],[121.2214,5.8512],[121.2267,5.8474],[121.2289,5.8427],[121.2336,5.8421],[121.2343,5.8394]]],[[[121.2176,9.6016],[121.2288,9.6445],[121.2205,9.5913],[121.2319,9.5906],[121.1822,9.5694],[121.2176,9.6016]]],[[[121.2259,10.9572],[121.2129,10.9789],[121.2286,10.9762],[121.2259,10.9572]]],[[[121.22,5.8068],[121.2162,5.8093],[121.215,5.8121],[121.2161,5.8142],[121.22,5.8137],[121.2156,5.8195],[121.2226,5.815],[121.2228,5.8116],[121.2244,5.8085],[121.22,5.8068]]],[[[121.2175,13.4386],[121.2187,13.4438],[121.2203,13.4464],[121.2224,13.4452],[121.2175,13.4386]]],[[[121.2153,18.98],[121.2136,18.9804],[121.2174,18.9866],[121.2186,18.9825],[121.2153,18.98]]],[[[121.2131,5.87],[121.209,5.8721],[121.209,5.8745],[121.2118,5.8772],[121.2153,5.8747],[121.2131,5.87]]],[[[121.2003,10.8794],[121.1984,10.8928],[121.2103,10.8856],[121.2003,10.8794]]],[[[121.1385,5.7912],[121.1307,5.8129],[121.1458,5.8492],[121.1958,5.8337],[121.2075,5.8123],[121.1643,5.7799],[121.1385,5.7912]]],[[[121.1674,6.0709],[121.1648,6.0784],[121.1723,6.0773],[121.1751,6.0757],[121.1723,6.0731],[121.1674,6.0709]]],[[[121.1682,13.4737],[121.1672,13.4772],[121.1708,13.4778],[121.1718,13.4757],[121.1682,13.4737]]],[[[121.1594,13.4629],[121.1569,13.4673],[121.1572,13.471],[121.1604,13.47],[121.1639,13.4702],[121.164,13.4659],[121.1623,13.4635],[121.1594,13.4629]]],[[[121.1443,11.1188],[121.1422,11.1189],[121.1408,11.1215],[121.1417,11.1251],[121.1435,11.1268],[121.1474,11.1269],[121.1477,11.1223],[121.1486,11.12],[121.1443,11.1188]]],[[[121.142,11.034],[121.1402,11.0341],[121.1396,11.037],[121.1433,11.0365],[121.142,11.034]]],[[[121.132,13.3948],[121.1305,13.3974],[121.1296,13.4051],[121.1285,13.4089],[121.1308,13.4117],[121.1385,13.41],[121.1393,13.4064],[121.134,13.4085],[121.1309,13.4084],[121.1326,13.4035],[121.132,13.3948]]],[[[121.1181,12.1531],[121.0873,12.1733],[121.0757,12.2128],[121.0383,12.2254],[121.0432,12.2901],[121.0728,12.2973],[121.0823,12.285],[121.1061,12.228],[121.0972,12.1934],[121.1149,12.1999],[121.1364,12.1648],[121.1181,12.1531]]],[[[121.1064,12.3251],[121.1033,12.3263],[121.1017,12.3307],[121.0977,12.3349],[121.1021,12.3396],[121.1042,12.3356],[121.1102,12.3358],[121.1122,12.3321],[121.1064,12.3251]]],[[[121.1036,5.8394],[121.1012,5.8401],[121.1021,5.845],[121.1054,5.8451],[121.1073,5.8427],[121.1036,5.8394]]],[[[121.1018,10.9954],[121.0979,10.9961],[121.0976,10.9988],[121.1015,10.9986],[121.1018,10.9954]]],[[[121.0991,13.5341],[121.0752,13.5293],[121.0453,13.5708],[121.0851,13.5729],[121.0991,13.5341]]],[[[121.0846,5.8399],[121.0812,5.8412],[121.0793,5.8449],[121.0791,5.8519],[121.082,5.8494],[121.0833,5.8462],[121.086,5.847],[121.0839,5.8496],[121.0832,5.8573],[121.0866,5.8587],[121.092,5.8591],[121.0939,5.8568],[121.0952,5.8501],[121.0929,5.8473],[121.0929,5.8447],[121.0846,5.8399]]],[[[121.0374,10.797],[121.0133,10.8038],[120.9989,10.8298],[121.0047,10.8565],[121.0484,10.8736],[121.0518,10.9048],[121.0758,10.9057],[121.0593,10.8742],[121.0817,10.8588],[121.0591,10.8399],[121.0655,10.808],[121.0407,10.8095],[121.0374,10.797]]],[[[121.0695,10.7503],[121.0677,10.7512],[121.0623,10.7513],[121.0616,10.7567],[121.0653,10.7568],[121.0696,10.7539],[121.0695,10.7503]]],[[[121.0638,11.2207],[121.0609,11.221],[121.0591,11.2268],[121.0625,11.2296],[121.0666,11.2295],[121.0687,11.2272],[121.0689,11.222],[121.068,11.2199],[121.0638,11.2207]]],[[[121.045,10.9073],[121.0411,10.9083],[121.0408,10.9101],[121.0364,10.9128],[121.0351,10.9147],[121.0382,10.9161],[121.0452,10.9143],[121.0464,10.9089],[121.045,10.9073]]],[[[121.0135,12.2348],[121.0365,12.2048],[121.0194,12.1954],[121.0289,12.1865],[121.0047,12.2082],[121.0135,12.2348]]],[[[121.0065,9.6151],[121.0093,9.6152],[121.0171,9.6123],[121.0201,9.61],[121.0179,9.6081],[121.0146,9.6069],[121.0078,9.6067],[121.0029,9.6081],[121.0017,9.6099],[121.0026,9.6138],[121.0065,9.6151]]],[[[120.9954,5.7245],[120.9935,5.733],[120.9949,5.7336],[120.9954,5.7245]]],[[[120.9829,6.1209],[120.9824,6.1271],[120.9868,6.127],[120.9882,6.1253],[120.9909,6.1274],[120.9901,6.1303],[120.994,6.1302],[120.994,6.1282],[120.9904,6.1267],[120.9863,6.1222],[120.9829,6.1209]]],[[[120.9809,6.1777],[120.9883,6.1968],[120.9646,6.2066],[120.9939,6.1912],[120.9809,6.1777]]],[[[120.9885,11.1635],[120.9663,11.1336],[120.939,11.1426],[120.9427,11.1586],[120.978,11.1736],[120.9885,11.1635]]],[[[120.9719,10.8071],[120.9575,10.8212],[120.9827,10.8294],[120.9719,10.8071]]],[[[120.982,14.4944],[120.9819,14.5023],[120.9859,14.5022],[120.9843,14.4982],[120.9825,14.4965],[120.982,14.4944]]],[[[120.9466,10.9738],[120.9382,10.9893],[120.9532,10.9981],[120.9654,10.982],[120.9466,10.9738]]],[[[120.9619,6.101],[120.9598,6.1023],[120.9526,6.1026],[120.9542,6.1055],[120.9619,6.1041],[120.9619,6.101]]],[[[120.9592,13.5164],[120.9549,13.5217],[120.9491,13.523],[120.9472,13.5252],[120.9517,13.5305],[120.957,13.5268],[120.9577,13.524],[120.9603,13.5191],[120.9592,13.5164]]],[[[120.9512,5.5086],[120.9484,5.5088],[120.9465,5.5108],[120.9459,5.5139],[120.9519,5.5141],[120.9525,5.5095],[120.9512,5.5086]]],[[[120.9513,6.1708],[120.9495,6.1718],[120.9495,6.1748],[120.9521,6.1748],[120.9513,6.1708]]],[[[120.9468,5.4994],[120.9457,5.503],[120.9463,5.5068],[120.9507,5.5056],[120.9508,5.503],[120.9468,5.4994]]],[[[120.9271,5.4856],[120.9309,5.4887],[120.9386,5.4895],[120.9466,5.4891],[120.9464,5.4882],[120.9302,5.4871],[120.9271,5.4856]]],[[[120.8853,13.6311],[120.8427,13.6523],[120.8317,13.6855],[120.8853,13.6549],[120.9348,13.6552],[120.9416,13.6317],[120.8853,13.6311]]],[[[120.9449,11.2467],[120.9261,11.2344],[120.9284,11.2551],[120.9449,11.2467]]],[[[120.9445,5.4986],[120.9417,5.4989],[120.9412,5.5028],[120.9394,5.5071],[120.9435,5.5071],[120.9444,5.5056],[120.9445,5.4986]]],[[[120.8947,5.6939],[120.8799,5.7066],[120.8859,5.7414],[120.9233,5.756],[120.9349,5.7181],[120.8947,5.6939]]],[[[120.9274,5.5447],[120.9283,5.5488],[120.9258,5.551],[120.9228,5.5492],[120.9207,5.551],[120.9122,5.5516],[120.9113,5.555],[120.9122,5.5568],[120.9179,5.5538],[120.9227,5.5523],[120.9276,5.5519],[120.9303,5.5481],[120.93,5.5451],[120.9274,5.5447]]],[[[120.9281,5.4937],[120.9242,5.495],[120.9238,5.4978],[120.9261,5.4999],[120.9281,5.4937]]],[[[120.9024,10.7223],[120.8937,10.7392],[120.9091,10.7346],[120.9024,10.7223]]],[[[120.8201,5.5291],[120.8221,5.5709],[120.8485,5.5916],[120.8742,5.5796],[120.8863,5.5429],[120.907,5.5374],[120.8713,5.4914],[120.8417,5.498],[120.8201,5.5291]]],[[[120.8908,10.7044],[120.8877,10.7074],[120.8898,10.7082],[120.8908,10.7044]]],[[[120.8094,5.6619],[120.7949,5.6697],[120.8085,5.7025],[120.8479,5.7092],[120.8904,5.6917],[120.8529,5.665],[120.8094,5.6619]]],[[[120.8884,6.1269],[120.8824,6.1325],[120.8859,6.1317],[120.886,6.1299],[120.8884,6.1269]]],[[[120.8601,5.5887],[120.8576,5.5996],[120.8774,5.5992],[120.8601,5.5887]]],[[[120.8581,6.308],[120.8761,6.3234],[120.8701,6.3355],[120.8765,6.3226],[120.8581,6.308]]],[[[120.8705,11.0376],[120.8661,11.0393],[120.8666,11.0421],[120.871,11.0419],[120.8723,11.0388],[120.8705,11.0376]]],[[[120.858,6.2076],[120.8606,6.2092],[120.862,6.2131],[120.8582,6.2164],[120.8535,6.2167],[120.8538,6.219],[120.859,6.2173],[120.8629,6.2144],[120.8606,6.208],[120.858,6.2076]]],[[[120.834,11.4182],[120.8286,11.4493],[120.8551,11.4268],[120.834,11.4182]]],[[[120.8523,11.2374],[120.8503,11.2378],[120.851,11.2421],[120.8541,11.2401],[120.8523,11.2374]]],[[[120.843,13.6744],[120.8407,13.6768],[120.8415,13.6791],[120.8419,13.6902],[120.8435,13.6905],[120.8443,13.6802],[120.843,13.6744]]],[[[120.8207,11.0033],[120.8163,11.008],[120.8183,11.0109],[120.8248,11.0121],[120.8282,11.0134],[120.8305,11.0112],[120.8309,11.0084],[120.8282,11.0077],[120.8248,11.0046],[120.8207,11.0033]]],[[[120.8126,9.2745],[120.8074,9.2751],[120.8074,9.2764],[120.816,9.2807],[120.8248,9.2825],[120.8225,9.279],[120.8178,9.2764],[120.8126,9.2745]]],[[[120.8189,11.4511],[120.8172,11.4549],[120.8148,11.458],[120.8136,11.4642],[120.818,11.462],[120.8212,11.4596],[120.8237,11.4588],[120.8233,11.456],[120.8211,11.4547],[120.8189,11.4511]]],[[[120.8155,11.4125],[120.813,11.4168],[120.8088,11.4221],[120.8087,11.4296],[120.8073,11.4335],[120.812,11.4353],[120.8121,11.4283],[120.8136,11.4227],[120.8191,11.4227],[120.8193,11.4183],[120.8155,11.4125]]],[[[120.7825,5.5095],[120.7599,5.498],[120.7445,5.518],[120.7633,5.5588],[120.7944,5.5697],[120.8113,5.5536],[120.7825,5.5095]]],[[[120.8082,11.4489],[120.8066,11.4498],[120.8041,11.4538],[120.8047,11.4587],[120.8079,11.46],[120.8091,11.4561],[120.808,11.4533],[120.8082,11.4489]]],[[[120.7938,10.7199],[120.7928,10.7223],[120.79,10.7242],[120.7897,10.7263],[120.7951,10.724],[120.7956,10.7212],[120.7938,10.7199]]],[[[120.7933,6.4182],[120.7902,6.4191],[120.7872,6.424],[120.7818,6.4302],[120.7784,6.4358],[120.7785,6.4389],[120.7834,6.4394],[120.7833,6.4364],[120.786,6.432],[120.7893,6.4315],[120.7947,6.4204],[120.7933,6.4182]]],[[[120.7768,11.4273],[120.7721,11.4288],[120.769,11.4327],[120.7698,11.4376],[120.7679,11.4401],[120.7679,11.4447],[120.7688,11.4464],[120.7723,11.4432],[120.7733,11.4394],[120.7792,11.4312],[120.7789,11.4276],[120.7768,11.4273]]],[[[120.7652,10.9976],[120.7641,10.999],[120.7662,11.0012],[120.7704,11.0032],[120.7722,11.0051],[120.7748,11.0049],[120.7746,11.0002],[120.7667,10.9998],[120.7652,10.9976]]],[[[120.7602,11.2117],[120.7526,11.2124],[120.7531,11.219],[120.7604,11.2188],[120.7626,11.216],[120.7625,11.2134],[120.7602,11.2117]]],[[[120.7561,5.5509],[120.7541,5.5513],[120.7538,5.5546],[120.757,5.5539],[120.7561,5.5509]]],[[[120.7567,12.8378],[120.7531,12.839],[120.7499,12.8426],[120.7532,12.8449],[120.7549,12.8429],[120.7567,12.8378]]],[[[120.7473,12.8549],[120.7465,12.8596],[120.7512,12.8599],[120.7549,12.8586],[120.7546,12.8569],[120.7473,12.8549]]],[[[120.7398,5.4432],[120.7375,5.4432],[120.7347,5.4466],[120.7421,5.4448],[120.7435,5.4477],[120.7435,5.4531],[120.7421,5.4582],[120.7402,5.4559],[120.7365,5.4616],[120.735,5.467],[120.735,5.4701],[120.7329,5.4742],[120.7325,5.4771],[120.7258,5.4819],[120.7278,5.4832],[120.7361,5.475],[120.7412,5.4634],[120.7437,5.4588],[120.745,5.4528],[120.7439,5.4454],[120.7398,5.4432]]],[[[120.7295,11.3596],[120.7342,11.3549],[120.7409,11.3458],[120.7392,11.3447],[120.7306,11.3524],[120.7247,11.3554],[120.7236,11.3613],[120.7256,11.3623],[120.7295,11.3596]]],[[[120.7246,10.9543],[120.7221,10.9576],[120.7186,10.9648],[120.7195,10.9684],[120.7221,10.9711],[120.7242,10.9717],[120.73,10.9704],[120.7331,10.9685],[120.734,10.9641],[120.7299,10.9582],[120.7272,10.9533],[120.7246,10.9543]]],[[[120.7217,5.4714],[120.7173,5.4759],[120.7154,5.479],[120.7152,5.4834],[120.7186,5.4837],[120.7196,5.4824],[120.7186,5.478],[120.7207,5.4775],[120.7217,5.4714]]],[[[120.7152,6.4216],[120.7159,6.427],[120.7121,6.4301],[120.7143,6.4317],[120.7165,6.4263],[120.7152,6.4216]]],[[[120.6967,6.4226],[120.6967,6.4252],[120.701,6.4298],[120.7024,6.429],[120.7032,6.4252],[120.6974,6.4241],[120.6967,6.4226]]],[[[120.6981,11.3175],[120.6871,11.2885],[120.6748,11.3111],[120.6981,11.3175]]],[[[120.6953,11.1014],[120.6942,11.1039],[120.6958,11.1051],[120.6976,11.1019],[120.6953,11.1014]]],[[[120.6763,6.4207],[120.6784,6.424],[120.6858,6.4269],[120.6889,6.4286],[120.69,6.4267],[120.6882,6.4227],[120.6844,6.422],[120.6812,6.423],[120.6763,6.4207]]],[[[120.6795,5.2075],[120.6733,5.2083],[120.6648,5.2163],[120.6619,5.2222],[120.6628,5.2234],[120.6712,5.2202],[120.6764,5.2158],[120.6813,5.2133],[120.6847,5.2085],[120.6795,5.2075]]],[[[120.6775,6.4025],[120.6702,6.4039],[120.6695,6.4067],[120.6733,6.4074],[120.6764,6.4065],[120.6803,6.4028],[120.6775,6.4025]]],[[[120.6723,13.1574],[120.6708,13.1618],[120.674,13.1615],[120.6723,13.1574]]],[[[120.6686,6.4134],[120.6679,6.4163],[120.6707,6.4182],[120.6722,6.4154],[120.6686,6.4134]]],[[[120.6362,6.2501],[120.6209,6.2674],[120.6473,6.2933],[120.6541,6.2758],[120.6362,6.2501]]],[[[120.643,5.2219],[120.6301,5.2324],[120.6512,5.2294],[120.643,5.2219]]],[[[120.6189,14.3645],[120.6191,14.3669],[120.6234,14.3693],[120.6236,14.3667],[120.6189,14.3645]]],[[[120.58,14.3727],[120.5644,14.3797],[120.5726,14.3926],[120.6144,14.3907],[120.58,14.3727]]],[[[120.586,5.1985],[120.5703,5.2123],[120.6093,5.2189],[120.586,5.1985]]],[[[120.5919,5.398],[120.573,5.4158],[120.6048,5.4044],[120.5909,5.4323],[120.6078,5.4124],[120.5919,5.398]]],[[[120.5353,6.2388],[120.4827,6.2516],[120.4778,6.2704],[120.5195,6.2644],[120.5568,6.3748],[120.599,6.3942],[120.595,6.3577],[120.5828,6.3729],[120.5649,6.3488],[120.5691,6.3169],[120.5858,6.3087],[120.5779,6.2502],[120.5353,6.2388]]],[[[120.5966,5.1962],[120.5912,5.1981],[120.589,5.2006],[120.5896,5.2037],[120.5953,5.2017],[120.5991,5.1993],[120.5986,5.1966],[120.5966,5.1962]]],[[[120.5949,14.231],[120.5923,14.2348],[120.5877,14.2367],[120.5897,14.2389],[120.592,14.2376],[120.5949,14.231]]],[[[120.5909,6.3637],[120.5892,6.3649],[120.5903,6.3695],[120.5937,6.3693],[120.5934,6.364],[120.5909,6.3637]]],[[[120.5899,5.4431],[120.5787,5.4514],[120.5873,5.4678],[120.5899,5.4431]]],[[[120.5796,14.814],[120.564,14.8265],[120.574,14.8424],[120.5796,14.814]]],[[[120.5779,6.3203],[120.572,6.3212],[120.5707,6.3231],[120.5774,6.3253],[120.581,6.3252],[120.5799,6.3218],[120.5779,6.3203]]],[[[120.5764,6.3134],[120.5746,6.3163],[120.5716,6.3174],[120.5723,6.3197],[120.5759,6.3204],[120.5787,6.3195],[120.5803,6.3159],[120.5764,6.3134]]],[[[120.5792,6.3258],[120.5753,6.3259],[120.5748,6.3295],[120.5784,6.3306],[120.5792,6.3258]]],[[[120.571,5.2927],[120.5661,5.2958],[120.5663,5.3022],[120.5712,5.304],[120.5743,5.302],[120.576,5.2963],[120.5751,5.2943],[120.571,5.2927]]],[[[120.5664,14.8144],[120.5666,14.8167],[120.5698,14.8188],[120.573,14.8152],[120.5664,14.8144]]],[[[120.559,14.8207],[120.5592,14.8206],[120.5597,14.8202],[120.5591,14.8231],[120.562,14.8265],[120.5654,14.8221],[120.5648,14.8171],[120.5608,14.8183],[120.5631,14.8156],[120.5623,14.8138],[120.5578,14.8161],[120.559,14.8207]]],[[[120.5539,6.1198],[120.5541,6.1226],[120.5559,6.1242],[120.5555,6.1285],[120.5527,6.128],[120.5492,6.123],[120.5474,6.1219],[120.5415,6.1223],[120.538,6.1269],[120.5357,6.1323],[120.5363,6.1395],[120.5373,6.1413],[120.5426,6.1403],[120.5429,6.1426],[120.5381,6.1429],[120.5383,6.1448],[120.5427,6.1432],[120.5481,6.1398],[120.5523,6.136],[120.556,6.1296],[120.5571,6.1242],[120.5539,6.1198]]],[[[120.5446,6.1128],[120.5493,6.1155],[120.5539,6.1198],[120.5507,6.1154],[120.5483,6.1132],[120.5446,6.1128]]],[[[120.5184,18.1868],[120.5221,18.2002],[120.5366,18.196],[120.5184,18.1868]]],[[[120.5239,5.1858],[120.5226,5.1887],[120.5198,5.1892],[120.519,5.1944],[120.521,5.1944],[120.5228,5.1923],[120.5245,5.1864],[120.5239,5.1858]]],[[[120.5169,5.1919],[120.512,5.1938],[120.5098,5.1972],[120.5105,5.2027],[120.515,5.1998],[120.5141,5.1979],[120.5178,5.1938],[120.5169,5.1919]]],[[[120.5123,6.0978],[120.5102,6.0978],[120.5058,6.101],[120.5046,6.1037],[120.5079,6.1038],[120.5092,6.101],[120.5121,6.1028],[120.5094,6.1049],[120.511,6.1086],[120.513,6.1067],[120.515,6.1028],[120.5149,6.0992],[120.5123,6.0978]]],[[[120.507,5.1631],[120.5066,5.166],[120.5078,5.1732],[120.509,5.1732],[120.5098,5.1688],[120.507,5.1631]]],[[[120.4983,5.1582],[120.4804,5.194],[120.5046,5.184],[120.4983,5.1582]]],[[[120.4953,14.0513],[120.491,14.0553],[120.4877,14.0599],[120.4907,14.0607],[120.4923,14.0577],[120.4947,14.0559],[120.4953,14.0513]]],[[[120.4886,6.048],[120.4816,6.0507],[120.4794,6.0537],[120.4802,6.0579],[120.4824,6.0607],[120.4849,6.0602],[120.4874,6.0579],[120.4897,6.0515],[120.4886,6.048]]],[[[120.4805,6.1366],[120.4769,6.1371],[120.4741,6.14],[120.4758,6.1454],[120.4778,6.1483],[120.4823,6.1488],[120.4829,6.1431],[120.4823,6.138],[120.4805,6.1366]]],[[[120.4576,5.4871],[120.4522,5.4884],[120.4488,5.4911],[120.4469,5.4947],[120.4462,5.5001],[120.4465,5.5032],[120.4519,5.5037],[120.4558,5.4999],[120.4583,5.4942],[120.4589,5.4885],[120.4576,5.4871]]],[[[120.4554,6.167],[120.4543,6.1686],[120.4507,6.1685],[120.4474,6.1707],[120.4454,6.1679],[120.4386,6.1669],[120.4391,6.1696],[120.4492,6.1717],[120.4539,6.1711],[120.4554,6.167]]],[[[120.4485,5.1464],[120.4472,5.1518],[120.4492,5.1551],[120.4508,5.1555],[120.4511,5.1498],[120.4485,5.1464]]],[[[120.4457,6.1378],[120.4243,6.1581],[120.4376,6.164],[120.4457,6.1378]]],[[[120.4291,6.1625],[120.4282,6.1655],[120.4327,6.1658],[120.4291,6.1625]]],[[[120.4229,13.6285],[120.3876,13.6334],[120.3054,13.6822],[120.4109,13.655],[120.4229,13.6285]]],[[[120.4129,5.7735],[120.3944,5.8045],[120.4214,5.7792],[120.4129,5.7735]]],[[[120.412,17.9144],[120.4118,17.9198],[120.4135,17.9234],[120.4156,17.9246],[120.4185,17.9232],[120.4178,17.9199],[120.4131,17.9145],[120.412,17.9144]]],[[[120.4173,5.3051],[120.4155,5.3083],[120.4183,5.3086],[120.4173,5.3051]]],[[[120.4105,5.7456],[120.4095,5.7485],[120.4123,5.7505],[120.4135,5.7556],[120.4162,5.7547],[120.4125,5.7495],[120.4122,5.7467],[120.4105,5.7456]]],[[[120.3956,17.5048],[120.3881,17.5058],[120.388,17.5097],[120.3947,17.5099],[120.398,17.5092],[120.4041,17.5105],[120.4078,17.5121],[120.4151,17.5116],[120.4111,17.5081],[120.4058,17.5059],[120.3956,17.5048]]],[[[120.4095,5.9696],[120.4103,5.9723],[120.4088,5.9782],[120.4057,5.9833],[120.4075,5.9846],[120.4099,5.9791],[120.4126,5.9762],[120.413,5.9738],[120.4107,5.97],[120.4095,5.9696]]],[[[120.406,5.2323],[120.4045,5.2324],[120.4029,5.2372],[120.4055,5.2367],[120.406,5.2323]]],[[[120.4056,5.976],[120.4013,5.9813],[120.4053,5.98],[120.4056,5.976]]],[[[120.3996,5.7194],[120.3976,5.7206],[120.3976,5.725],[120.4005,5.7304],[120.4038,5.7278],[120.4012,5.7209],[120.3996,5.7194]]],[[[120.3689,5.3901],[120.3681,5.3923],[120.3752,5.4019],[120.3832,5.4046],[120.3922,5.4051],[120.3955,5.4031],[120.4025,5.403],[120.4033,5.4003],[120.3958,5.3984],[120.3909,5.3986],[120.3892,5.3962],[120.3845,5.3927],[120.3737,5.3922],[120.3689,5.3901]]],[[[120.4007,12.1946],[120.396,12.2003],[120.3955,12.2044],[120.399,12.2029],[120.4013,12.1959],[120.4007,12.1946]]],[[[120.3953,12.2095],[120.392,12.2139],[120.389,12.2203],[120.3882,12.2283],[120.3867,12.2309],[120.3927,12.2325],[120.3974,12.2325],[120.3971,12.2294],[120.3954,12.2278],[120.3937,12.2239],[120.3945,12.2198],[120.3931,12.2188],[120.3934,12.2139],[120.3953,12.2095]]],[[[120.3867,17.7901],[120.3854,17.7918],[120.386,17.7997],[120.3892,17.8012],[120.3943,17.7978],[120.3955,17.7947],[120.3912,17.7907],[120.3867,17.7901]]],[[[120.3896,17.4959],[120.3884,17.5004],[120.3922,17.5007],[120.392,17.4981],[120.3896,17.4959]]],[[[120.3784,5.26],[120.3737,5.2618],[120.3738,5.2642],[120.3695,5.2672],[120.3704,5.2697],[120.3727,5.2722],[120.3761,5.2707],[120.3794,5.2703],[120.3831,5.267],[120.3807,5.2613],[120.3784,5.26]]],[[[120.3816,6.0971],[120.3796,6.1001],[120.3755,6.1045],[120.3769,6.1063],[120.3803,6.1043],[120.383,6.1002],[120.3816,6.0971]]],[[[120.3675,16.2552],[120.3704,16.2515],[120.3723,16.2467],[120.3753,16.2442],[120.3817,16.2414],[120.382,16.2394],[120.3776,16.2398],[120.3766,16.2417],[120.3725,16.2446],[120.3675,16.2552]]],[[[120.3705,12.2793],[120.3685,12.2613],[120.3475,12.3069],[120.3705,12.2793]]],[[[120.3671,5.2575],[120.3646,5.2576],[120.3658,5.2607],[120.3692,5.2605],[120.3671,5.2575]]],[[[120.351,5.2315],[120.3466,5.2519],[120.3659,5.2552],[120.351,5.2315]]],[[[120.3566,17.6772],[120.3529,17.6779],[120.3521,17.6829],[120.3536,17.6886],[120.3575,17.6934],[120.3616,17.6921],[120.3621,17.6844],[120.3651,17.6836],[120.3651,17.6811],[120.3607,17.6797],[120.3593,17.6775],[120.3566,17.6772]]],[[[120.3651,12.2424],[120.3605,12.2481],[120.3577,12.2545],[120.3604,12.2537],[120.3607,12.2506],[120.3651,12.2424]]],[[[120.3591,12.0279],[120.3547,12.0353],[120.3537,12.0387],[120.3548,12.0427],[120.3575,12.0433],[120.3581,12.0369],[120.3603,12.0292],[120.3591,12.0279]]],[[[120.3446,5.1871],[120.3281,5.2126],[120.3426,5.2325],[120.3574,5.2269],[120.3446,5.1871]]],[[[120.3536,5.1709],[120.3482,5.1729],[120.3482,5.1751],[120.3515,5.1762],[120.3545,5.1723],[120.3536,5.1709]]],[[[120.3528,5.6608],[120.3512,5.661],[120.3461,5.665],[120.3455,5.6683],[120.3494,5.67],[120.3542,5.6632],[120.3528,5.6608]]],[[[120.3366,5.1173],[120.3205,5.1379],[120.3444,5.1607],[120.3366,5.1173]]],[[[120.3405,5.2356],[120.3433,5.2421],[120.3452,5.2395],[120.3405,5.2356]]],[[[120.1268,12.0117],[120.1365,12.0025],[120.114,11.9887],[120.0529,12.0238],[120.0472,11.9945],[120.0206,11.9878],[120.0157,12.0055],[119.9776,12.0096],[120.0064,12.0277],[119.9719,12.0246],[119.9689,12.0734],[119.9602,12.0645],[119.9355,12.0835],[119.9296,12.1625],[119.9002,12.1636],[119.8987,12.2049],[119.8773,12.2001],[119.8528,12.1471],[119.8483,12.1752],[119.876,12.2235],[119.8583,12.2369],[119.8628,12.2546],[119.9732,12.2709],[120.0152,12.2535],[120.0478,12.2282],[120.0608,12.1881],[120.0915,12.2026],[120.1094,12.1943],[120.0923,12.1944],[120.0791,12.1623],[120.1052,12.1442],[120.0864,12.1645],[120.1057,12.1716],[120.1491,12.1259],[120.1882,12.1142],[120.1797,12.1327],[120.2167,12.1336],[120.2063,12.1598],[120.217,12.2248],[120.2229,12.1988],[120.2427,12.198],[120.2464,12.1306],[120.2603,12.1227],[120.2743,12.1441],[120.2873,12.1121],[120.3051,12.1173],[120.3135,12.0914],[120.333,12.0915],[120.3349,12.0447],[120.3022,12.043],[120.3092,12.0199],[120.3248,12.0379],[120.3345,11.9952],[120.3144,12.002],[120.3,11.9814],[120.2529,12.0085],[120.2252,11.9822],[120.1794,12.0093],[120.1647,12.039],[120.1573,12.0209],[120.133,12.0367],[120.1268,12.0117]]],[[[120.306,5.3623],[120.2962,5.3822],[120.3386,5.3824],[120.306,5.3623]]],[[[120.2919,13.7822],[120.2604,13.8114],[120.2823,13.8138],[120.2968,13.8358],[120.3352,13.7985],[120.3112,13.7754],[120.2919,13.7822]]],[[[120.3293,13.8321],[120.3294,13.8402],[120.3321,13.8379],[120.3293,13.8321]]],[[[120.3294,5.2436],[120.3255,5.2471],[120.3248,5.2525],[120.3288,5.249],[120.3303,5.2451],[120.3294,5.2436]]],[[[120.3113,5.2245],[120.3006,5.2451],[120.3155,5.2521],[120.3266,5.2384],[120.3113,5.2245]]],[[[120.3077,11.8334],[120.3057,11.8362],[120.3071,11.8378],[120.3077,11.8433],[120.3154,11.8506],[120.318,11.8509],[120.3222,11.8495],[120.3211,11.8462],[120.3219,11.8411],[120.3196,11.8399],[120.3166,11.8347],[120.313,11.8336],[120.3112,11.8262],[120.3098,11.832],[120.3077,11.8334]]],[[[120.295,5.1146],[120.3083,5.1276],[120.319,5.1034],[120.27,5.0892],[120.295,5.1146]]],[[[120.3179,11.9643],[120.3158,11.966],[120.315,11.9708],[120.3188,11.9688],[120.3192,11.9662],[120.3179,11.9643]]],[[[120.3155,5.2018],[120.3116,5.2024],[120.3098,5.2046],[120.31,5.2077],[120.3141,5.2112],[120.3171,5.21],[120.3179,5.2062],[120.3155,5.2018]]],[[[120.3119,5.1258],[120.3108,5.1289],[120.3146,5.1297],[120.3119,5.1258]]],[[[120.2444,5.1793],[120.2603,5.2484],[120.2874,5.2243],[120.3017,5.23],[120.3088,5.195],[120.2732,5.1721],[120.2675,5.1935],[120.2444,5.1793]]],[[[120.2946,5.725],[120.2941,5.7281],[120.2959,5.7312],[120.3005,5.7333],[120.3014,5.7312],[120.3005,5.7276],[120.2967,5.7251],[120.2946,5.725]]],[[[120.2538,13.6957],[120.1004,13.7845],[120.0944,13.8357],[120.0766,13.8471],[120.0881,13.8634],[120.1383,13.8551],[120.2058,13.8043],[120.2235,13.8207],[120.2341,13.792],[120.2541,13.7927],[120.284,13.7379],[120.2481,13.7306],[120.252,13.7181],[120.2913,13.7082],[120.2954,13.6856],[120.2679,13.6708],[120.2538,13.6957]]],[[[120.284,5.1676],[120.2845,5.1705],[120.2884,5.1705],[120.2904,5.1661],[120.2874,5.1647],[120.284,5.1676]]],[[[120.283,5.1615],[120.2856,5.1591],[120.2829,5.155],[120.2802,5.1532],[120.2779,5.1591],[120.283,5.1615]]],[[[120.2804,5.6348],[120.2763,5.6394],[120.2783,5.6401],[120.2815,5.6371],[120.2804,5.6348]]],[[[120.2761,5.6151],[120.2717,5.6158],[120.2699,5.6185],[120.2695,5.6247],[120.2704,5.6288],[120.2719,5.6286],[120.2717,5.6225],[120.2727,5.6196],[120.2748,5.6173],[120.2794,5.6187],[120.2787,5.6161],[120.2761,5.6151]]],[[[120.2724,12.3286],[120.2718,12.3352],[120.276,12.3335],[120.2771,12.3299],[120.2724,12.3286]]],[[[120.2622,11.8072],[120.1924,11.9351],[120.1951,11.9519],[120.2098,11.9451],[120.2463,11.9867],[120.2721,11.9691],[120.2767,11.9357],[120.2488,11.9076],[120.2622,11.8072]]],[[[120.2714,11.233],[120.2684,11.2345],[120.2695,11.2379],[120.2716,11.2396],[120.274,11.2369],[120.2714,11.233]]],[[[120.2557,5.0641],[120.2548,5.0874],[120.2725,5.0852],[120.2557,5.0641]]],[[[120.2719,12.3439],[120.2704,12.3428],[120.2651,12.3455],[120.2628,12.3504],[120.2715,12.3474],[120.2719,12.3439]]],[[[120.2581,10.6934],[120.2558,10.694],[120.2577,10.6984],[120.2577,10.7012],[120.2535,10.7063],[120.2545,10.7128],[120.2559,10.7153],[120.2587,10.7142],[120.2621,10.7142],[120.2659,10.717],[120.2661,10.7113],[120.2692,10.7085],[120.2707,10.7049],[120.2663,10.7013],[120.2672,10.6949],[120.2581,10.6934]]],[[[120.2671,5.1696],[120.265,5.1685],[120.2606,5.1681],[120.2587,5.1696],[120.2606,5.1728],[120.2658,5.1712],[120.2671,5.1696]]],[[[120.2577,12.1479],[120.2563,12.15],[120.2537,12.1566],[120.2597,12.1557],[120.2632,12.1543],[120.2651,12.1521],[120.2617,12.1467],[120.2598,12.1457],[120.2577,12.1479]]],[[[120.2587,10.635],[120.2459,10.6324],[120.2442,10.6761],[120.2587,10.635]]],[[[120.2571,12.1729],[120.2547,12.1636],[120.2497,12.1646],[120.2482,12.1736],[120.2483,12.1782],[120.2503,12.1819],[120.2527,12.1837],[120.2552,12.1827],[120.256,12.1757],[120.2571,12.1729]]],[[[120.2404,5.2051],[120.2313,5.2336],[120.2523,5.2591],[120.2404,5.2051]]],[[[120.2509,5.2731],[120.2481,5.2762],[120.2525,5.2764],[120.2509,5.2731]]],[[[120.242,5.4395],[120.2265,5.4414],[120.2254,5.444],[120.2274,5.452],[120.2289,5.4499],[120.2269,5.4484],[120.2281,5.4419],[120.2358,5.4413],[120.2412,5.4402],[120.2404,5.444],[120.2444,5.4449],[120.2445,5.4403],[120.2474,5.441],[120.2489,5.4433],[120.2507,5.4413],[120.242,5.4395]]],[[[120.2197,5.1227],[120.1676,5.1496],[120.2105,5.1928],[120.1773,5.1842],[120.1721,5.2014],[120.1572,5.1722],[120.1388,5.1904],[120.1436,5.2087],[120.1226,5.2117],[120.1236,5.2493],[120.1081,5.2413],[120.1192,5.2067],[120.1012,5.2013],[120.1218,5.1904],[120.1051,5.1905],[120.0945,5.1544],[120.0489,5.1909],[120.0179,5.1632],[119.9984,5.1725],[119.9894,5.1519],[120.0009,5.1373],[119.9849,5.1439],[119.9889,5.1206],[119.9781,5.1243],[119.9635,5.0799],[119.9456,5.0929],[119.9109,5.0761],[119.9006,5.0906],[119.9021,5.0691],[119.8445,5.0651],[119.8619,5.0471],[119.8219,5.0557],[119.8266,5.0751],[119.8144,5.0799],[119.8322,5.1141],[119.8189,5.1351],[119.8336,5.151],[119.855,5.1395],[119.9439,5.1895],[119.9773,5.234],[120.0287,5.232],[120.0693,5.2676],[120.085,5.2615],[120.078,5.2776],[120.1359,5.3179],[120.2064,5.3441],[120.22,5.3275],[120.2154,5.2889],[120.2456,5.2656],[120.2326,5.2042],[120.2113,5.1933],[120.2396,5.1829],[120.2177,5.1677],[120.2197,5.1227]]],[[[120.2435,5.3291],[120.2349,5.3312],[120.2355,5.3328],[120.2306,5.3338],[120.2293,5.3363],[120.2249,5.3384],[120.2252,5.3435],[120.2267,5.3435],[120.2273,5.3482],[120.2234,5.3489],[120.2209,5.3507],[120.2202,5.3569],[120.2238,5.3587],[120.2295,5.3548],[120.2321,5.354],[120.2354,5.3516],[120.2382,5.3449],[120.2378,5.342],[120.2396,5.3394],[120.2424,5.3325],[120.2455,5.3308],[120.2435,5.3291]]],[[[120.2425,12.2031],[120.241,12.2067],[120.2404,12.2116],[120.2431,12.2098],[120.2434,12.2067],[120.2425,12.2031]]],[[[120.2428,15.957],[120.2396,15.9614],[120.2377,15.9623],[120.2344,15.9674],[120.2344,15.9692],[120.2384,15.9685],[120.2418,15.9647],[120.2428,15.957]]],[[[120.2334,5.2975],[120.2206,5.3039],[120.2296,5.325],[120.2334,5.2975]]],[[[120.23,5.195],[120.2302,5.197],[120.2335,5.199],[120.2344,5.1965],[120.23,5.195]]],[[[120.2302,5.1369],[120.2279,5.1398],[120.2322,5.1417],[120.2321,5.1378],[120.2302,5.1369]]],[[[120.2259,14.7679],[120.2241,14.7686],[120.2237,14.7752],[120.2268,14.7736],[120.2298,14.7738],[120.2303,14.7697],[120.2259,14.7679]]],[[[120.2139,5.015],[120.1879,5.0244],[120.2097,5.0451],[120.2283,5.034],[120.2139,5.015]]],[[[120.2197,15.9743],[120.2055,15.9833],[120.2197,15.9943],[120.2197,15.9743]]],[[[120.2203,11.7678],[120.2223,11.7696],[120.225,11.7699],[120.226,11.7671],[120.2226,11.7662],[120.2203,11.7678]]],[[[120.2215,5.6921],[120.2176,5.6986],[120.2233,5.6978],[120.2246,5.6945],[120.2215,5.6921]]],[[[120.2033,15.2398],[120.198,15.2415],[120.2012,15.2436],[120.2054,15.2429],[120.2086,15.2402],[120.2033,15.2398]]],[[[120.2072,15.208],[120.2053,15.2089],[120.1995,15.2093],[120.1992,15.2116],[120.2051,15.2099],[120.2072,15.208]]],[[[120.1935,12.1578],[120.1924,12.1445],[120.1483,12.1748],[120.1383,12.1974],[120.1935,12.1578]]],[[[120.1424,11.9897],[120.1845,11.9918],[120.1999,11.9754],[120.1403,11.9698],[120.1424,11.9897]]],[[[120.1886,11.7469],[120.1855,11.7734],[120.1684,11.7808],[120.1983,11.765],[120.1886,11.7469]]],[[[120.1552,11.4303],[120.1771,11.4603],[120.1986,11.4534],[120.1552,11.4303]]],[[[120.1921,5.4429],[120.1809,5.4494],[120.1892,5.4618],[120.1921,5.4429]]],[[[120.1596,11.7451],[120.1365,11.7784],[120.1425,11.7637],[120.1837,11.7554],[120.1596,11.7451]]],[[[120.1785,11.9958],[120.1776,11.9986],[120.1706,11.9994],[120.167,12.0021],[120.1603,12.0041],[120.1574,12.006],[120.1553,12.0115],[120.1527,12.0126],[120.1465,12.0178],[120.1503,12.0179],[120.1542,12.0161],[120.1556,12.0141],[120.1558,12.0112],[120.1595,12.0102],[120.1619,12.0082],[120.1707,12.0098],[120.1739,12.0078],[120.1768,12.0078],[120.1799,12.0058],[120.1823,12.0015],[120.178,11.9996],[120.1785,11.9958]]],[[[120.1705,11.4145],[120.1696,11.4177],[120.1697,11.4213],[120.1722,11.4244],[120.1746,11.4291],[120.1785,11.4289],[120.1764,11.4239],[120.1705,11.4145]]],[[[120.1692,12.1512],[120.1656,12.1511],[120.164,12.1545],[120.1652,12.16],[120.1676,12.1568],[120.171,12.1587],[120.1726,12.1555],[120.1695,12.1544],[120.1692,12.1512]]],[[[120.1619,11.9557],[120.1655,11.9626],[120.1671,11.9601],[120.1655,11.9561],[120.1619,11.9557]]],[[[120.1628,12.1411],[120.1597,12.141],[120.1581,12.1438],[120.1615,12.1444],[120.1628,12.1411]]],[[[120.1608,15.2293],[120.1536,15.231],[120.1557,15.2334],[120.1576,15.2308],[120.1608,15.2293]]],[[[120.1591,15.2337],[120.1543,15.2382],[120.1492,15.2406],[120.1465,15.2438],[120.1428,15.2466],[120.1422,15.2494],[120.1404,15.2502],[120.1379,15.2541],[120.1291,15.2588],[120.1296,15.2615],[120.1344,15.2609],[120.1376,15.2563],[120.1403,15.2566],[120.1424,15.2502],[120.1471,15.2453],[120.1485,15.2428],[120.1519,15.2418],[120.1564,15.2375],[120.1591,15.2337]]],[[[120.1547,11.7176],[120.1545,11.7231],[120.1533,11.7267],[120.1564,11.7296],[120.1576,11.7273],[120.1559,11.7234],[120.1547,11.7176]]],[[[120.1513,12.1623],[120.1501,12.1633],[120.1493,12.1677],[120.1535,12.1683],[120.1513,12.1623]]],[[[120.1507,15.2336],[120.1474,15.2353],[120.1496,15.2369],[120.1507,15.2336]]],[[[120.1441,11.6817],[120.1391,11.6846],[120.1393,11.6895],[120.1453,11.692],[120.1483,11.6901],[120.1459,11.6828],[120.1441,11.6817]]],[[[120.1435,11.4075],[120.1396,11.408],[120.1361,11.4111],[120.1405,11.412],[120.1435,11.4075]]],[[[120.1318,5.0033],[120.1021,5.0365],[120.1363,5.0192],[120.1318,5.0033]]],[[[120.1238,11.7995],[120.1141,11.8025],[120.1277,11.8244],[120.1238,11.7995]]],[[[120.123,11.9781],[120.1208,11.9808],[120.1219,11.9831],[120.1253,11.9793],[120.123,11.9781]]],[[[120.1175,16.1075],[120.1127,16.1091],[120.1098,16.1112],[120.1122,16.1151],[120.1144,16.1208],[120.1162,16.1226],[120.1186,16.1203],[120.124,16.1183],[120.1227,16.1118],[120.1209,16.1115],[120.1175,16.1087],[120.1175,16.1075]]],[[[120.1204,5.9172],[120.1168,5.9175],[120.1147,5.9212],[120.114,5.9306],[120.1154,5.9335],[120.1183,5.9258],[120.1207,5.9242],[120.1215,5.9183],[120.1204,5.9172]]],[[[120.1214,15.262],[120.1118,15.2623],[120.1113,15.2635],[120.1187,15.2636],[120.1214,15.262]]],[[[120.1081,11.6467],[120.108,11.6644],[120.1208,11.6577],[120.1081,11.6467]]],[[[120.1181,12.3806],[120.1155,12.3813],[120.1165,12.3857],[120.1186,12.3852],[120.1198,12.3816],[120.1181,12.3806]]],[[[120.1007,11.9606],[120.0808,11.9863],[120.0953,11.9986],[120.1049,11.9809],[120.1179,11.9856],[120.1007,11.9606]]],[[[120.1108,11.7876],[120.1163,11.792],[120.1153,11.7883],[120.1108,11.7876]]],[[[120.0972,11.8183],[120.0708,11.85],[120.0991,11.8441],[120.0961,11.8237],[120.1146,11.8285],[120.1153,11.8105],[120.0972,11.8183]]],[[[120.1127,11.3741],[120.0912,11.3656],[120.0941,11.3844],[120.0787,11.389],[120.1127,11.3741]]],[[[120.1046,14.7578],[120.1019,14.7596],[120.1008,14.7627],[120.1031,14.7666],[120.1074,14.7675],[120.1116,14.7661],[120.1127,14.7629],[120.1046,14.7578]]],[[[120.1126,15.2652],[120.1038,15.2664],[120.104,15.2689],[120.1126,15.2652]]],[[[120.1014,11.7207],[120.1008,11.727],[120.1028,11.728],[120.1035,11.7309],[120.1004,11.7355],[120.101,11.7406],[120.1024,11.7404],[120.1044,11.7368],[120.1042,11.7345],[120.1057,11.7315],[120.1075,11.7318],[120.1083,11.7283],[120.1014,11.7207]]],[[[120.0842,11.8587],[120.083,11.8607],[120.0797,11.8627],[120.0755,11.8678],[120.0791,11.8687],[120.0841,11.8674],[120.0868,11.8635],[120.0899,11.8625],[120.0842,11.8587]]],[[[120.0894,12.2315],[120.0868,12.2353],[120.0898,12.2358],[120.0894,12.2315]]],[[[120.0834,11.9584],[120.0669,11.9612],[120.0608,11.9953],[120.0834,11.9584]]],[[[120.0806,5.1546],[120.0786,5.1554],[120.0786,5.1582],[120.0804,5.1631],[120.0824,5.1642],[120.0824,5.1585],[120.0806,5.1546]]],[[[120.0759,5.8703],[120.0741,5.8706],[120.0706,5.8748],[120.0695,5.8794],[120.07,5.8835],[120.0687,5.8864],[120.0689,5.891],[120.0706,5.8932],[120.0746,5.8936],[120.0762,5.8854],[120.0777,5.8808],[120.0778,5.8766],[120.0787,5.872],[120.0759,5.8703]]],[[[120.0391,11.8535],[120.0639,11.8697],[120.0737,11.8613],[120.0461,11.8554],[120.0527,11.8455],[120.0391,11.8535]]],[[[119.9521,11.6649],[119.9388,11.731],[119.9478,11.7399],[119.9482,11.7243],[119.9667,11.7289],[119.9809,11.7107],[119.9551,11.7447],[120.0072,11.7821],[119.9856,11.7845],[119.9926,11.8021],[119.9731,11.7904],[119.9495,11.8099],[119.9613,11.763],[119.9253,11.7634],[119.8941,11.8283],[119.9188,11.8501],[119.8779,11.8802],[119.8723,11.926],[119.8461,11.9469],[119.8736,11.9443],[119.8696,11.9328],[119.8945,11.9161],[119.8975,11.9489],[119.8728,11.9602],[119.886,11.9772],[119.8945,11.9641],[119.9022,11.9795],[119.9473,11.9365],[119.9542,11.9123],[119.935,11.9195],[119.952,11.9051],[119.9447,11.8927],[119.9773,11.9017],[119.9932,11.9322],[120.0241,11.9247],[120.03,11.9155],[119.9858,11.895],[120.0161,11.8968],[120.0419,11.8768],[120.0178,11.8415],[120.045,11.8364],[120.0274,11.8243],[120.0298,11.8049],[120.0438,11.8124],[120.0737,11.7882],[120.0337,11.7556],[120.0577,11.7561],[120.0498,11.7192],[119.9862,11.6702],[119.9561,11.7017],[119.9688,11.666],[119.9521,11.6649]]],[[[120.048,11.9205],[120.0348,11.9293],[120.0562,11.9327],[120.0691,11.9179],[120.048,11.9205]]],[[[120.0621,5.163],[120.061,5.1638],[120.0613,5.1674],[120.0639,5.1685],[120.0653,5.1667],[120.0621,5.163]]],[[[120.0576,11.7621],[120.055,11.7661],[120.0567,11.7708],[120.0606,11.7716],[120.0637,11.7743],[120.065,11.7723],[120.0627,11.7704],[120.0621,11.768],[120.0596,11.7674],[120.0576,11.7646],[120.0576,11.7621]]],[[[120.0607,11.8145],[120.0583,11.8148],[120.0583,11.8173],[120.0646,11.819],[120.0619,11.815],[120.0607,11.8145]]],[[[120.0456,13.8664],[120.0195,13.8847],[120.0252,13.8965],[120.0549,13.8852],[120.0456,13.8664]]],[[[120.0507,11.8665],[120.0483,11.8725],[120.0482,11.875],[120.054,11.8737],[120.0568,11.8725],[120.0568,11.8704],[120.0507,11.8665]]],[[[120.0555,11.8283],[120.053,11.8307],[120.056,11.8318],[120.0555,11.8283]]],[[[120.0532,11.8076],[120.0496,11.8096],[120.0502,11.8136],[120.053,11.8119],[120.0532,11.8076]]],[[[120.0437,5.1502],[120.0424,5.1503],[120.0408,5.1557],[120.0424,5.1594],[120.0447,5.1613],[120.0493,5.1607],[120.0506,5.1584],[120.051,5.1537],[120.0501,5.1523],[120.0437,5.1502]]],[[[120.0387,11.6707],[120.0374,11.6877],[120.0481,11.6832],[120.0387,11.6707]]],[[[120.0403,16.1919],[120.0362,16.1933],[120.037,16.1954],[120.0403,16.1919]]],[[[120.0255,11.971],[120.0221,11.9715],[120.0189,11.9794],[120.0106,11.9814],[120.0125,11.9849],[120.0196,11.9846],[120.0222,11.9774],[120.0252,11.9773],[120.0272,11.9741],[120.0255,11.971]]],[[[120.0,5.0087],[120.0256,5.0074],[119.9996,4.952],[119.9895,4.9604],[120.0,5.0087]]],[[[120.0223,10.5294],[120.0185,10.5314],[120.0218,10.533],[120.022,10.5358],[120.0255,10.5348],[120.0248,10.531],[120.0223,10.5294]]],[[[120.0197,14.9104],[120.019,14.9125],[120.0162,14.915],[120.012,14.9156],[120.008,14.9145],[120.008,14.9172],[120.0135,14.9171],[120.018,14.9149],[120.0239,14.9141],[120.0247,14.9119],[120.0197,14.9104]]],[[[120.0001,11.9499],[119.977,11.9557],[119.9976,11.9697],[120.0228,11.9535],[120.0001,11.9499]]],[[[120.0174,11.6829],[120.0184,11.687],[120.021,11.6855],[120.0174,11.6829]]],[[[120.0102,10.5415],[120.0085,10.5432],[120.0085,10.5465],[120.0107,10.5483],[120.0133,10.5451],[120.0102,10.5415]]],[[[120.003,5.228],[120.0026,5.231],[119.9979,5.2299],[119.998,5.2328],[120.0012,5.2323],[120.0061,5.2332],[120.0053,5.2291],[120.003,5.228]]],[[[119.7722,10.4816],[119.7522,10.5564],[119.7645,10.564],[119.7947,10.5442],[119.8055,10.5845],[119.8365,10.6115],[119.8275,10.6513],[119.8648,10.6118],[119.8723,10.6305],[119.8943,10.6144],[119.9037,10.5935],[119.9942,10.5915],[120.0018,10.5519],[119.9879,10.5512],[119.9947,10.5637],[119.9757,10.5773],[119.9669,10.5475],[119.9855,10.5337],[119.9474,10.5199],[119.9479,10.5461],[119.9304,10.5042],[119.9123,10.5277],[119.9085,10.5739],[119.8981,10.5716],[119.9059,10.5477],[119.8934,10.5662],[119.89,10.552],[119.8773,10.5576],[119.8886,10.5697],[119.8796,10.581],[119.865,10.5621],[119.8525,10.5716],[119.8579,10.5539],[119.8736,10.5594],[119.8968,10.5384],[119.8905,10.5189],[119.9054,10.5172],[119.9145,10.4746],[119.9021,10.4915],[119.8895,10.4795],[119.8706,10.4948],[119.861,10.4812],[119.8276,10.5001],[119.8321,10.4769],[119.857,10.4817],[119.8754,10.4631],[119.8043,10.4411],[119.7705,10.4525],[119.7632,10.4716],[119.7842,10.4691],[119.7722,10.4816]]],[[[120.0,11.9388],[119.9962,11.9396],[119.9959,11.9416],[120.0023,11.9406],[120.0,11.9388]]],[[[120.0,16.2091],[119.9949,16.2087],[119.9952,16.2106],[120.0,16.2091]]],[[[119.9993,10.4965],[119.9981,10.4929],[119.998,10.4896],[119.9958,10.4888],[119.9923,10.4909],[119.9921,10.4937],[119.9938,10.496],[119.9972,10.4954],[119.9993,10.4965]]],[[[119.9897,5.9204],[119.9786,5.9312],[119.9886,5.94],[119.9897,5.9204]]],[[[119.9916,5.0865],[119.9854,5.0875],[119.9847,5.0883],[119.9859,5.0952],[119.9892,5.1],[119.9923,5.1002],[119.9949,5.0984],[119.9954,5.0927],[119.995,5.0891],[119.9926,5.0887],[119.9916,5.0865]]],[[[119.9922,11.9365],[119.9904,11.9376],[119.9904,11.9402],[119.9928,11.9404],[119.9943,11.9386],[119.9922,11.9365]]],[[[119.9927,4.9952],[119.9891,4.9966],[119.9877,4.9988],[119.9899,5.0008],[119.9928,4.9977],[119.9927,4.9952]]],[[[119.9895,4.9794],[119.988,4.9795],[119.9885,4.9854],[119.9914,4.9838],[119.9914,4.9818],[119.9895,4.9794]]],[[[119.9864,4.9738],[119.9864,4.9769],[119.9905,4.9766],[119.9882,4.9739],[119.9864,4.9738]]],[[[119.9863,11.7795],[119.9841,11.7817],[119.9848,11.7843],[119.9887,11.7827],[119.9904,11.7809],[119.9863,11.7795]]],[[[119.9903,5.909],[119.9842,5.9122],[119.9854,5.9144],[119.9877,5.9132],[119.9903,5.909]]],[[[119.9877,5.9032],[119.9865,5.9034],[119.9836,5.9073],[119.9872,5.9081],[119.9867,5.9052],[119.9877,5.9032]]],[[[119.9854,11.9762],[119.9834,11.9781],[119.9854,11.9809],[119.9875,11.9783],[119.9854,11.9762]]],[[[119.9856,4.9606],[119.9851,4.9638],[119.9874,4.964],[119.9874,4.9612],[119.9856,4.9606]]],[[[119.9861,5.0166],[119.9837,5.0204],[119.9851,5.0225],[119.9871,5.0204],[119.9861,5.0166]]],[[[119.9815,5.9171],[119.9766,5.9199],[119.9778,5.9273],[119.9839,5.9258],[119.981,5.9204],[119.9815,5.9171]]],[[[119.9788,4.9461],[119.975,4.9479],[119.9755,4.951],[119.9781,4.9528],[119.981,4.9509],[119.9811,4.9473],[119.9788,4.9461]]],[[[119.9754,11.9302],[119.976,11.9326],[119.9799,11.9347],[119.9805,11.9313],[119.9754,11.9302]]],[[[119.9697,11.9045],[119.9666,11.9067],[119.9621,11.9065],[119.9621,11.9096],[119.9642,11.9106],[119.9645,11.9144],[119.969,11.9191],[119.9711,11.9182],[119.9771,11.919],[119.9792,11.9154],[119.9766,11.9141],[119.9723,11.9062],[119.9697,11.9045]]],[[[119.977,11.98],[119.9739,11.9829],[119.9786,11.9827],[119.977,11.98]]],[[[119.9754,11.779],[119.9704,11.7757],[119.9683,11.7756],[119.9661,11.778],[119.967,11.7805],[119.9754,11.779]]],[[[119.9698,11.9445],[119.9667,11.9461],[119.9667,11.9477],[119.9746,11.9463],[119.9698,11.9445]]],[[[119.952,11.9669],[119.9545,11.9565],[119.9389,11.9597],[119.9362,11.98],[119.9735,11.9685],[119.952,11.9669]]],[[[119.9699,11.6325],[119.9498,11.6559],[119.9665,11.655],[119.9699,11.6325]]],[[[119.9491,11.7424],[119.9497,11.745],[119.952,11.7468],[119.9544,11.7524],[119.9579,11.7548],[119.9615,11.7556],[119.9662,11.7549],[119.9665,11.7525],[119.9611,11.7508],[119.9599,11.748],[119.9554,11.7483],[119.9536,11.7449],[119.9491,11.7424]]],[[[119.9518,11.9419],[119.9498,11.953],[119.9663,11.9435],[119.9518,11.9419]]],[[[119.9635,16.4044],[119.9611,16.4054],[119.9622,16.4081],[119.9654,16.4074],[119.9635,16.4044]]],[[[119.9501,16.3504],[119.9474,16.3621],[119.9653,16.3652],[119.9501,16.3504]]],[[[119.9624,16.3695],[119.9116,16.3855],[119.9139,16.422],[119.9627,16.4039],[119.9624,16.3695]]],[[[119.962,11.9164],[119.9619,11.9198],[119.9601,11.9225],[119.9602,11.9267],[119.9638,11.9253],[119.9638,11.9199],[119.962,11.9164]]],[[[119.9574,4.9207],[119.9566,4.9226],[119.96,4.9257],[119.9628,4.9255],[119.9597,4.9212],[119.9574,4.9207]]],[[[119.9538,11.9841],[119.9359,11.9938],[119.9612,11.9925],[119.9538,11.9841]]],[[[119.9543,12.3391],[119.9541,12.3409],[119.9562,12.3437],[119.9583,12.3431],[119.9543,12.3391]]],[[[119.9533,12.0553],[119.9521,12.057],[119.9506,12.0629],[119.9475,12.0686],[119.9443,12.0708],[119.9383,12.0733],[119.9417,12.0764],[119.9449,12.0744],[119.9477,12.074],[119.9523,12.0655],[119.9537,12.0613],[119.9533,12.0553]]],[[[119.9432,5.2292],[119.9412,5.2328],[119.9431,5.2348],[119.9429,5.2379],[119.9467,5.239],[119.948,5.241],[119.9521,5.2386],[119.9493,5.2354],[119.9457,5.2327],[119.9432,5.2292]]],[[[119.951,16.3366],[119.9486,16.3374],[119.9466,16.34],[119.9441,16.3412],[119.9438,16.3442],[119.9455,16.3458],[119.9482,16.3446],[119.9496,16.341],[119.9513,16.3393],[119.951,16.3366]]],[[[119.9429,12.0165],[119.9423,12.0187],[119.9437,12.0205],[119.9443,12.0251],[119.9469,12.0263],[119.9509,12.0294],[119.95,12.0216],[119.9461,12.0238],[119.9429,12.0165]]],[[[119.9304,11.5755],[119.93,11.5882],[119.9462,11.5813],[119.9304,11.5755]]],[[[119.9458,5.8636],[119.9194,5.8732],[119.9323,5.8834],[119.9205,5.8727],[119.9458,5.8636]]],[[[119.9432,15.6779],[119.9427,15.6815],[119.9456,15.6807],[119.9432,15.6779]]],[[[119.9345,5.0737],[119.9347,5.0763],[119.9327,5.0773],[119.935,5.083],[119.9412,5.0855],[119.9444,5.0822],[119.9432,5.0792],[119.9405,5.0781],[119.937,5.0743],[119.9345,5.0737]]],[[[119.9388,4.9043],[119.9381,4.9061],[119.9407,4.9082],[119.9441,4.9084],[119.9432,4.9044],[119.9388,4.9043]]],[[[119.9335,15.4824],[119.9271,15.4844],[119.9218,15.4837],[119.9167,15.4862],[119.9171,15.4908],[119.9198,15.4914],[119.9235,15.4908],[119.9253,15.4866],[119.9282,15.4859],[119.9306,15.4873],[119.9373,15.4876],[119.9423,15.4869],[119.9412,15.4846],[119.9375,15.4848],[119.9335,15.4824]]],[[[119.8969,12.2792],[119.8685,12.2693],[119.8899,12.287],[119.8692,12.2884],[119.8795,12.2961],[119.8636,12.3058],[119.8804,12.3272],[119.9265,12.3177],[119.9371,12.2878],[119.9239,12.2678],[119.8969,12.2792]]],[[[119.9301,11.7233],[119.9297,11.7274],[119.9285,11.7298],[119.9283,11.7339],[119.9268,11.7352],[119.9273,11.7393],[119.9256,11.7406],[119.9238,11.7445],[119.928,11.7448],[119.934,11.747],[119.9377,11.7382],[119.9326,11.7351],[119.9329,11.7308],[119.9308,11.7282],[119.9301,11.7233]]],[[[119.9311,4.895],[119.9296,4.8963],[119.9292,4.9015],[119.9319,4.9007],[119.9305,4.8963],[119.9311,4.895]]],[[[119.9081,15.5077],[119.9049,15.5273],[119.9288,15.5258],[119.9081,15.5077]]],[[[119.9218,5.066],[119.9203,5.0702],[119.9239,5.0705],[119.9244,5.0684],[119.9218,5.066]]],[[[119.9194,11.572],[119.9161,11.5752],[119.9165,11.5771],[119.9197,11.5767],[119.9208,11.5741],[119.9194,11.572]]],[[[119.8975,12.3591],[119.8969,12.3626],[119.9036,12.3695],[119.9088,12.3701],[119.9156,12.367],[119.908,12.3652],[119.9042,12.3615],[119.9009,12.3593],[119.8975,12.3591]]],[[[119.9135,12.0219],[119.9113,12.0193],[119.9091,12.0211],[119.9094,12.025],[119.9061,12.0258],[119.9088,12.0291],[119.9056,12.034],[119.9098,12.0342],[119.912,12.0288],[119.9149,12.0272],[119.9155,12.0249],[119.9135,12.0219]]],[[[119.9132,11.5321],[119.9121,11.5338],[119.9124,11.5376],[119.9152,11.5366],[119.9151,11.5343],[119.9132,11.5321]]],[[[119.9105,10.5164],[119.91,10.5184],[119.9129,10.5192],[119.9136,10.5172],[119.9105,10.5164]]],[[[119.9085,5.2204],[119.9031,5.2205],[119.9049,5.2247],[119.9085,5.2244],[119.9102,5.2213],[119.9085,5.2204]]],[[[119.8914,12.0442],[119.8938,12.0466],[119.898,12.0483],[119.8991,12.0508],[119.9019,12.0489],[119.898,12.044],[119.8959,12.0434],[119.8914,12.0442]]],[[[119.8934,5.2136],[119.8917,5.2145],[119.8913,5.2178],[119.8995,5.2214],[119.9008,5.221],[119.8999,5.2169],[119.898,5.2145],[119.8934,5.2136]]],[[[119.8934,11.4848],[119.8821,11.4926],[119.896,11.5052],[119.8934,11.4848]]],[[[119.8982,12.0148],[119.8953,12.0151],[119.8951,12.0183],[119.8993,12.0186],[119.8982,12.0148]]],[[[119.8964,11.5507],[119.8957,11.5554],[119.8987,11.5545],[119.8983,11.5512],[119.8964,11.5507]]],[[[119.8951,15.4918],[119.8924,15.495],[119.8931,15.4976],[119.8968,15.4983],[119.8984,15.494],[119.8951,15.4918]]],[[[119.8895,12.0159],[119.8859,12.017],[119.888,12.0193],[119.8875,12.0229],[119.8925,12.0259],[119.8941,12.0241],[119.8951,12.0202],[119.8895,12.0159]]],[[[119.8918,12.2713],[119.8884,12.2719],[119.8884,12.2736],[119.891,12.2753],[119.8918,12.2713]]],[[[119.8889,11.5572],[119.8901,11.5523],[119.8883,11.5461],[119.8851,11.5477],[119.8861,11.5531],[119.8857,11.5559],[119.8866,11.5587],[119.8889,11.5572]]],[[[119.8873,12.0049],[119.8847,12.005],[119.8842,12.0075],[119.8885,12.0067],[119.8873,12.0049]]],[[[119.8879,11.9819],[119.8822,11.9846],[119.8822,11.9872],[119.8882,11.9853],[119.8879,11.9819]]],[[[119.8797,11.526],[119.8777,11.5272],[119.8785,11.5313],[119.8809,11.534],[119.885,11.5343],[119.8868,11.53],[119.8833,11.5292],[119.8797,11.526]]],[[[119.8816,12.0085],[119.8801,12.0101],[119.8769,12.0108],[119.8793,12.0142],[119.8827,12.015],[119.8848,12.0134],[119.8846,12.0093],[119.8816,12.0085]]],[[[119.8807,12.1678],[119.8764,12.1716],[119.8755,12.1811],[119.8782,12.1795],[119.8824,12.1746],[119.8819,12.1694],[119.8807,12.1678]]],[[[119.8743,11.479],[119.8785,11.4772],[119.8793,11.4738],[119.8711,11.4752],[119.8709,11.4778],[119.8722,11.4802],[119.8743,11.479]]],[[[119.8448,11.9592],[119.8258,11.9424],[119.8474,11.9817],[119.8777,11.9797],[119.8528,11.9767],[119.8448,11.9592]]],[[[119.8769,11.4831],[119.8767,11.4802],[119.8735,11.481],[119.8734,11.4864],[119.8758,11.487],[119.8769,11.4831]]],[[[119.8756,11.5527],[119.8749,11.5501],[119.875,11.5435],[119.8718,11.5447],[119.8735,11.5524],[119.8756,11.5527]]],[[[119.8711,12.1209],[119.861,12.123],[119.8711,12.1686],[119.8711,12.1209]]],[[[119.8674,4.9386],[119.8676,4.9429],[119.8728,4.9467],[119.8737,4.9445],[119.8692,4.9395],[119.8674,4.9386]]],[[[119.7297,11.4537],[119.7134,11.4641],[119.7312,11.4753],[119.7621,11.436],[119.7773,11.4386],[119.7671,11.4585],[119.7821,11.4472],[119.7856,11.4686],[119.7637,11.476],[119.7768,11.49],[119.7949,11.4555],[119.8156,11.451],[119.8098,11.472],[119.8391,11.4521],[119.8254,11.4816],[119.8489,11.4739],[119.8492,11.4868],[119.8102,11.5191],[119.8704,11.4997],[119.8699,11.4531],[119.8294,11.3774],[119.8082,11.3798],[119.824,11.429],[119.8063,11.4157],[119.7876,11.4278],[119.773,11.3948],[119.7576,11.4225],[119.7272,11.4327],[119.7414,11.4453],[119.7297,11.4537]]],[[[119.8446,11.9901],[119.8381,12.0005],[119.8708,11.9931],[119.8446,11.9901]]],[[[119.8694,11.5594],[119.8673,11.56],[119.8675,11.5646],[119.8698,11.5636],[119.8694,11.5594]]],[[[119.8408,4.7903],[119.8144,4.7977],[119.8075,4.8165],[119.8302,4.8225],[119.8653,4.8057],[119.8665,4.7942],[119.8408,4.7903]]],[[[119.8604,11.5979],[119.8564,11.6064],[119.8586,11.6064],[119.8623,11.5976],[119.8645,11.5956],[119.862,11.5937],[119.8604,11.5979]]],[[[119.8533,11.5449],[119.851,11.5453],[119.8457,11.5514],[119.8469,11.5545],[119.85,11.556],[119.8555,11.5558],[119.8591,11.5536],[119.8595,11.548],[119.8567,11.5474],[119.8533,11.5449]]],[[[119.8118,4.8534],[119.7928,4.8894],[119.7949,4.9241],[119.8208,4.924],[119.8514,4.8995],[119.8524,4.8634],[119.8118,4.8534]]],[[[119.8477,12.116],[119.8447,12.1155],[119.8445,12.1191],[119.8422,12.1241],[119.842,12.1285],[119.845,12.1332],[119.8467,12.1325],[119.8481,12.1248],[119.8505,12.1202],[119.852,12.1146],[119.8477,12.116]]],[[[119.8489,12.1023],[119.8462,12.1041],[119.8458,12.1074],[119.8518,12.1069],[119.8515,12.1048],[119.8489,12.1023]]],[[[119.8408,11.4915],[119.8363,11.4899],[119.8367,11.4926],[119.8394,11.4935],[119.8408,11.4915]]],[[[119.8227,15.7284],[119.8209,15.7285],[119.82,15.7328],[119.8207,15.7384],[119.8248,15.7413],[119.8327,15.7407],[119.8322,15.7375],[119.8298,15.7337],[119.8265,15.7323],[119.8227,15.7284]]],[[[119.81,11.5466],[119.8147,11.5472],[119.8196,11.5468],[119.8173,11.5431],[119.8105,11.5431],[119.8068,11.5441],[119.8053,11.5477],[119.81,11.5466]]],[[[119.8137,12.1444],[119.8144,12.1488],[119.8138,12.1586],[119.8186,12.1612],[119.8195,12.1562],[119.8178,12.1528],[119.8157,12.1454],[119.8137,12.1444]]],[[[119.8186,5.0652],[119.8024,5.0518],[119.7901,5.0656],[119.7859,5.0417],[119.7398,5.0383],[119.7671,5.0966],[119.8012,5.1153],[119.8034,5.0751],[119.8186,5.0652]]],[[[119.803,11.3968],[119.8023,11.402],[119.8045,11.4048],[119.8047,11.408],[119.807,11.4081],[119.8088,11.4032],[119.8114,11.4011],[119.811,11.3993],[119.803,11.3968]]],[[[119.7971,5.0251],[119.7777,5.0368],[119.8023,5.037],[119.7971,5.0251]]],[[[119.7955,15.7777],[119.7883,15.8121],[119.8025,15.8035],[119.7955,15.7777]]],[[[119.7861,12.0538],[119.7898,12.0563],[119.7917,12.0591],[119.7955,12.0519],[119.7942,12.051],[119.7885,12.0518],[119.7861,12.0538]]],[[[119.7452,5.005],[119.7404,5.0339],[119.7751,5.0345],[119.7729,5.0126],[119.7452,5.005]]],[[[119.7538,10.5345],[119.7509,10.5351],[119.7517,10.5379],[119.7549,10.5386],[119.7556,10.5357],[119.7538,10.5345]]],[[[119.7518,11.1149],[119.748,11.1172],[119.7498,11.1197],[119.7526,11.1187],[119.7518,11.1149]]],[[[119.748,10.5878],[119.749,10.5948],[119.7517,10.5961],[119.7514,10.5914],[119.748,10.5878]]],[[[119.7483,10.532],[119.747,10.5321],[119.7466,10.5384],[119.7482,10.5402],[119.7496,10.534],[119.7483,10.532]]],[[[119.7461,10.5741],[119.743,10.5768],[119.7429,10.5815],[119.7453,10.5856],[119.7475,10.5863],[119.7494,10.584],[119.7484,10.5768],[119.7461,10.5741]]],[[[119.7443,10.5467],[119.743,10.5501],[119.7478,10.5505],[119.7443,10.5467]]],[[[119.7412,10.5571],[119.7424,10.5655],[119.7455,10.5662],[119.7467,10.5601],[119.7426,10.5593],[119.7412,10.5571]]],[[[119.7399,11.0097],[119.7365,11.008],[119.7328,11.0091],[119.7322,11.0123],[119.729,11.0162],[119.7272,11.0173],[119.7255,11.0216],[119.725,11.0253],[119.7265,11.027],[119.7294,11.0274],[119.7309,11.0299],[119.7335,11.028],[119.7348,11.025],[119.7392,11.0246],[119.7447,11.0202],[119.7464,11.0179],[119.745,11.013],[119.7426,11.0106],[119.7399,11.0097]]],[[[119.737,11.0661],[119.7341,11.0674],[119.7287,11.0676],[119.7302,11.0734],[119.7294,11.077],[119.7342,11.0764],[119.7392,11.0731],[119.74,11.0672],[119.737,11.0661]]],[[[119.734,10.5352],[119.7333,10.5394],[119.735,10.5409],[119.738,10.538],[119.734,10.5352]]],[[[119.7052,11.2368],[119.7092,11.2577],[119.7311,11.2541],[119.7052,11.2368]]],[[[119.7239,11.0322],[119.7027,11.0262],[119.7001,11.0553],[119.714,11.0559],[119.7239,11.0322]]],[[[119.7219,11.3989],[119.7164,11.4018],[119.7176,11.4051],[119.7189,11.4141],[119.7246,11.413],[119.723,11.411],[119.7208,11.4048],[119.7219,11.3989]]],[[[119.7194,11.4408],[119.7173,11.4445],[119.722,11.4437],[119.7194,11.4408]]],[[[119.7099,10.5107],[119.7086,10.5148],[119.7059,10.5138],[119.7042,10.5179],[119.7008,10.5175],[119.6989,10.5193],[119.7011,10.5221],[119.7076,10.5236],[119.7109,10.523],[119.7107,10.5193],[119.712,10.518],[119.7162,10.5185],[119.7109,10.5108],[119.7099,10.5107]]],[[[119.7129,10.9367],[119.7086,10.9397],[119.71,10.9476],[119.7097,10.9505],[119.7059,10.9544],[119.7077,10.959],[119.7108,10.9623],[119.7142,10.9631],[119.714,10.9589],[119.7158,10.9558],[119.7152,10.9484],[119.7141,10.9458],[119.7141,10.9399],[119.7129,10.9367]]],[[[119.7096,11.34],[119.6975,11.3353],[119.6998,11.3511],[119.7096,11.34]]],[[[119.7117,11.4238],[119.7093,11.4246],[119.7062,11.424],[119.7052,11.4262],[119.7112,11.4255],[119.7117,11.4238]]],[[[119.7058,11.4352],[119.7069,11.4386],[119.7092,11.4353],[119.7058,11.4352]]],[[[119.705,10.5551],[119.7056,10.5568],[119.7033,10.5599],[119.7075,10.5621],[119.7081,10.5565],[119.705,10.5551]]],[[[119.698,10.4947],[119.6999,10.4971],[119.6991,10.5006],[119.697,10.5013],[119.6978,10.5045],[119.7004,10.5018],[119.7059,10.5022],[119.7046,10.4998],[119.7009,10.4957],[119.698,10.4947]]],[[[119.7025,10.5074],[119.7017,10.5095],[119.7026,10.5131],[119.7049,10.5102],[119.7025,10.5074]]],[[[119.694,10.6837],[119.6928,10.6841],[119.6931,10.6888],[119.6915,10.6916],[119.6916,10.6947],[119.6898,10.6975],[119.6901,10.7024],[119.6891,10.7047],[119.6891,10.7089],[119.6904,10.7148],[119.6946,10.7248],[119.6972,10.7261],[119.6986,10.7191],[119.6966,10.7181],[119.6964,10.7101],[119.697,10.708],[119.7003,10.7057],[119.7023,10.701],[119.7012,10.6972],[119.6998,10.6969],[119.6978,10.6928],[119.6985,10.6877],[119.694,10.6837]]],[[[119.6992,11.1182],[119.6968,11.1185],[119.6971,11.1239],[119.7005,11.1236],[119.7022,11.1218],[119.6992,11.1182]]],[[[119.6903,11.149],[119.6944,11.1548],[119.6956,11.1585],[119.6998,11.1583],[119.7,11.1569],[119.6969,11.1546],[119.694,11.1506],[119.6903,11.149]]],[[[119.6759,11.1127],[119.6687,11.1231],[119.6888,11.1234],[119.6985,11.0986],[119.677,11.0764],[119.6759,11.1127]]],[[[117.7142,8.6827],[117.6247,8.6573],[117.5698,8.676],[117.526,8.6573],[117.4983,8.6177],[117.5171,8.5927],[117.5304,8.6043],[117.5361,8.5731],[117.5037,8.509],[117.4634,8.5087],[117.4725,8.5446],[117.4469,8.5369],[117.4568,8.5232],[117.436,8.5083],[117.4532,8.5072],[117.4357,8.5012],[117.4263,8.5487],[117.418,8.5353],[117.3903,8.5418],[117.4251,8.5038],[117.3989,8.4954],[117.3744,8.5226],[117.3295,8.4553],[117.2624,8.424],[117.2541,8.3934],[117.2321,8.3891],[117.2375,8.37],[117.2075,8.3694],[117.2054,8.3467],[117.2172,8.3489],[117.1964,8.3308],[117.1776,8.351],[117.2147,8.4298],[117.2164,8.4994],[117.2415,8.5458],[117.2547,8.5444],[117.2504,8.5718],[117.2807,8.5747],[117.2776,8.5875],[117.2646,8.5769],[117.2548,8.6084],[117.2773,8.5942],[117.295,8.6553],[117.2994,8.6404],[117.311,8.6674],[117.3369,8.6744],[117.3349,8.6922],[117.3576,8.6976],[117.3231,8.6945],[117.3489,8.7311],[117.4474,8.7766],[117.4294,8.7934],[117.4586,8.807],[117.4675,8.8552],[117.5207,8.9046],[117.5163,8.9162],[117.5363,8.9201],[117.548,8.9572],[117.5791,8.9592],[117.6248,8.9921],[117.6316,9.0487],[117.6908,9.0865],[117.7099,9.0606],[117.7563,9.0764],[117.7768,9.1661],[117.8104,9.1972],[117.8259,9.1885],[117.8561,9.2176],[117.8654,9.2004],[117.907,9.2613],[117.9539,9.2326],[117.9532,9.2623],[117.9815,9.2802],[117.9687,9.2437],[118.017,9.2424],[118.0339,9.2724],[118.0401,9.2563],[118.052,9.2618],[118.0376,9.2775],[118.0647,9.287],[118.0468,9.294],[118.093,9.3319],[118.1103,9.3139],[118.1282,9.3468],[118.1166,9.375],[118.1273,9.3958],[118.1846,9.4095],[118.1975,9.4713],[118.3288,9.5804],[118.3405,9.6486],[118.3733,9.6452],[118.4096,9.6656],[118.4337,9.7168],[118.5125,9.7608],[118.5697,9.8469],[118.6062,9.8707],[118.6053,9.9147],[118.6436,9.9326],[118.6474,9.9644],[118.6635,9.9745],[118.6458,10.0023],[118.7234,10.0363],[118.7604,10.1314],[118.7735,10.0699],[118.7391,10.073],[118.7757,10.0597],[118.7616,10.0407],[118.7734,10.0154],[118.7819,10.0228],[118.7901,10.0081],[118.7912,10.0215],[118.8128,10.0232],[118.8102,10.0703],[118.8304,10.1018],[118.8476,10.1031],[118.846,10.1168],[118.8103,10.1116],[118.8062,10.1922],[118.8423,10.1883],[118.8651,10.2097],[118.8944,10.1967],[118.9371,10.2056],[118.9528,10.2504],[118.9373,10.2644],[118.9626,10.2704],[118.9347,10.2882],[118.9416,10.2976],[118.9602,10.2827],[118.9743,10.3074],[119.0069,10.3039],[119.0066,10.3436],[119.0308,10.3344],[119.0155,10.3542],[119.0227,10.3782],[118.9744,10.3515],[118.9669,10.3698],[118.9926,10.3908],[118.9865,10.4065],[119.0276,10.4151],[119.0646,10.3888],[119.0764,10.4104],[119.0636,10.4228],[119.0904,10.4181],[119.1048,10.4328],[119.0742,10.4508],[119.0896,10.4631],[119.0827,10.4786],[119.1153,10.484],[119.1011,10.4604],[119.1181,10.4442],[119.1152,10.3889],[119.1452,10.3728],[119.1465,10.3993],[119.1753,10.4102],[119.2161,10.48],[119.2564,10.4841],[119.2692,10.5128],[119.2321,10.5488],[119.2755,10.5432],[119.3178,10.5892],[119.343,10.7346],[119.3185,10.7693],[119.2761,10.7648],[119.26,10.8342],[119.2098,10.8488],[119.213,10.8603],[119.2473,10.8594],[119.2239,10.8771],[119.2594,10.8851],[119.2488,10.9044],[119.2152,10.9062],[119.2327,10.9342],[119.2149,10.9393],[119.2211,10.9536],[119.2421,10.9509],[119.2431,10.9087],[119.263,10.9182],[119.2512,10.9326],[119.2658,10.9469],[119.2839,10.9361],[119.2758,10.9241],[119.2939,10.9109],[119.2766,10.894],[119.2953,10.8882],[119.2647,10.8682],[119.3061,10.8728],[119.2806,10.8461],[119.3141,10.8271],[119.3171,10.8466],[119.3285,10.8053],[119.3407,10.8236],[119.3573,10.8213],[119.3442,10.7943],[119.3586,10.8053],[119.3724,10.7801],[119.3772,10.7941],[119.4,10.7813],[119.4009,10.7617],[119.3879,10.7695],[119.3823,10.7492],[119.4101,10.7485],[119.4174,10.7626],[119.4348,10.7045],[119.4412,10.7197],[119.4491,10.6998],[119.4757,10.7104],[119.4323,10.8305],[119.4716,10.8182],[119.4507,10.8361],[119.4551,10.8507],[119.4394,10.8528],[119.439,10.8394],[119.4143,10.8717],[119.3742,10.8593],[119.3504,10.8759],[119.3498,10.8959],[119.3345,10.892],[119.3619,10.944],[119.314,10.9399],[119.3326,10.9497],[119.309,10.9633],[119.3036,11.0069],[119.3204,11.0325],[119.3427,10.9865],[119.3488,11.0033],[119.4085,10.9986],[119.402,11.0198],[119.3804,11.0015],[119.3439,11.0353],[119.3355,11.0284],[119.3438,11.0597],[119.3235,11.0585],[119.3226,11.0994],[119.3354,11.1045],[119.3422,11.0805],[119.3529,11.0879],[119.3429,11.0751],[119.3718,11.0391],[119.4009,11.027],[119.4045,11.0414],[119.4194,11.0261],[119.4312,11.1497],[119.404,11.1506],[119.4009,11.1326],[119.3957,11.1684],[119.3754,11.183],[119.3909,11.1811],[119.4174,11.2125],[119.4275,11.3379],[119.4429,11.3428],[119.4576,11.3196],[119.4521,11.3482],[119.4764,11.3714],[119.4753,11.4206],[119.5049,11.4155],[119.5101,11.3324],[119.5375,11.3215],[119.5528,11.3396],[119.5678,11.2908],[119.547,11.2068],[119.52,11.1932],[119.5357,11.1692],[119.4961,11.1361],[119.5324,11.0606],[119.5602,11.0843],[119.5505,11.0621],[119.5686,11.006],[119.5459,11.0006],[119.5252,11.0394],[119.4997,11.0115],[119.4838,10.9758],[119.4977,10.9265],[119.4812,10.8736],[119.5096,10.859],[119.5121,10.8273],[119.5325,10.8083],[119.5742,10.8381],[119.5972,10.8237],[119.5988,10.8093],[119.5749,10.8121],[119.5952,10.7988],[119.588,10.7817],[119.5714,10.7827],[119.5958,10.7663],[119.5859,10.7432],[119.5998,10.7238],[119.5865,10.6868],[119.5635,10.6816],[119.5746,10.6581],[119.5907,10.6685],[119.6033,10.6524],[119.598,10.67],[119.612,10.6606],[119.6364,10.6912],[119.6485,10.6644],[119.6696,10.6578],[119.6489,10.65],[119.6272,10.6664],[119.6342,10.6371],[119.6185,10.6242],[119.6516,10.6023],[119.6718,10.5374],[119.6943,10.542],[119.6943,10.5219],[119.6758,10.5287],[119.6745,10.5175],[119.6897,10.495],[119.5889,10.419],[119.6015,10.4457],[119.5764,10.4502],[119.5857,10.4425],[119.5665,10.438],[119.5847,10.4104],[119.5703,10.3727],[119.5303,10.3765],[119.5117,10.3611],[119.4574,10.3753],[119.4276,10.3516],[119.4005,10.3782],[119.4099,10.3854],[119.3902,10.3888],[119.3913,10.3564],[119.3633,10.3414],[119.3529,10.3147],[119.3238,10.3118],[119.2965,10.2826],[119.2876,10.3056],[119.2843,10.2534],[119.2626,10.2316],[119.2658,10.2669],[119.2516,10.2394],[119.2391,10.2476],[119.2589,10.2262],[119.2196,10.1446],[119.2176,10.0843],[119.191,10.0461],[119.1473,10.0259],[119.1113,10.0373],[119.1164,10.0216],[118.9849,9.9866],[118.8619,9.976],[118.8157,9.9388],[118.8175,9.9733],[118.8076,9.9704],[118.8195,9.9476],[118.789,9.9543],[118.771,9.9303],[118.7565,9.9392],[118.7352,9.8955],[118.7207,9.9162],[118.7444,9.8908],[118.7511,9.8113],[118.7734,9.7946],[118.7718,9.7286],[118.7319,9.7319],[118.7412,9.7503],[118.7362,9.7734],[118.7229,9.7729],[118.7275,9.7912],[118.7127,9.7774],[118.6923,9.795],[118.6787,9.7536],[118.6983,9.7375],[118.6795,9.7361],[118.693,9.7303],[118.6763,9.716],[118.6941,9.7195],[118.6851,9.7064],[118.6968,9.6996],[118.7256,9.7053],[118.7024,9.6769],[118.7319,9.6938],[118.7367,9.6799],[118.7575,9.6893],[118.7557,9.6682],[118.7167,9.6542],[118.7141,9.6418],[118.7344,9.6425],[118.66,9.5591],[118.6384,9.5069],[118.6167,9.5202],[118.5998,9.4676],[118.5568,9.4275],[118.5288,9.3737],[118.5384,9.3564],[118.5157,9.3302],[118.5176,9.3449],[118.5004,9.3407],[118.5115,9.332],[118.4902,9.2952],[118.4668,9.302],[118.4309,9.2794],[118.42,9.2473],[118.3949,9.2418],[118.347,9.1796],[118.2972,9.183],[118.2227,9.1575],[118.193,9.1696],[118.1534,9.1563],[118.1505,9.1355],[118.1259,9.153],[118.0996,9.1021],[118.0989,9.0572],[118.0623,9.0477],[118.0799,9.0189],[118.0586,9.0113],[118.0663,8.9946],[118.0156,8.9057],[118.0002,8.9317],[117.9852,8.9253],[118.0062,8.9044],[117.9997,8.8869],[117.9822,8.8936],[117.9771,8.8753],[117.886,8.83],[117.8397,8.7708],[117.8112,8.7706],[117.7795,8.7142],[117.7142,8.6827]]],[[[119.6967,10.996],[119.6953,10.9975],[119.6956,11.0039],[119.6971,11.0034],[119.6967,10.996]]],[[[119.6916,10.5097],[119.692,10.5139],[119.6956,10.5139],[119.6966,10.5102],[119.6929,10.5107],[119.6916,10.5097]]],[[[119.6936,11.0559],[119.6733,11.0302],[119.6839,11.0722],[119.6936,11.0559]]],[[[119.6628,11.2771],[119.6589,11.3055],[119.6792,11.3025],[119.6909,11.3258],[119.6773,11.2627],[119.6628,11.2771]]],[[[119.6792,11.4938],[119.6714,11.5132],[119.6895,11.5033],[119.6792,11.4938]]],[[[119.6872,11.2352],[119.6846,11.2372],[119.6781,11.2395],[119.6791,11.2443],[119.6812,11.2474],[119.685,11.2458],[119.6843,11.2406],[119.6872,11.2352]]],[[[119.6732,11.1865],[119.6718,11.1874],[119.6756,11.1911],[119.6779,11.1892],[119.6753,11.1868],[119.6732,11.1865]]],[[[119.6702,11.0875],[119.671,11.0919],[119.6747,11.0919],[119.6726,11.0884],[119.6702,11.0875]]],[[[119.6725,11.1662],[119.6678,11.1674],[119.6676,11.1705],[119.6705,11.1743],[119.6734,11.1689],[119.6725,11.1662]]],[[[119.6678,11.4761],[119.6665,11.4761],[119.6664,11.4823],[119.6657,11.4852],[119.6663,11.4877],[119.6712,11.4864],[119.6699,11.481],[119.6684,11.4795],[119.6678,11.4761]]],[[[119.6683,11.0188],[119.6647,11.0204],[119.6642,11.0253],[119.665,11.0271],[119.6696,11.0224],[119.6683,11.0188]]],[[[119.6686,11.1374],[119.6662,11.1379],[119.6657,11.1414],[119.6684,11.1414],[119.6686,11.1374]]],[[[119.6593,11.4],[119.6345,11.4316],[119.6497,11.4118],[119.6677,11.4187],[119.6593,11.4]]],[[[119.662,11.4751],[119.6605,11.4746],[119.6601,11.4716],[119.6569,11.4721],[119.6538,11.4742],[119.6531,11.4805],[119.6555,11.4808],[119.6626,11.479],[119.662,11.4751]]],[[[119.6581,11.1334],[119.6549,11.1353],[119.6553,11.1392],[119.658,11.1381],[119.659,11.1345],[119.6581,11.1334]]],[[[119.6559,10.7441],[119.6552,10.7463],[119.6575,10.7478],[119.6588,10.7452],[119.6559,10.7441]]],[[[119.6576,5.8266],[119.6519,5.8331],[119.6532,5.8338],[119.6555,5.8292],[119.6581,5.8277],[119.6576,5.8266]]],[[[119.6516,11.1602],[119.6502,11.1621],[119.649,11.1688],[119.6518,11.1665],[119.6536,11.1629],[119.6516,11.1602]]],[[[119.6457,10.7977],[119.6458,10.8026],[119.6484,10.8017],[119.6457,10.7977]]],[[[119.6041,11.0405],[119.5621,11.0504],[119.5832,11.1],[119.6039,11.0781],[119.6108,11.0865],[119.6237,11.0361],[119.6405,11.033],[119.6341,10.9972],[119.6304,11.0232],[119.6111,11.0049],[119.5962,11.0179],[119.6041,11.0405]]],[[[119.6327,10.7981],[119.6178,10.8246],[119.6413,10.8218],[119.6327,10.7981]]],[[[119.6312,10.7095],[119.6291,10.714],[119.6273,10.7147],[119.6283,10.7194],[119.6297,10.7219],[119.6352,10.7207],[119.6368,10.714],[119.634,10.7099],[119.6312,10.7095]]],[[[119.6345,10.823],[119.6335,10.8252],[119.6298,10.8246],[119.6236,10.826],[119.6227,10.8297],[119.6229,10.8337],[119.625,10.8353],[119.6255,10.8379],[119.6301,10.8355],[119.63,10.8319],[119.6314,10.8288],[119.635,10.826],[119.6345,10.823]]],[[[119.6227,11.2309],[119.6198,11.2361],[119.6201,11.2389],[119.6218,11.2425],[119.6218,11.2456],[119.6232,11.2515],[119.6226,11.2536],[119.6244,11.2558],[119.6243,11.262],[119.6267,11.2638],[119.6329,11.2604],[119.6343,11.2583],[119.6346,11.2552],[119.6309,11.2508],[119.6313,11.2457],[119.6286,11.2454],[119.6266,11.2419],[119.6278,11.2399],[119.6262,11.236],[119.6269,11.2337],[119.6227,11.2309]]],[[[119.6334,10.8508],[119.6306,10.8542],[119.6267,10.8548],[119.6216,10.8575],[119.6244,10.8626],[119.6265,10.8637],[119.6284,10.8667],[119.6344,10.8674],[119.6334,10.8508]]],[[[119.6339,10.7271],[119.6311,10.7288],[119.6287,10.7288],[119.628,10.7322],[119.6342,10.7303],[119.6339,10.7271]]],[[[119.594,11.1408],[119.5837,11.1508],[119.563,11.1375],[119.5633,11.1776],[119.5938,11.1717],[119.5979,11.1967],[119.6252,11.1886],[119.6253,11.1619],[119.6064,11.1506],[119.5944,11.1655],[119.594,11.1408]]],[[[119.6206,11.0774],[119.6184,11.08],[119.6196,11.087],[119.6207,11.0885],[119.624,11.0862],[119.6227,11.0833],[119.6236,11.0795],[119.6206,11.0774]]],[[[119.6205,10.8905],[119.6196,10.8915],[119.6191,10.8992],[119.6207,10.9],[119.6228,10.8972],[119.6227,10.8948],[119.6205,10.8905]]],[[[119.6181,10.9475],[119.6162,10.951],[119.6164,10.9539],[119.6123,10.9544],[119.6131,10.9632],[119.6158,10.9603],[119.617,10.9551],[119.6169,10.9505],[119.6181,10.9475]]],[[[119.6009,10.6741],[119.5995,10.6761],[119.601,10.6785],[119.603,10.6761],[119.6009,10.6741]]],[[[119.5936,11.0291],[119.5916,11.03],[119.5919,11.0326],[119.5942,11.0323],[119.5936,11.0291]]],[[[119.5851,10.6756],[119.5859,10.6822],[119.5877,10.6829],[119.5886,10.6796],[119.5878,10.677],[119.5851,10.6756]]],[[[119.565,11.0422],[119.5618,11.0437],[119.5614,11.0473],[119.5656,11.0462],[119.565,11.0422]]],[[[119.5625,10.9962],[119.5597,10.9995],[119.5597,11.0035],[119.5621,11.004],[119.5626,11.0012],[119.5649,10.9987],[119.5625,10.9962]]],[[[119.5457,11.1701],[119.5487,11.1742],[119.5508,11.1731],[119.551,11.1676],[119.5446,11.1583],[119.5412,11.1569],[119.5428,11.1646],[119.5457,11.1701]]],[[[119.5282,11.3637],[119.5261,11.365],[119.5257,11.3682],[119.5321,11.3689],[119.534,11.3705],[119.534,11.3748],[119.5369,11.3751],[119.5392,11.3717],[119.5344,11.3665],[119.5305,11.3657],[119.5282,11.3637]]],[[[119.4547,4.6643],[119.4664,4.7905],[119.4526,4.9136],[119.4948,4.8347],[119.5071,4.7613],[119.4763,4.6583],[119.4557,4.6432],[119.4547,4.6643]]],[[[119.5064,11.4389],[119.5019,11.422],[119.4965,11.4429],[119.5064,11.4389]]],[[[119.4901,10.2656],[119.4959,10.2702],[119.4987,10.2712],[119.4993,10.2689],[119.4901,10.2656]]],[[[119.4934,10.9638],[119.4921,10.9647],[119.493,10.9693],[119.4952,10.9675],[119.4934,10.9638]]],[[[119.412,4.7647],[119.4229,4.7817],[119.4129,4.6998],[119.3957,4.6698],[119.4141,4.742],[119.3901,4.7448],[119.412,4.7647]]],[[[119.408,11.3496],[119.4067,11.3499],[119.4058,11.3577],[119.4093,11.3586],[119.409,11.363],[119.4131,11.3658],[119.4179,11.3668],[119.413,11.3565],[119.4131,11.3552],[119.4083,11.3522],[119.408,11.3496]]],[[[119.4156,4.8461],[119.4138,4.8476],[119.4109,4.8536],[119.4101,4.8582],[119.4121,4.8667],[119.4147,4.8636],[119.4155,4.8551],[119.4165,4.8525],[119.4173,4.8471],[119.4156,4.8461]]],[[[119.409,4.8748],[119.4054,4.8759],[119.4023,4.8794],[119.4006,4.8835],[119.3967,4.8872],[119.3949,4.8879],[119.3934,4.8923],[119.3908,4.8918],[119.3883,4.8989],[119.3906,4.8998],[119.3906,4.9036],[119.3942,4.904],[119.3973,4.9063],[119.3996,4.9033],[119.4037,4.9],[119.404,4.8974],[119.4066,4.892],[119.4097,4.8819],[119.4104,4.8752],[119.409,4.8748]]],[[[119.4039,10.3509],[119.4018,10.3503],[119.3966,10.3511],[119.3985,10.3561],[119.3947,10.3569],[119.3983,10.3594],[119.3991,10.3615],[119.4022,10.3601],[119.4068,10.3597],[119.4102,10.3552],[119.4072,10.3504],[119.4039,10.3509]]],[[[119.4047,11.0736],[119.4015,11.0792],[119.3985,11.0833],[119.3951,11.0825],[119.3933,11.0847],[119.3897,11.0863],[119.3903,11.0881],[119.3877,11.0912],[119.3872,11.0938],[119.3887,11.0976],[119.3921,11.0992],[119.3953,11.096],[119.3973,11.0916],[119.402,11.0923],[119.4046,11.0906],[119.4084,11.0825],[119.4089,11.0782],[119.4072,11.0751],[119.4047,11.0736]]],[[[119.4054,11.0988],[119.4031,11.1009],[119.4016,11.1066],[119.4063,11.1078],[119.4052,11.1042],[119.4054,11.0988]]],[[[119.3961,4.6403],[119.3941,4.6406],[119.3906,4.6486],[119.3974,4.6487],[119.4001,4.6439],[119.3992,4.642],[119.3961,4.6403]]],[[[119.3938,11.1185],[119.3902,11.1208],[119.3897,11.1244],[119.3936,11.1246],[119.3948,11.1192],[119.3938,11.1185]]],[[[119.3907,4.6157],[119.384,4.6164],[119.3831,4.6182],[119.3832,4.6231],[119.3866,4.6219],[119.3881,4.6233],[119.3917,4.6228],[119.3923,4.6195],[119.3907,4.6157]]],[[[119.3843,10.2269],[119.3826,10.2315],[119.3828,10.2354],[119.3873,10.2374],[119.3848,10.2434],[119.3861,10.2467],[119.3835,10.2509],[119.3832,10.2534],[119.3879,10.2547],[119.3903,10.2498],[119.3896,10.2446],[119.3909,10.2402],[119.3897,10.2387],[119.3894,10.2341],[119.3864,10.2322],[119.3843,10.2269]]],[[[119.3718,11.199],[119.3415,11.2149],[119.3466,11.2463],[119.3597,11.2192],[119.3768,11.2255],[119.382,11.1953],[119.3718,11.199]]],[[[119.3728,11.0603],[119.3706,11.0622],[119.3707,11.0669],[119.3731,11.0694],[119.3747,11.0635],[119.3728,11.0603]]],[[[119.3582,11.2542],[119.3544,11.2573],[119.3525,11.26],[119.3506,11.2602],[119.3496,11.2638],[119.3474,11.2672],[119.3492,11.2718],[119.3523,11.2707],[119.3534,11.264],[119.3587,11.2591],[119.3582,11.2542]]],[[[119.3519,10.8297],[119.3475,10.8353],[119.3514,10.836],[119.3519,10.8297]]],[[[119.3417,10.8621],[119.3306,10.8738],[119.3458,10.8798],[119.3417,10.8621]]],[[[119.339,10.8454],[119.3417,10.8504],[119.3437,10.8489],[119.339,10.8454]]],[[[119.3381,10.9314],[119.3378,10.9355],[119.3403,10.9387],[119.3423,10.9383],[119.3406,10.9334],[119.3381,10.9314]]],[[[119.3368,11.1945],[119.3372,11.1975],[119.3357,11.2036],[119.3359,11.2072],[119.3382,11.207],[119.3399,11.2047],[119.3405,11.1987],[119.3368,11.1945]]],[[[119.3363,11.126],[119.3308,11.1278],[119.3321,11.1309],[119.3358,11.1309],[119.3363,11.126]]],[[[119.3361,11.1129],[119.327,11.1159],[119.3281,11.1182],[119.331,11.1186],[119.3359,11.1169],[119.3361,11.1129]]],[[[119.3289,10.8214],[119.328,10.822],[119.3269,10.8274],[119.3287,10.8296],[119.3339,10.8274],[119.3318,10.8262],[119.3289,10.8214]]],[[[119.3301,10.8763],[119.3254,10.8786],[119.3223,10.879],[119.3208,10.8845],[119.3263,10.8823],[119.3262,10.8792],[119.3296,10.8779],[119.3301,10.8763]]],[[[119.3272,10.2423],[119.3248,10.2437],[119.3252,10.25],[119.3275,10.2484],[119.3297,10.2433],[119.3272,10.2423]]],[[[119.3201,10.8554],[119.3182,10.8558],[119.3178,10.8597],[119.3219,10.8611],[119.3256,10.8601],[119.3274,10.8581],[119.3211,10.8567],[119.3201,10.8554]]],[[[119.3218,11.145],[119.3055,11.1452],[119.3203,11.1586],[119.3218,11.145]]],[[[119.305,10.6884],[119.3041,10.6888],[119.3035,10.6952],[119.3051,10.7014],[119.3075,10.7038],[119.3106,10.7022],[119.3126,10.7036],[119.3115,10.6949],[119.3106,10.691],[119.3084,10.6887],[119.305,10.6884]]],[[[119.3054,11.0441],[119.3038,11.0481],[119.3062,11.0486],[119.3054,11.0441]]],[[[119.3043,10.8441],[119.3038,10.8459],[119.2994,10.8459],[119.2994,10.8489],[119.3036,10.8501],[119.3043,10.8441]]],[[[119.271,10.9625],[119.271,11.0184],[119.3007,11.0187],[119.2879,10.9807],[119.2976,10.9492],[119.271,10.9625]]],[[[119.2977,11.1945],[119.2937,11.1986],[119.2936,11.2053],[119.2922,11.2086],[119.293,11.2107],[119.2921,11.2153],[119.2958,11.214],[119.2956,11.2114],[119.2976,11.2081],[119.299,11.1985],[119.2977,11.1945]]],[[[119.2888,10.919],[119.2869,10.921],[119.2903,10.9222],[119.2909,10.9245],[119.294,10.927],[119.2964,10.9247],[119.2888,10.919]]],[[[119.2771,11.1928],[119.2927,11.1785],[119.2822,11.1386],[119.2771,11.1928]]],[[[119.2781,11.1979],[119.2766,11.2015],[119.2718,11.2077],[119.272,11.2106],[119.2746,11.2135],[119.2775,11.2131],[119.2793,11.2077],[119.2778,11.2018],[119.2781,11.1979]]],[[[119.2708,11.1882],[119.2684,11.1887],[119.2666,11.1916],[119.2637,11.2034],[119.2598,11.2078],[119.2555,11.2095],[119.2549,11.211],[119.2577,11.2162],[119.2598,11.2163],[119.2574,11.2214],[119.2593,11.2264],[119.2624,11.2248],[119.2635,11.222],[119.2653,11.2215],[119.2672,11.2181],[119.2671,11.2137],[119.2687,11.2085],[119.2679,11.2057],[119.2704,11.2044],[119.2718,11.2003],[119.272,11.1949],[119.2737,11.1936],[119.2731,11.1905],[119.2708,11.1882]]],[[[119.2489,11.125],[119.2493,11.1263],[119.2572,11.1264],[119.2602,11.1226],[119.2616,11.1153],[119.2579,11.1153],[119.2539,11.1205],[119.2502,11.122],[119.2489,11.125]]],[[[119.2485,11.1295],[119.2459,11.1304],[119.2454,11.1338],[119.2404,11.1355],[119.2365,11.1392],[119.236,11.1416],[119.2412,11.1406],[119.2475,11.135],[119.2485,11.1295]]],[[[119.1998,10.5506],[119.1978,10.5551],[119.2004,10.5552],[119.2032,10.5531],[119.1998,10.5506]]],[[[119.1984,10.5644],[119.153,10.569],[119.1234,10.5492],[119.1349,10.5726],[119.1195,10.5842],[119.1605,10.5922],[119.1599,10.5726],[119.1766,10.5802],[119.1984,10.5644]]],[[[119.1827,10.4507],[119.1799,10.455],[119.175,10.4593],[119.1716,10.4591],[119.1674,10.4601],[119.1648,10.4581],[119.1628,10.4608],[119.168,10.4627],[119.1737,10.4606],[119.1765,10.4608],[119.1778,10.4573],[119.1817,10.4553],[119.1827,10.4507]]],[[[119.152,10.4924],[119.1455,10.4941],[119.1454,10.4959],[119.1425,10.4984],[119.1373,10.5],[119.1354,10.4994],[119.1332,10.4947],[119.1311,10.4996],[119.1334,10.5058],[119.1402,10.5071],[119.1415,10.5042],[119.1435,10.5043],[119.1447,10.4996],[119.1463,10.497],[119.1506,10.4954],[119.152,10.4924]]],[[[119.1476,4.7164],[119.1458,4.7215],[119.1482,4.721],[119.1476,4.7164]]],[[[119.0784,10.5021],[119.0773,10.4856],[119.0562,10.4914],[119.0631,10.5082],[119.0784,10.5021]]],[[[119.0222,10.4182],[119.0138,10.4414],[119.0278,10.4323],[119.0222,10.4182]]],[[[118.9995,10.4436],[118.9979,10.4445],[118.9981,10.4495],[118.9961,10.4529],[118.9967,10.4567],[118.999,10.4589],[119.004,10.458],[119.0012,10.4551],[119.0011,10.4523],[119.0045,10.4515],[119.0043,10.4482],[118.9995,10.4436]]],[[[118.9459,10.3299],[118.9444,10.3318],[118.9491,10.3343],[118.9501,10.333],[118.9459,10.3299]]],[[[118.9238,9.9319],[118.9203,9.9345],[118.9198,9.9373],[118.9215,9.9396],[118.9242,9.9357],[118.9238,9.9319]]],[[[118.8792,9.9094],[118.8765,9.9118],[118.8785,9.9146],[118.8801,9.9123],[118.8792,9.9094]]],[[[118.8161,9.8728],[118.8146,9.8732],[118.8136,9.8781],[118.816,9.8771],[118.8182,9.8729],[118.8161,9.8728]]],[[[118.7972,10.0276],[118.7978,10.0309],[118.7965,10.0333],[118.7986,10.0354],[118.7991,10.0289],[118.7972,10.0276]]],[[[118.7881,9.8834],[118.7853,9.8857],[118.7805,9.8852],[118.7805,9.8873],[118.7845,9.8872],[118.7881,9.8834]]],[[[118.7833,10.0937],[118.7831,10.0852],[118.7823,10.0733],[118.7802,10.0751],[118.781,10.0834],[118.7824,10.089],[118.782,10.0929],[118.7833,10.0937]]],[[[118.581,9.371],[118.5801,9.3727],[118.581,9.3763],[118.5846,9.377],[118.5846,9.375],[118.581,9.371]]],[[[118.4294,6.9902],[118.4212,7.0232],[118.4534,7.0365],[118.4799,7.0279],[118.5096,7.0488],[118.5267,7.0322],[118.5117,6.9794],[118.5334,6.9637],[118.4294,6.9902]]],[[[118.449,9.2153],[118.4446,9.2154],[118.44,9.2196],[118.4375,9.2244],[118.438,9.2295],[118.4437,9.2278],[118.4455,9.2301],[118.4496,9.2263],[118.4531,9.2196],[118.4523,9.2178],[118.449,9.2153]]],[[[118.4491,6.0999],[118.4455,6.1005],[118.444,6.1048],[118.4499,6.1061],[118.4491,6.0999]]],[[[118.438,7.083],[118.4362,7.0835],[118.4361,7.0866],[118.4373,7.0882],[118.4406,7.0868],[118.44,7.0832],[118.438,7.083]]],[[[118.4357,9.2403],[118.4337,9.2421],[118.4336,9.2457],[118.4364,9.2457],[118.4368,9.2426],[118.4357,9.2403]]],[[[118.425,7.1218],[118.4216,7.1228],[118.4209,7.1248],[118.4245,7.1259],[118.4267,7.1245],[118.425,7.1218]]],[[[118.4171,7.1691],[118.4152,7.1712],[118.4148,7.1761],[118.419,7.1771],[118.4218,7.1789],[118.4237,7.1766],[118.4201,7.175],[118.4199,7.1714],[118.4171,7.1691]]],[[[118.4146,7.0118],[118.4144,7.0183],[118.4082,7.0204],[118.4095,7.0245],[118.4113,7.0254],[118.4162,7.0232],[118.4151,7.0158],[118.416,7.0132],[118.4146,7.0118]]],[[[118.4078,6.8842],[118.4058,6.8867],[118.4065,6.889],[118.4088,6.8895],[118.4102,6.8872],[118.4078,6.8842]]],[[[118.3951,6.8706],[118.3937,6.872],[118.3941,6.8774],[118.3987,6.8797],[118.4005,6.8787],[118.401,6.8753],[118.3987,6.8711],[118.3951,6.8706]]],[[[118.3097,6.071],[118.3083,6.0725],[118.3094,6.0766],[118.3141,6.0815],[118.3136,6.0848],[118.3172,6.0862],[118.3198,6.0861],[118.3212,6.0825],[118.3207,6.0804],[118.3184,6.0786],[118.3177,6.0735],[118.3131,6.0731],[118.3097,6.071]]],[[[118.1599,9.0832],[118.1567,9.0846],[118.1548,9.0889],[118.1584,9.0889],[118.1603,9.0869],[118.1599,9.0832]]],[[[118.1376,9.0634],[118.1347,9.0638],[118.1338,9.0669],[118.1363,9.0687],[118.1383,9.0686],[118.1404,9.0659],[118.1376,9.0634]]],[[[118.1186,6.1833],[118.1147,6.185],[118.1148,6.1863],[118.1202,6.1903],[118.1241,6.1899],[118.1241,6.1865],[118.1186,6.1833]]],[[[118.0955,9.0476],[118.0932,9.0508],[118.0978,9.0527],[118.0981,9.0495],[118.0955,9.0476]]],[[[118.0871,9.3535],[118.0841,9.3563],[118.0872,9.3573],[118.0885,9.3549],[118.0871,9.3535]]],[[[118.0756,6.2805],[118.0714,6.2806],[118.0707,6.2823],[118.0764,6.2856],[118.0771,6.2892],[118.0818,6.2892],[118.0828,6.2836],[118.0756,6.2805]]],[[[118.0646,6.2274],[118.0677,6.2338],[118.0696,6.2355],[118.0721,6.2346],[118.0724,6.2318],[118.069,6.2304],[118.0646,6.2274]]],[[[118.0036,9.2869],[118.0008,9.287],[117.9999,9.291],[117.9977,9.2959],[118.001,9.2975],[118.0017,9.2931],[118.0036,9.2869]]],[[[117.9621,9.3002],[117.9649,9.2981],[117.9674,9.2924],[117.9667,9.2911],[117.9612,9.294],[117.9611,9.2983],[117.9621,9.3002]]],[[[117.9454,9.2664],[117.9431,9.2675],[117.9431,9.2703],[117.9469,9.269],[117.9454,9.2664]]],[[[117.9395,9.285],[117.9416,9.2899],[117.9452,9.2925],[117.9456,9.2904],[117.9413,9.2859],[117.9395,9.285]]],[[[117.9382,9.2775],[117.9352,9.2814],[117.9381,9.2842],[117.9382,9.2775]]],[[[117.8917,9.2578],[117.8909,9.2592],[117.8876,9.259],[117.8868,9.2614],[117.8896,9.2624],[117.8917,9.2578]]],[[[117.8551,9.2424],[117.8496,9.2432],[117.8494,9.245],[117.8592,9.2483],[117.8598,9.246],[117.8551,9.2424]]],[[[117.5155,8.3376],[117.515,8.3416],[117.5207,8.3432],[117.519,8.3398],[117.5155,8.3376]]],[[[117.5071,8.6212],[117.5061,8.6252],[117.5107,8.6274],[117.5132,8.6265],[117.512,8.6235],[117.5071,8.6212]]],[[[117.4328,8.4378],[117.4294,8.4392],[117.4328,8.4416],[117.4359,8.4399],[117.4328,8.4378]]],[[[117.4316,8.4942],[117.4279,8.4959],[117.4269,8.4998],[117.4292,8.5003],[117.4316,8.4987],[117.4336,8.4949],[117.4316,8.4942]]],[[[117.4202,8.7823],[117.4195,8.7862],[117.4236,8.7862],[117.4241,8.7838],[117.4202,8.7823]]],[[[117.4093,8.5338],[117.4056,8.5354],[117.4042,8.5392],[117.4073,8.539],[117.4097,8.5359],[117.4093,8.5338]]],[[[117.3754,8.4992],[117.3714,8.5006],[117.3699,8.5037],[117.372,8.5081],[117.3744,8.5088],[117.3756,8.5121],[117.3811,8.511],[117.3848,8.505],[117.3837,8.5015],[117.3798,8.4997],[117.3754,8.4992]]],[[[117.2707,8.2486],[117.2789,8.3227],[117.3067,8.3114],[117.3115,8.3304],[117.3436,8.308],[117.3525,8.282],[117.3358,8.195],[117.2936,8.1773],[117.3014,8.1888],[117.266,8.2153],[117.2861,8.235],[117.2715,8.2313],[117.2707,8.2486]]],[[[117.3105,8.3447],[117.3105,8.3475],[117.3149,8.3523],[117.3175,8.3491],[117.317,8.3469],[117.3126,8.3466],[117.3105,8.3447]]],[[[117.3138,7.5076],[117.3094,7.5071],[117.3076,7.5102],[117.312,7.5129],[117.3145,7.5128],[117.3154,7.511],[117.3138,7.5076]]],[[[117.3003,7.5234],[117.3073,7.5221],[117.3055,7.5204],[117.3022,7.5203],[117.2991,7.5217],[117.3003,7.5234]]],[[[117.2812,8.1784],[117.278,8.1827],[117.2818,8.1826],[117.2812,8.1784]]],[[[117.2449,8.3133],[117.2591,8.3135],[117.2559,8.2879],[117.1782,8.26],[117.1742,8.2813],[117.2197,8.3163],[117.2183,8.3043],[117.2449,8.3133]]],[[[117.255,8.1672],[117.2472,8.1672],[117.2416,8.1687],[117.2373,8.1725],[117.2372,8.1749],[117.2398,8.1768],[117.2506,8.1756],[117.2528,8.1728],[117.255,8.1672]]],[[[117.2374,8.5494],[117.2356,8.5499],[117.238,8.5553],[117.241,8.556],[117.2392,8.5508],[117.2374,8.5494]]],[[[117.2264,8.3212],[117.2255,8.3257],[117.2277,8.328],[117.2286,8.3339],[117.2305,8.3388],[117.234,8.3365],[117.234,8.3336],[117.2317,8.3288],[117.229,8.327],[117.2264,8.3212]]],[[[117.2307,8.1524],[117.2297,8.154],[117.2214,8.1546],[117.2194,8.1553],[117.2199,8.1597],[117.2222,8.1627],[117.2273,8.1635],[117.2321,8.1563],[117.2307,8.1524]]],[[[117.2253,7.8226],[117.2191,7.8244],[117.2127,7.8234],[117.2158,7.8316],[117.2199,7.8279],[117.2235,7.8266],[117.2253,7.8226]]],[[[117.2228,8.3161],[117.2202,8.3169],[117.2202,8.319],[117.2237,8.3192],[117.2228,8.3161]]],[[[117.1776,8.1487],[117.1482,8.1514],[117.1324,8.1782],[117.1888,8.1787],[117.2061,8.1535],[117.1776,8.1487]]],[[[117.1813,8.3022],[117.1829,8.3084],[117.1843,8.3079],[117.1842,8.3033],[117.1813,8.3022]]],[[[117.1692,8.2783],[117.1672,8.2793],[117.1652,8.2837],[117.1691,8.285],[117.1705,8.2807],[117.1692,8.2783]]],[[[117.1507,8.1121],[117.1484,8.1121],[117.1435,8.1147],[117.1419,8.1174],[117.1378,8.1195],[117.1333,8.1262],[117.1307,8.1324],[117.1312,8.1347],[117.1362,8.1257],[117.1406,8.1226],[117.1468,8.121],[117.1489,8.1193],[117.1551,8.1171],[117.1564,8.1135],[117.1507,8.1121]]],[[[117.1265,8.2785],[117.1236,8.2807],[117.1208,8.2809],[117.1221,8.2845],[117.1257,8.2877],[117.1281,8.2842],[117.1265,8.2785]]],[[[117.0988,8.2473],[117.1264,8.2156],[117.0837,8.2167],[117.0804,8.2461],[117.0988,8.2473]]],[[[117.1034,8.0711],[117.0995,8.0718],[117.0986,8.0736],[117.1003,8.0787],[117.1009,8.0829],[117.1039,8.0924],[117.1078,8.0924],[117.1087,8.0878],[117.1113,8.0834],[117.1114,8.0798],[117.1095,8.0764],[117.1095,8.0733],[117.108,8.0714],[117.1034,8.0711]]],[[[117.0167,7.8038],[116.9931,7.831],[117.0028,7.8542],[116.9309,7.9361],[116.9466,7.9246],[116.9823,7.9599],[116.964,7.9795],[116.9717,7.9939],[116.9531,8.0001],[116.9668,8.0545],[116.9749,8.0022],[116.9743,8.0184],[117.01,8.0391],[116.9999,8.0617],[117.0337,8.0638],[117.0328,8.0491],[117.0506,8.0741],[117.0568,8.059],[117.0729,8.0749],[117.0784,8.0192],[117.0622,8.0138],[117.077,8.0028],[117.0369,8.0101],[117.0301,7.9901],[117.0756,7.9916],[117.0872,7.9091],[117.0673,7.8952],[117.0773,7.8717],[117.0604,7.8413],[117.0302,7.8136],[117.0082,7.8243],[117.0167,7.8038]]],[[[117.0791,8.082],[117.077,8.0825],[117.0748,8.0857],[117.0741,8.0906],[117.0767,8.0898],[117.08,8.0849],[117.0791,8.082]]],[[[117.0175,8.1223],[117.033,8.1299],[117.052,8.1138],[117.046,8.0851],[117.0196,8.0721],[117.0077,8.0777],[117.014,8.0945],[116.9931,8.0924],[117.0175,8.1223]]],[[[117.0273,8.1701],[117.0152,8.1745],[117.0118,8.1766],[117.0118,8.1799],[117.0188,8.1762],[117.0286,8.1723],[117.0273,8.1701]]],[[[116.9883,7.8488],[116.989,7.8524],[116.9919,7.8502],[116.9883,7.8488]]],[[[116.9865,8.0793],[116.9848,8.0862],[116.9883,8.0875],[116.9885,8.0839],[116.9865,8.0793]]],[[[116.9598,7.9566],[116.9614,7.9589],[116.9658,7.9567],[116.9622,7.9546],[116.9598,7.9566]]]]}},{"type":"Feature","properties":{"NAM_0":"Sri Lanka"},"geometry":{"type":"MultiPolygon","coordinates":[[[[81.8203,7.4515],[81.8652,7.3303],[81.8572,7.1241],[81.8787,7.0256],[81.8445,6.8993],[81.8312,6.9009],[81.8357,6.8845],[81.8476,6.898],[81.8464,6.8728],[81.8315,6.8572],[81.811,6.8674],[81.8398,6.8408],[81.8231,6.8169],[81.8233,6.7689],[81.8037,6.7702],[81.8262,6.7651],[81.7722,6.6703],[81.7629,6.5984],[81.7153,6.5474],[81.7249,6.5378],[81.705,6.5046],[81.6458,6.4449],[81.6147,6.4264],[81.5973,6.4345],[81.6197,6.4212],[81.5991,6.4006],[81.5063,6.3538],[81.4819,6.3128],[81.4395,6.2967],[81.3249,6.2021],[81.1921,6.1626],[81.2203,6.182],[81.1999,6.2005],[81.2146,6.1782],[81.1837,6.1903],[81.1838,6.1597],[81.131,6.1235],[81.0033,6.1038],[80.9054,6.0662],[80.8892,6.0855],[80.8787,6.0756],[80.892,6.0663],[80.8634,6.0458],[80.8039,6.0379],[80.7182,5.9627],[80.6512,5.9578],[80.5941,5.9222],[80.5416,5.9489],[80.4543,5.9437],[80.4391,5.9749],[80.4187,5.959],[80.3713,5.9696],[80.3363,5.9849],[80.3484,5.9981],[80.3195,6.022],[80.3165,6.0026],[80.336,5.9852],[80.2432,6.0085],[80.2384,6.0352],[80.2177,6.0266],[80.1001,6.1334],[80.1032,6.1535],[80.1228,6.1446],[80.1226,6.1634],[80.0991,6.1504],[80.0631,6.1936],[80.0531,6.2302],[80.0812,6.2296],[80.0534,6.2314],[80.0383,6.2575],[80.0284,6.334],[79.975,6.4618],[79.9819,6.5128],[79.9592,6.5891],[79.9905,6.6281],[80.0248,6.6271],[80.0285,6.6033],[80.0283,6.6235],[80.0104,6.637],[79.9895,6.6296],[79.9547,6.5891],[79.8875,6.7735],[79.9169,6.76],[79.9101,6.747],[79.9625,6.743],[79.9241,6.7512],[79.9047,6.7955],[79.9051,6.7763],[79.8862,6.7774],[79.9014,6.7189],[79.8403,6.9378],[79.8745,6.9814],[79.8812,6.9565],[79.9003,6.958],[79.8828,6.9564],[79.8852,6.9792],[79.8695,6.9817],[79.8173,7.203],[79.8296,7.2009],[79.8554,7.0822],[79.8771,7.113],[79.8632,7.1761],[79.8289,7.2092],[79.8524,7.2734],[79.7895,7.5383],[79.7984,7.6937],[79.7058,8.0576],[79.6923,8.2104],[79.7305,8.2322],[79.7752,8.3738],[79.7854,8.3705],[79.7528,8.2913],[79.7607,8.2618],[79.7294,8.2299],[79.7776,8.2589],[79.7691,8.2172],[79.7328,8.2215],[79.7491,8.1825],[79.7281,8.1379],[79.7311,8.0853],[79.7538,8.065],[79.7362,8.0157],[79.7488,7.9915],[79.8104,7.9777],[79.824,7.918],[79.8191,7.9972],[79.836,8.0109],[79.7929,8.0708],[79.8039,8.0662],[79.8239,8.1235],[79.8392,8.1243],[79.8186,8.2064],[79.7991,8.2222],[79.8102,8.2256],[79.7902,8.232],[79.8101,8.2381],[79.8335,8.2923],[79.8447,8.2729],[79.8519,8.2844],[79.8371,8.341],[79.8687,8.5303],[79.9281,8.5639],[79.9187,8.5887],[79.9459,8.6292],[79.9593,8.7265],[79.9194,8.8137],[79.9323,8.8871],[79.891,8.9564],[79.9223,8.9148],[79.904,8.9418],[79.9131,8.9571],[79.923,8.9472],[79.9157,8.9752],[79.888,8.9647],[79.8154,9.033],[79.6971,9.0893],[79.7065,9.1031],[79.7527,9.1061],[79.8651,9.0708],[79.9259,9.0125],[79.8704,9.0368],[79.9252,8.9838],[79.9223,8.9387],[79.936,8.929],[79.9483,8.9382],[79.9318,8.9437],[79.9939,8.9874],[80.0209,9.001],[80.0354,8.9921],[80.0341,9.0108],[80.0641,9.0337],[80.0832,9.1389],[80.1197,9.198],[80.1103,9.2761],[80.1327,9.2991],[80.0668,9.3332],[80.0538,9.3912],[80.156,9.4461],[80.1687,9.4301],[80.1613,9.454],[80.1853,9.4812],[80.1502,9.5323],[80.0535,9.5982],[80.0602,9.6113],[80.1731,9.5423],[80.1954,9.5454],[80.1986,9.567],[80.1957,9.5405],[80.2266,9.5398],[80.2818,9.4995],[80.2794,9.4893],[80.2485,9.5021],[80.2768,9.4774],[80.2379,9.4733],[80.2789,9.4558],[80.3103,9.4606],[80.3078,9.4758],[80.3293,9.4556],[80.3399,9.4739],[80.3669,9.472],[80.3907,9.4847],[80.3928,9.5144],[80.4057,9.5188],[80.3827,9.5149],[80.2903,9.5956],[80.171,9.6561],[80.1566,9.6456],[80.1694,9.6474],[80.1731,9.6284],[80.1594,9.6239],[80.1929,9.6248],[80.1903,9.6065],[80.1701,9.6089],[80.2036,9.5814],[80.0703,9.6636],[80.1314,9.6067],[80.0052,9.6619],[79.9738,9.6126],[79.9175,9.6327],[79.9051,9.6156],[79.8624,9.6069],[79.8572,9.568],[79.8048,9.5769],[79.8106,9.6252],[79.835,9.5941],[79.8475,9.5973],[79.8413,9.6086],[79.8233,9.6121],[79.8438,9.6197],[79.8618,9.6072],[79.8921,9.6234],[79.8688,9.6393],[79.8409,9.7032],[79.8862,9.6995],[79.8995,9.6696],[79.9343,9.6774],[79.9247,9.6623],[79.9672,9.6323],[80.0049,9.662],[79.9985,9.6869],[79.9804,9.6853],[79.967,9.7057],[79.9449,9.6898],[79.92,9.744],[79.8934,9.7402],[79.8799,9.7037],[79.8507,9.714],[79.8608,9.7599],[79.8979,9.7668],[79.8941,9.7412],[79.92,9.7444],[79.9056,9.7614],[79.9127,9.776],[80.0147,9.816],[80.1025,9.809],[80.1326,9.8204],[80.1305,9.7798],[80.1396,9.8251],[80.2511,9.8262],[80.364,9.6625],[80.6719,9.4191],[80.6622,9.4081],[80.6271,9.4323],[80.7144,9.3543],[80.6739,9.4176],[80.8125,9.2916],[80.8825,9.1272],[80.845,9.1613],[80.824,9.1485],[80.8645,9.1375],[80.8713,9.1053],[80.8847,9.1259],[80.9632,8.9924],[80.9506,8.988],[80.8925,9.0498],[80.8767,9.0246],[80.9019,8.9998],[80.9226,9.0094],[80.9155,8.9787],[80.9299,8.9712],[80.9063,8.9681],[80.9057,8.9491],[80.9439,8.9287],[80.9398,8.9421],[80.9639,8.9501],[80.9675,8.9857],[81.0033,8.935],[80.9934,8.9261],[81.009,8.9351],[81.0152,8.8939],[81.0182,8.9122],[81.0712,8.8586],[81.0613,8.8423],[81.046,8.8519],[81.0546,8.8347],[81.0733,8.8369],[81.0847,8.8593],[81.1194,8.7931],[81.0951,8.8132],[81.1005,8.7977],[81.1743,8.734],[81.1585,8.7285],[81.1453,8.7433],[81.1376,8.731],[81.1665,8.7266],[81.1805,8.6642],[81.1917,8.6754],[81.1626,8.7142],[81.1766,8.7291],[81.2257,8.6531],[81.2266,8.6275],[81.1995,8.6183],[81.2197,8.6211],[81.2317,8.5815],[81.2458,8.5829],[81.2449,8.5443],[81.2216,8.5427],[81.2342,8.5615],[81.2105,8.5719],[81.2201,8.5841],[81.1986,8.5778],[81.1926,8.5541],[81.2055,8.5561],[81.1938,8.5458],[81.2102,8.5091],[81.1861,8.5119],[81.1848,8.5363],[81.1776,8.5259],[81.153,8.547],[81.1105,8.493],[81.1465,8.4744],[81.1488,8.5049],[81.1722,8.5113],[81.1746,8.4953],[81.1908,8.5059],[81.2012,8.4605],[81.1885,8.4474],[81.2081,8.4675],[81.2492,8.4548],[81.2762,8.4652],[81.2875,8.451],[81.2898,8.4648],[81.2764,8.457],[81.2806,8.5075],[81.3174,8.5253],[81.3538,8.4957],[81.3928,8.3596],[81.3762,8.364],[81.3551,8.4155],[81.3393,8.3988],[81.3646,8.3475],[81.3714,8.3619],[81.3774,8.3392],[81.3899,8.3557],[81.4115,8.2301],[81.4707,8.0478],[81.5014,8.0021],[81.5311,7.9834],[81.5535,7.9876],[81.5388,7.9642],[81.5233,7.9659],[81.4714,8.007],[81.5385,7.9446],[81.5109,7.9011],[81.5472,7.8283],[81.5128,7.8307],[81.5112,7.8093],[81.5509,7.8322],[81.5251,7.8645],[81.516,7.9222],[81.5572,7.9428],[81.5817,7.9216],[81.5637,7.8995],[81.5778,7.85],[81.6022,7.8257],[81.6202,7.8282],[81.7055,7.7206],[81.7001,7.7518],[81.7785,7.6199],[81.8203,7.4515]],[[81.2876,8.4509],[81.301,8.4473],[81.3021,8.4624],[81.2876,8.4509]],[[79.8521,7.2753],[79.8519,7.2764],[79.8554,7.2776],[79.8565,7.2753],[79.8565,7.2753],[79.8554,7.278],[79.8518,7.278],[79.8518,7.2761],[79.8521,7.2753]]],[[[81.5328,7.9311],[81.5262,7.9333],[81.5279,7.9357],[81.5305,7.9359],[81.5331,7.9418],[81.5362,7.94],[81.5403,7.9415],[81.5458,7.9464],[81.5494,7.9414],[81.5469,7.94],[81.5458,7.9369],[81.5434,7.9364],[81.5396,7.9329],[81.5328,7.9311]]],[[[81.5401,7.9438],[81.5391,7.9456],[81.5341,7.9475],[81.5348,7.9508],[81.5365,7.9527],[81.5361,7.9562],[81.5314,7.9588],[81.5277,7.9637],[81.5293,7.9649],[81.5357,7.966],[81.5368,7.9632],[81.5391,7.9634],[81.5405,7.957],[81.5447,7.9467],[81.5401,7.9438]]],[[[81.3685,8.3628],[81.3671,8.364],[81.368,8.3748],[81.3721,8.3717],[81.3736,8.3676],[81.3714,8.3641],[81.3685,8.3628]]],[[[81.2099,8.5393],[81.2079,8.5393],[81.2058,8.544],[81.2068,8.5467],[81.2097,8.549],[81.2136,8.5476],[81.2121,8.5438],[81.2133,8.5407],[81.2099,8.5393]]],[[[81.1276,8.4844],[81.1309,8.4899],[81.1314,8.4858],[81.1276,8.4844]]],[[[80.9592,8.985],[80.9581,8.9849],[80.9598,8.9851],[80.9593,8.985],[80.9592,8.985]]],[[[80.8759,9.1197],[80.8749,9.1221],[80.8807,9.1228],[80.8793,9.1205],[80.8759,9.1197]]],[[[80.3242,6.0012],[80.3221,6.0028],[80.3229,6.005],[80.3259,6.003],[80.3242,6.0012]]],[[[80.3062,9.4634],[80.3041,9.4655],[80.3015,9.4663],[80.3002,9.4643],[80.2967,9.4652],[80.2937,9.4687],[80.2898,9.4692],[80.289,9.4706],[80.2914,9.4733],[80.2941,9.4711],[80.2945,9.4691],[80.2994,9.4692],[80.3033,9.4683],[80.3062,9.4634]]],[[[80.2904,9.4591],[80.2876,9.4606],[80.2859,9.468],[80.2914,9.4679],[80.2936,9.4668],[80.2939,9.4629],[80.2924,9.46],[80.2904,9.4591]]],[[[80.2717,9.4659],[80.2691,9.4661],[80.2675,9.4698],[80.2714,9.4701],[80.2717,9.4659]]],[[[80.2646,9.4641],[80.26,9.4654],[80.2618,9.47],[80.2636,9.4698],[80.2646,9.4641]]],[[[80.2505,9.5183],[80.2419,9.5246],[80.2435,9.5253],[80.2469,9.5239],[80.2487,9.52],[80.2505,9.5183]]],[[[80.2004,9.6211],[80.1965,9.6215],[80.1963,9.6238],[80.1994,9.624],[80.1965,9.6279],[80.2004,9.6298],[80.2046,9.6295],[80.2056,9.631],[80.209,9.6308],[80.2055,9.6251],[80.2046,9.6224],[80.2004,9.6211]]],[[[80.2036,9.5923],[80.1968,9.5935],[80.195,9.5959],[80.1984,9.5975],[80.1994,9.5952],[80.2023,9.5952],[80.2036,9.5923]]],[[[80.1624,9.6444],[80.1604,9.6446],[80.1596,9.6474],[80.1614,9.6482],[80.1624,9.6444]]],[[[80.1046,9.594],[80.0976,9.595],[80.0948,9.5981],[80.1046,9.594]]],[[[80.0883,9.3114],[80.0794,9.3128],[80.0749,9.318],[80.0755,9.3204],[80.0784,9.3204],[80.0792,9.3184],[80.0825,9.3199],[80.0838,9.3165],[80.088,9.3142],[80.0883,9.3114]]],[[[80.0867,9.5984],[80.0813,9.6],[80.0722,9.6045],[80.0662,9.6094],[80.0706,9.6095],[80.0708,9.6083],[80.0745,9.6059],[80.0768,9.6032],[80.0867,9.5984]]],[[[80.0696,6.2275],[80.0663,6.2285],[80.0662,6.232],[80.0694,6.2338],[80.0708,6.2292],[80.0696,6.2275]]],[[[80.0578,9.3296],[80.0533,9.3322],[80.0522,9.3394],[80.0539,9.3453],[80.0566,9.3461],[80.0552,9.3381],[80.0558,9.3335],[80.0578,9.3296]]],[[[80.0331,8.9969],[80.0302,8.9984],[80.0263,8.9969],[80.0233,9.0001],[80.0242,9.0037],[80.0234,9.0078],[80.0265,9.0122],[80.0283,9.013],[80.0291,9.0094],[80.0322,9.0084],[80.0351,9.005],[80.0355,8.9991],[80.0331,8.9969]]],[[[80.0115,9.4656],[80.0094,9.4666],[80.0101,9.472],[80.0041,9.48],[80.0047,9.4838],[80.0081,9.485],[80.0128,9.4851],[80.0175,9.4818],[80.0181,9.4795],[80.0173,9.4743],[80.0142,9.4702],[80.0144,9.4671],[80.0115,9.4656]]],[[[80.0136,9.6411],[80.0102,9.642],[80.0053,9.6449],[80.0045,9.6478],[80.0068,9.6483],[80.0097,9.6439],[80.0136,9.6411]]],[[[80.0048,9.6291],[79.9999,9.6319],[80.0001,9.6349],[80.0058,9.6331],[80.0048,9.6291]]],[[[79.988,9.5971],[79.9685,9.6055],[79.9849,9.6103],[79.9895,9.6341],[80.0056,9.6284],[79.988,9.5971]]],[[[79.9988,9.2699],[79.9709,9.2876],[79.9842,9.3066],[80.0053,9.2869],[79.9988,9.2699]]],[[[80.0051,9.6378],[79.9941,9.641],[79.9924,9.6433],[79.9952,9.6467],[79.9972,9.6472],[80.0009,9.6452],[80.0011,9.6426],[80.0051,9.6378]]],[[[79.9952,6.4325],[79.9942,6.4324],[79.9909,6.4389],[79.9887,6.442],[79.9909,6.4422],[79.9931,6.4386],[79.9952,6.4325]]],[[[79.9359,9.6704],[79.9347,9.672],[79.9357,9.6746],[79.9353,9.6793],[79.9379,9.678],[79.9391,9.6749],[79.9359,9.6704]]],[[[79.9183,8.8044],[79.917,8.8055],[79.9168,8.8096],[79.9142,8.8147],[79.9164,8.8165],[79.918,8.8104],[79.9183,8.8044]]],[[[79.9081,9.7458],[79.9041,9.7482],[79.9034,9.7511],[79.9083,9.7506],[79.9098,9.747],[79.9081,9.7458]]],[[[79.8936,9.7282],[79.8905,9.7307],[79.8915,9.7345],[79.8928,9.735],[79.8946,9.7307],[79.8936,9.7282]]],[[[79.8886,9.4375],[79.8865,9.4377],[79.8844,9.4407],[79.8886,9.4407],[79.8886,9.4375]]],[[[79.8597,9.6186],[79.8581,9.6187],[79.8556,9.6218],[79.8554,9.6246],[79.8534,9.6259],[79.8522,9.6295],[79.8617,9.6272],[79.8628,9.6232],[79.8601,9.6223],[79.8597,9.6186]]],[[[79.8337,7.1931],[79.8324,7.1997],[79.835,7.2002],[79.8346,7.1948],[79.8337,7.1931]]],[[[79.8195,7.9651],[79.8144,7.9732],[79.8157,7.9743],[79.8181,7.9794],[79.8223,7.9802],[79.8214,7.976],[79.8227,7.9698],[79.8195,7.9651]]],[[[79.8124,9.6852],[79.8097,9.6868],[79.8076,9.6925],[79.8076,9.6961],[79.8088,9.6995],[79.8098,9.7098],[79.8123,9.7149],[79.8145,9.7155],[79.8149,9.7113],[79.8138,9.7093],[79.8117,9.701],[79.8123,9.6974],[79.8138,9.6948],[79.8124,9.6852]]],[[[79.8099,8.4036],[79.8042,8.4051],[79.806,8.408],[79.8099,8.4036]]],[[[79.8091,8.1652],[79.8076,8.1675],[79.8061,8.1739],[79.8085,8.1734],[79.8076,8.1706],[79.8091,8.1652]]],[[[79.8068,8.0725],[79.8023,8.0753],[79.8047,8.0774],[79.8078,8.0757],[79.8068,8.0725]]],[[[79.8042,8.3283],[79.803,8.3309],[79.803,8.3366],[79.8044,8.3366],[79.8042,8.3283]]],[[[79.8016,8.4157],[79.7996,8.4226],[79.7997,8.426],[79.8021,8.4257],[79.8009,8.4203],[79.8016,8.4157]]],[[[79.7998,9.5798],[79.7975,9.5803],[79.7967,9.5827],[79.7932,9.5863],[79.7962,9.5888],[79.7967,9.5919],[79.802,9.5878],[79.8012,9.5816],[79.7998,9.5798]]],[[[79.7943,9.5913],[79.7913,9.5919],[79.7921,9.5976],[79.794,9.5986],[79.7968,9.5971],[79.797,9.5932],[79.7943,9.5913]]],[[[79.7939,8.4518],[79.7776,8.4947],[79.7874,8.5223],[79.7802,8.4914],[79.7939,8.4518]]],[[[79.7935,9.6783],[79.7913,9.6826],[79.7914,9.6886],[79.7936,9.6881],[79.793,9.6816],[79.7935,9.6783]]],[[[79.7762,9.6439],[79.7633,9.6578],[79.7826,9.6871],[79.7762,9.6439]]],[[[79.7775,8.2678],[79.775,8.2689],[79.7756,8.2709],[79.779,8.27],[79.7775,8.2678]]],[[[79.7738,9.5844],[79.7617,9.6073],[79.7706,9.6221],[79.7738,9.5844]]],[[[79.7044,9.4756],[79.6576,9.502],[79.6592,9.5561],[79.7237,9.5273],[79.7297,9.4837],[79.7044,9.4756]]],[[[79.6903,9.0763],[79.6864,9.0762],[79.6862,9.0787],[79.6903,9.0782],[79.6903,9.0763]]],[[[79.6569,9.0702],[79.6545,9.0705],[79.6551,9.0732],[79.6618,9.0738],[79.6644,9.0751],[79.6691,9.075],[79.6691,9.0727],[79.6602,9.0718],[79.6569,9.0702]]],[[[79.6387,9.0667],[79.6416,9.0707],[79.6452,9.0699],[79.6387,9.0667]]],[[[79.625,9.0665],[79.6227,9.0707],[79.6271,9.0709],[79.6278,9.0688],[79.625,9.0665]]],[[[79.5332,9.0988],[79.5333,9.0998],[79.5333,9.1029],[79.5333,9.1037],[79.535,9.1013],[79.5332,9.0988]]],[[[79.5272,9.3836],[79.5236,9.3842],[79.5216,9.3888],[79.522,9.3925],[79.5254,9.3934],[79.5305,9.3876],[79.5296,9.3837],[79.5272,9.3836]]]]}},{"type":"Feature","properties":{"NAM_0":"Senegal"},"geometry":{"type":"MultiPolygon","coordinates":[[[[-11.8871,13.3853],[-11.8293,13.3303],[-11.8305,13.3092],[-11.8156,13.309],[-11.765,13.3421],[-11.7357,13.4149],[-11.7054,13.4152],[-11.6892,13.3895],[-11.6249,13.3931],[-11.6372,13.3643],[-11.5964,13.3664],[-11.5887,13.3105],[-11.522,13.2581],[-11.5425,13.2131],[-11.5343,13.1983],[-11.4998,13.1937],[-11.5158,13.1485],[-11.4786,13.1],[-11.4258,13.0837],[-11.4355,13.0568],[-11.3957,13.0063],[-11.4161,12.9988],[-11.4111,12.9699],[-11.383,12.9678],[-11.3818,12.9938],[-11.3567,12.9816],[-11.3459,12.9433],[-11.3976,12.9304],[-11.3863,12.9056],[-11.4101,12.8482],[-11.4022,12.8266],[-11.3816,12.8307],[-11.3827,12.7805],[-11.398,12.7745],[-11.3633,12.7322],[-11.4237,12.7289],[-11.4242,12.6984],[-11.4381,12.7018],[-11.448,12.6748],[-11.4131,12.6506],[-11.4073,12.6268],[-11.4241,12.613],[-11.4031,12.5888],[-11.4479,12.5484],[-11.4308,12.55],[-11.4105,12.522],[-11.4071,12.5416],[-11.3868,12.5386],[-11.3827,12.4921],[-11.3683,12.4878],[-11.364,12.51],[-11.3542,12.4943],[-11.3526,12.4645],[-11.3749,12.4542],[-11.3637,12.4327],[-11.3838,12.4057],[-11.4007,12.4077],[-11.414,12.4346],[-11.4753,12.4524],[-11.6413,12.4338],[-11.6861,12.4037],[-11.7696,12.3823],[-11.8049,12.4034],[-11.8476,12.393],[-11.8999,12.4491],[-11.9706,12.4051],[-12.0157,12.4026],[-12.0615,12.4332],[-12.1129,12.4177],[-12.1777,12.3604],[-12.2511,12.3527],[-12.3595,12.3073],[-12.4033,12.3852],[-12.4962,12.4095],[-12.5643,12.3665],[-12.583,12.4096],[-12.6,12.4047],[-12.6283,12.437],[-12.7652,12.4354],[-12.7537,12.468],[-12.8451,12.4945],[-12.8355,12.5181],[-12.8757,12.531],[-12.8933,12.5552],[-12.9492,12.5278],[-12.9447,12.4756],[-12.9742,12.4663],[-13.062,12.4855],[-13.0711,12.5377],[-13.0458,12.5861],[-13.0648,12.6442],[-13.0938,12.6266],[-13.1368,12.6453],[-13.1782,12.6277],[-13.2088,12.6542],[-13.229,12.6403],[-13.2811,12.6564],[-13.3186,12.6417],[-13.3316,12.6584],[-13.4833,12.6749],[-15.1998,12.6869],[-15.334,12.6114],[-15.4078,12.5483],[-15.6796,12.4261],[-15.8912,12.4495],[-15.9569,12.4406],[-16.066,12.4756],[-16.1595,12.4505],[-16.2032,12.4619],[-16.3866,12.3719],[-16.392,12.3941],[-16.4328,12.3924],[-16.4254,12.4238],[-16.4068,12.4197],[-16.4201,12.4416],[-16.4515,12.445],[-16.4322,12.4711],[-16.3843,12.4874],[-16.391,12.4609],[-16.3699,12.4954],[-16.3295,12.4554],[-16.3555,12.499],[-16.3296,12.5064],[-16.3423,12.518],[-16.3967,12.4886],[-16.4428,12.4921],[-16.4577,12.5189],[-16.4764,12.5217],[-16.4771,12.5705],[-16.4545,12.5437],[-16.4571,12.5192],[-16.4402,12.5359],[-16.3748,12.5302],[-16.3723,12.5445],[-16.3285,12.5536],[-16.2915,12.5878],[-16.2521,12.5884],[-16.2331,12.5659],[-16.2285,12.5899],[-16.1952,12.5814],[-16.2082,12.556],[-16.1896,12.5486],[-16.1912,12.5275],[-16.1811,12.5352],[-16.1953,12.5643],[-16.1831,12.5748],[-16.0094,12.6362],[-15.9836,12.626],[-15.9624,12.5891],[-15.9215,12.5743],[-15.8759,12.5797],[-15.8504,12.5639],[-15.8552,12.5778],[-15.8139,12.5515],[-15.7717,12.5808],[-15.7701,12.5591],[-15.7599,12.5871],[-15.7363,12.5761],[-15.756,12.59],[-15.7295,12.5893],[-15.7148,12.5797],[-15.7313,12.5737],[-15.7226,12.5678],[-15.677,12.5787],[-15.6696,12.5481],[-15.6383,12.5246],[-15.5644,12.5597],[-15.546,12.5205],[-15.5545,12.5839],[-15.4977,12.5868],[-15.5493,12.6001],[-15.4959,12.6564],[-15.4402,12.6617],[-15.4739,12.6709],[-15.5184,12.6541],[-15.5387,12.7437],[-15.5282,12.7879],[-15.4583,12.7897],[-15.4284,12.8244],[-15.3869,12.8004],[-15.3646,12.8368],[-15.2861,12.8593],[-15.2601,12.8508],[-15.2286,12.8028],[-15.2088,12.8175],[-15.1448,12.807],[-15.2102,12.8239],[-15.2386,12.8149],[-15.2541,12.8562],[-15.2848,12.8701],[-15.3638,12.8553],[-15.3924,12.8114],[-15.4214,12.8373],[-15.479,12.8062],[-15.4896,12.8265],[-15.4936,12.8156],[-15.5269,12.8262],[-15.5291,12.7997],[-15.558,12.7807],[-15.5594,12.7264],[-15.5371,12.6571],[-15.548,12.6617],[-15.5467,12.6285],[-15.629,12.559],[-15.6506,12.5698],[-15.6687,12.6126],[-15.6921,12.6115],[-15.6786,12.6434],[-15.7094,12.6054],[-15.7425,12.6243],[-15.7787,12.618],[-15.8169,12.5862],[-15.8485,12.6153],[-15.8694,12.6131],[-15.8629,12.623],[-15.9195,12.6089],[-15.9664,12.6434],[-15.925,12.664],[-15.9337,12.6777],[-15.9475,12.6564],[-15.9633,12.667],[-15.9672,12.6505],[-16.013,12.6904],[-15.9977,12.7277],[-16.0067,12.7592],[-15.9798,12.7843],[-15.9827,12.8361],[-15.9961,12.8402],[-16.003,12.8163],[-16.0223,12.8193],[-16.0031,12.7996],[-16.0199,12.7639],[-16.0425,12.778],[-16.0292,12.7367],[-16.05,12.6837],[-16.0702,12.6885],[-16.0818,12.7209],[-16.0547,12.6793],[-16.0819,12.6492],[-16.1522,12.6527],[-16.1543,12.7032],[-16.1619,12.6515],[-16.2628,12.6583],[-16.2793,12.6798],[-16.292,12.6684],[-16.3087,12.7091],[-16.2951,12.7153],[-16.3139,12.7212],[-16.3248,12.6946],[-16.3544,12.7039],[-16.357,12.7189],[-16.3345,12.747],[-16.291,12.7478],[-16.2848,12.7737],[-16.2508,12.7557],[-16.2738,12.7749],[-16.2603,12.8023],[-16.233,12.8146],[-16.2428,12.8275],[-16.2362,12.8176],[-16.2518,12.8194],[-16.2856,12.7815],[-16.2981,12.8109],[-16.2935,12.7764],[-16.3112,12.7574],[-16.3304,12.769],[-16.3283,12.7955],[-16.3616,12.7467],[-16.3785,12.787],[-16.3711,12.7415],[-16.3917,12.7388],[-16.3752,12.7252],[-16.4163,12.7227],[-16.4189,12.7116],[-16.3797,12.7054],[-16.3719,12.6869],[-16.3861,12.6738],[-16.3315,12.6639],[-16.3589,12.6462],[-16.3462,12.6262],[-16.3529,12.6424],[-16.398,12.6424],[-16.3713,12.6058],[-16.4398,12.6723],[-16.4663,12.7206],[-16.4555,12.7403],[-16.4754,12.7309],[-16.5174,12.7756],[-16.5413,12.778],[-16.5196,12.7995],[-16.5536,12.8087],[-16.539,12.8302],[-16.5579,12.8371],[-16.5436,12.8444],[-16.559,12.8484],[-16.5612,12.8765],[-16.543,12.8843],[-16.5134,12.8593],[-16.5014,12.8729],[-16.4612,12.8639],[-16.4439,12.8746],[-16.4292,12.8311],[-16.4215,12.859],[-16.3827,12.8677],[-16.3865,12.8407],[-16.3702,12.8315],[-16.3566,12.8974],[-16.4546,12.8996],[-16.4704,12.9288],[-16.4883,12.9095],[-16.5721,12.9618],[-16.5868,12.9546],[-16.5757,12.9844],[-16.5277,12.9652],[-16.5494,12.9905],[-16.5694,12.9871],[-16.5554,12.9945],[-16.5654,13.0099],[-16.5884,13.0021],[-16.582,13.0259],[-16.5968,13.042],[-16.6158,13.0325],[-16.6192,13.0088],[-16.6708,13.0306],[-16.6494,13.0001],[-16.7043,12.9766],[-16.6809,12.9741],[-16.6683,12.9533],[-16.671,12.9377],[-16.6836,12.9424],[-16.6752,12.9301],[-16.6913,12.9272],[-16.6871,12.9406],[-16.7026,12.9481],[-16.7011,12.9302],[-16.7196,12.9226],[-16.7008,12.9225],[-16.7107,12.8678],[-16.7457,12.8987],[-16.7507,12.9234],[-16.7871,12.7564],[-16.74,12.9848],[-16.7406,13.0719],[-16.724,13.0514],[-16.7136,13.0584],[-16.727,13.0869],[-16.7008,13.1111],[-16.7205,13.1177],[-16.6864,13.1655],[-15.8022,13.1657],[-15.802,13.2395],[-15.7262,13.2422],[-15.802,13.2418],[-15.8022,13.348],[-15.6872,13.3647],[-15.5818,13.3498],[-15.4997,13.3938],[-15.3792,13.355],[-15.3001,13.3653],[-15.2224,13.4251],[-15.1963,13.5287],[-15.1388,13.582],[-15.0886,13.5974],[-15.0604,13.5462],[-14.9811,13.4802],[-14.9031,13.4473],[-14.8528,13.4465],[-14.8151,13.4186],[-14.7602,13.4177],[-14.7344,13.376],[-14.6727,13.3444],[-14.6146,13.3429],[-14.5779,13.3593],[-14.5374,13.3156],[-14.46,13.301],[-14.4286,13.2623],[-14.3584,13.2293],[-14.2679,13.2421],[-14.2376,13.2182],[-14.1434,13.2204],[-14.1191,13.2444],[-14.1164,13.2788],[-14.0066,13.2909],[-13.951,13.3212],[-13.8572,13.3223],[-13.805,13.375],[-13.792,13.4377],[-13.8877,13.5543],[-13.9724,13.5807],[-14.0235,13.5544],[-14.0877,13.555],[-14.1671,13.5307],[-14.2113,13.5085],[-14.2371,13.4747],[-14.3207,13.4567],[-14.3679,13.4695],[-14.4684,13.5407],[-14.4777,13.5903],[-14.5251,13.6386],[-14.6186,13.6569],[-14.71,13.6152],[-14.7845,13.6537],[-14.7922,13.7156],[-14.8425,13.7751],[-15.0678,13.825],[-15.217,13.75],[-15.2977,13.7837],[-15.3793,13.7659],[-15.4374,13.7034],[-15.4696,13.5905],[-16.0836,13.591],[-16.0249,13.6058],[-16.0824,13.6068],[-16.1035,13.6278],[-16.0747,13.662],[-16.1244,13.6446],[-16.181,13.6818],[-16.1799,13.7019],[-16.1868,13.6886],[-16.2269,13.686],[-16.2356,13.6666],[-16.2135,13.6819],[-16.1699,13.6711],[-16.1031,13.5911],[-16.4994,13.5917],[-16.5052,13.6226],[-16.4907,13.615],[-16.4887,13.6575],[-16.5036,13.7004],[-16.4804,13.7361],[-16.4807,13.8003],[-16.4693,13.8166],[-16.454,13.8084],[-16.437,13.8364],[-16.378,13.8403],[-16.4207,13.8452],[-16.4083,13.8834],[-16.3641,13.8618],[-16.3981,13.9002],[-16.4292,13.8946],[-16.4079,13.9054],[-16.4207,13.928],[-16.4068,13.9352],[-16.4352,13.9763],[-16.3823,13.9924],[-16.4333,14.0005],[-16.4329,13.9593],[-16.4488,13.9464],[-16.461,13.957],[-16.4441,13.9857],[-16.469,13.9995],[-16.4565,14.0284],[-16.4671,14.0472],[-16.3874,14.0545],[-16.3904,14.0744],[-16.3699,14.0781],[-16.3651,14.0659],[-16.3349,14.0873],[-16.3669,14.0949],[-16.3565,14.1156],[-16.3665,14.1298],[-16.3903,14.1141],[-16.3732,14.0897],[-16.3981,14.0674],[-16.4975,14.0542],[-16.5001,14.1003],[-16.4832,14.1061],[-16.4855,14.1233],[-16.4425,14.1321],[-16.4331,14.1509],[-16.2873,14.1282],[-16.2412,14.1578],[-16.2047,14.1429],[-16.1905,14.0549],[-16.1995,14.1324],[-16.1811,14.1103],[-16.1356,14.1023],[-16.0777,14.1291],[-16.0869,14.1043],[-16.1045,14.105],[-16.1026,14.1169],[-16.119,14.1065],[-16.0986,14.0866],[-16.0693,14.116],[-16.0276,14.0921],[-15.9741,14.1079],[-15.9288,14.0842],[-15.9084,14.1197],[-15.935,14.0964],[-15.9296,14.085],[-15.9591,14.1157],[-15.978,14.1197],[-15.9944,14.1012],[-15.9814,14.1202],[-16.0185,14.1157],[-16.01,14.142],[-16.0274,14.1547],[-16.0618,14.1214],[-16.0758,14.1315],[-16.1231,14.117],[-16.1564,14.1496],[-16.1616,14.1775],[-16.1995,14.1467],[-16.2104,14.1594],[-16.1933,14.1847],[-16.2112,14.1623],[-16.2602,14.1782],[-16.2127,14.2001],[-16.2407,14.2025],[-16.2862,14.1661],[-16.2913,14.1807],[-16.3559,14.1898],[-16.3686,14.2254],[-16.353,14.2273],[-16.3542,14.2497],[-16.3708,14.2072],[-16.3994,14.2046],[-16.3794,14.2097],[-16.3736,14.2286],[-16.3899,14.2318],[-16.3886,14.2116],[-16.4046,14.231],[-16.3656,14.2926],[-16.3744,14.3211],[-16.4012,14.3232],[-16.3981,14.3338],[-16.4022,14.3186],[-16.3799,14.3182],[-16.3737,14.271],[-16.4074,14.2271],[-16.4391,14.2154],[-16.4244,14.2041],[-16.4523,14.1927],[-16.4536,14.1547],[-16.4685,14.1424],[-16.4819,14.1548],[-16.4527,14.1928],[-16.4675,14.1986],[-16.4397,14.2238],[-16.4615,14.2062],[-16.463,14.2345],[-16.451,14.2577],[-16.4114,14.2542],[-16.4403,14.265],[-16.4218,14.2837],[-16.418,14.2688],[-16.41,14.2959],[-16.4555,14.2585],[-16.4646,14.2816],[-16.4466,14.2931],[-16.4662,14.2846],[-16.4572,14.2546],[-16.4926,14.196],[-16.4968,14.2363],[-16.482,14.2349],[-16.4739,14.2661],[-16.4852,14.2712],[-16.495,14.2464],[-16.5246,14.2794],[-16.5241,14.3047],[-16.5365,14.2408],[-16.564,14.2511],[-16.5413,14.2592],[-16.5697,14.2691],[-16.5575,14.2836],[-16.5687,14.2837],[-16.5782,14.2444],[-16.5587,14.2447],[-16.5711,14.2286],[-16.5616,14.2167],[-16.582,14.2033],[-16.5806,14.1832],[-16.5963,14.1844],[-16.593,14.1641],[-16.6124,14.1881],[-16.5917,14.2267],[-16.6318,14.2004],[-16.6157,14.1719],[-16.6233,14.1621],[-16.6288,14.1749],[-16.6298,14.1456],[-16.6469,14.1378],[-16.656,14.1518],[-16.6481,14.106],[-16.6612,14.1018],[-16.6617,14.074],[-16.6757,14.0857],[-16.6823,14.0724],[-16.7264,14.0752],[-16.7663,14.0984],[-16.7748,14.0686],[-16.7605,14.0808],[-16.7531,14.0688],[-16.7703,14.0575],[-16.7346,14.0717],[-16.713,14.0582],[-16.7325,14.0466],[-16.7442,14.0569],[-16.7376,14.0226],[-16.7556,14.0321],[-16.7435,14.0175],[-16.7651,13.9877],[-16.7535,13.9783],[-16.7624,13.9306],[-16.7733,14.0505],[-16.7984,14.125],[-16.7663,14.0987],[-16.7927,14.128],[-16.7523,14.1473],[-16.7879,14.1417],[-16.8173,14.1725],[-16.8338,14.1619],[-16.8284,14.147],[-16.8672,14.185],[-16.8778,14.2372],[-16.9287,14.2853],[-16.9495,14.3819],[-17.0088,14.438],[-17.0568,14.4542],[-17.1906,14.656],[-17.2631,14.7079],[-17.3836,14.7393],[-17.4287,14.7212],[-17.4173,14.7057],[-17.4205,14.6841],[-17.4339,14.6846],[-17.422,14.6719],[-17.4318,14.6465],[-17.528,14.748],[-17.3243,14.812],[-17.128,14.9101],[-17.1002,14.9614],[-16.8716,15.2328],[-16.5902,15.6677],[-16.5225,15.8114],[-16.5026,15.9272],[-16.4929,15.8984],[-16.4783,15.9443],[-16.486,15.8817],[-16.4632,15.9001],[-16.4519,15.8832],[-16.4715,15.8622],[-16.4367,15.8789],[-16.4416,15.8892],[-16.4476,15.8742],[-16.4623,15.9014],[-16.4565,15.9651],[-16.4709,15.9042],[-16.4712,15.9506],[-16.4941,15.9823],[-16.4989,16.0243],[-16.479,16.0285],[-16.4787,15.9742],[-16.4579,16.005],[-16.447,15.9986],[-16.4488,16.0393],[-16.4762,16.0283],[-16.4496,16.0798],[-16.4119,16.0992],[-16.4124,16.1897],[-16.4238,16.1622],[-16.4298,16.2066],[-16.3906,16.2167],[-16.3548,16.2718],[-16.3686,16.3117],[-16.3345,16.3482],[-16.3332,16.3977],[-16.3126,16.409],[-16.3074,16.4597],[-16.2714,16.5209],[-16.192,16.5169],[-16.1508,16.5506],[-16.1161,16.5563],[-16.0509,16.4781],[-16.0027,16.503],[-15.9632,16.4856],[-15.887,16.5174],[-15.864,16.5118],[-15.8592,16.4919],[-15.817,16.5091],[-15.6988,16.4715],[-15.6297,16.4918],[-15.6244,16.5257],[-15.5608,16.5116],[-15.514,16.5232],[-15.5155,16.5621],[-15.4659,16.5923],[-15.4044,16.5363],[-15.3079,16.5755],[-15.2328,16.5535],[-15.1682,16.5913],[-15.1201,16.5791],[-15.0845,16.6083],[-15.1211,16.6414],[-15.1005,16.6759],[-15.0773,16.6737],[-15.053,16.6284],[-15.0056,16.6415],[-14.9854,16.6927],[-14.9514,16.6765],[-14.9526,16.6473],[-14.936,16.6315],[-14.9143,16.6494],[-14.8956,16.632],[-14.8777,16.6608],[-14.8619,16.6374],[-14.8274,16.6348],[-14.8158,16.6542],[-14.7889,16.6292],[-14.766,16.6565],[-14.7386,16.6192],[-14.7244,16.6472],[-14.6461,16.6506],[-14.639,16.6385],[-14.6517,16.6301],[-14.6377,16.6176],[-14.6231,16.6296],[-14.5562,16.6177],[-14.5435,16.6442],[-14.4979,16.6144],[-14.4475,16.6245],[-14.4221,16.6528],[-14.4034,16.6332],[-14.336,16.6427],[-14.3306,16.5678],[-14.2766,16.5843],[-14.2559,16.5142],[-14.248,16.5462],[-14.2005,16.5327],[-14.2,16.5102],[-14.1514,16.4727],[-14.1319,16.4768],[-14.1383,16.4549],[-14.0708,16.4072],[-14.0287,16.3492],[-13.9658,16.3312],[-13.9578,16.3078],[-13.9901,16.3043],[-13.9878,16.2771],[-13.951,16.2693],[-13.9735,16.2236],[-13.9219,16.2309],[-13.91,16.1955],[-13.8692,16.19],[-13.8774,16.1581],[-13.8488,16.1081],[-13.7975,16.1443],[-13.7516,16.1491],[-13.7151,16.1831],[-13.7008,16.17],[-13.7175,16.1382],[-13.6815,16.0961],[-13.5652,16.1368],[-13.5142,16.1304],[-13.4856,16.1486],[-13.4743,16.1315],[-13.5139,16.1031],[-13.4978,16.0804],[-13.4581,16.1096],[-13.4445,16.0859],[-13.3755,16.0584],[-13.3625,15.9706],[-13.3124,15.9259],[-13.3253,15.8917],[-13.2985,15.8689],[-13.296,15.8249],[-13.2643,15.7897],[-13.2889,15.7714],[-13.2074,15.6971],[-13.2195,15.6733],[-13.2508,15.6688],[-13.2278,15.613],[-13.1874,15.6275],[-13.0884,15.584],[-13.0972,15.4962],[-13.0252,15.4795],[-12.9639,15.502],[-12.96,15.4448],[-12.9237,15.4415],[-12.9472,15.4158],[-12.9458,15.3618],[-12.9244,15.3382],[-12.8534,15.3188],[-12.8324,15.2837],[-12.8496,15.2535],[-12.8798,15.2683],[-12.8993,15.2579],[-12.8528,15.2031],[-12.8039,15.2161],[-12.7862,15.1956],[-12.7907,15.1539],[-12.6941,15.0865],[-12.6615,15.1094],[-12.6069,15.0849],[-12.551,15.0329],[-12.4906,15.0149],[-12.4602,14.9807],[-12.4525,14.8931],[-12.3942,14.8449],[-12.3262,14.8271],[-12.2767,14.7715],[-12.2396,14.7658],[-12.2059,14.6972],[-12.1608,14.6889],[-12.1776,14.6661],[-12.1461,14.6531],[-12.1492,14.6229],[-12.172,14.6142],[-12.1855,14.5566],[-12.2169,14.5487],[-12.2216,14.4934],[-12.1993,14.4794],[-12.2063,14.4565],[-12.1892,14.4409],[-12.2007,14.4064],[-12.1556,14.3842],[-12.1252,14.3926],[-12.1255,14.3708],[-12.0947,14.3672],[-12.1017,14.3078],[-12.0249,14.2863],[-11.9748,14.1843],[-11.984,14.0951],[-12.0149,14.0289],[-12.0103,13.9885],[-11.9333,13.9243],[-11.9495,13.8085],[-12.0089,13.7526],[-12.0735,13.7196],[-12.04,13.6665],[-12.0373,13.6236],[-11.9966,13.5901],[-11.9965,13.5663],[-11.867,13.4604],[-11.8871,13.3853]],[[-15.6173,12.573],[-15.6151,12.5735],[-15.6106,12.5789],[-15.6148,12.5786],[-15.615,12.5768],[-15.6173,12.573]]],[[[-15.2932,12.8603],[-15.294,12.8602],[-15.2935,12.8632],[-15.2901,12.8614],[-15.2903,12.8613],[-15.2919,12.8608],[-15.2927,12.8605],[-15.2932,12.8603]]],[[[-15.3061,12.8581],[-15.3077,12.8595],[-15.3006,12.8628],[-15.298,12.862],[-15.3061,12.8581]]],[[[-15.3169,12.8606],[-15.3129,12.8634],[-15.3118,12.8619],[-15.3169,12.8606]]],[[[-15.3707,12.8258],[-15.3728,12.8278],[-15.3744,12.8337],[-15.3709,12.8354],[-15.3675,12.8342],[-15.3682,12.8265],[-15.3707,12.8258]]],[[[-15.4222,12.8314],[-15.4256,12.8314],[-15.4277,12.8339],[-15.4274,12.8362],[-15.4216,12.8357],[-15.4222,12.8314]]],[[[-15.5386,12.6419],[-15.5372,12.6442],[-15.5389,12.6464],[-15.5415,12.6472],[-15.5376,12.6511],[-15.5352,12.6504],[-15.5347,12.6466],[-15.5368,12.6427],[-15.5386,12.6419]]],[[[-15.5452,12.6333],[-15.5448,12.6398],[-15.5407,12.6409],[-15.5422,12.636],[-15.5452,12.6333]]],[[[-15.5733,12.606],[-15.5711,12.6081],[-15.5711,12.6104],[-15.5653,12.6117],[-15.5638,12.6164],[-15.5585,12.6177],[-15.5611,12.6143],[-15.5636,12.6125],[-15.5637,12.6097],[-15.5664,12.6089],[-15.5679,12.6064],[-15.5733,12.606]]],[[[-15.5721,12.597],[-15.5741,12.6037],[-15.5719,12.6058],[-15.5682,12.6055],[-15.5678,12.6037],[-15.5699,12.5996],[-15.5721,12.597]]],[[[-15.5795,12.5967],[-15.5782,12.6009],[-15.5751,12.6022],[-15.5734,12.5983],[-15.5776,12.5979],[-15.5795,12.5967]]],[[[-15.5834,12.5899],[-15.5839,12.5921],[-15.5802,12.5935],[-15.5766,12.5961],[-15.5747,12.5948],[-15.5834,12.5899]]],[[[-15.6208,12.559],[-15.6242,12.5618],[-15.6261,12.5593],[-15.6279,12.5605],[-15.6213,12.5635],[-15.6182,12.5656],[-15.6173,12.5639],[-15.6206,12.5616],[-15.6208,12.559]]],[[[-15.6418,12.553],[-15.6435,12.5546],[-15.6405,12.5572],[-15.6355,12.5569],[-15.6352,12.5559],[-15.6418,12.553]]],[[[-15.661,12.5606],[-15.6625,12.5628],[-15.6598,12.5651],[-15.6597,12.5615],[-15.6586,12.563],[-15.657,12.562],[-15.653,12.5625],[-15.6523,12.5597],[-15.6502,12.5592],[-15.6503,12.5564],[-15.6536,12.5538],[-15.6533,12.5515],[-15.6602,12.5551],[-15.661,12.5597],[-15.6602,12.5607],[-15.661,12.5606]]],[[[-15.6547,12.5632],[-15.661,12.5659],[-15.6609,12.5692],[-15.6581,12.5716],[-15.6555,12.5723],[-15.6528,12.5641],[-15.6547,12.5632]]],[[[-15.6539,12.5728],[-15.6586,12.5739],[-15.6584,12.5767],[-15.656,12.5765],[-15.6539,12.5728]]],[[[-15.7793,13.2371],[-15.7811,13.2444],[-15.7782,13.2434],[-15.7763,13.2412],[-15.7776,13.2379],[-15.7793,13.2371]]],[[[-15.798,12.5582],[-15.7958,12.5611],[-15.7929,12.5606],[-15.7924,12.5578],[-15.798,12.5582]]],[[[-15.862,12.5733],[-15.865,12.5745],[-15.8649,12.5765],[-15.8607,12.5774],[-15.8604,12.5736],[-15.862,12.5733]]],[[[-15.877,12.6057],[-15.8811,12.608],[-15.8812,12.6102],[-15.8784,12.614],[-15.8697,12.6127],[-15.8686,12.6095],[-15.8739,12.6092],[-15.877,12.6057]]],[[[-15.8825,12.6043],[-15.8844,12.6043],[-15.8867,12.6071],[-15.8891,12.6072],[-15.8907,12.6104],[-15.8896,12.6124],[-15.886,12.6098],[-15.8849,12.607],[-15.8825,12.6043]]],[[[-15.9262,14.0935],[-15.9282,14.0942],[-15.9286,14.098],[-15.9251,14.0965],[-15.9262,14.0935]]],[[[-15.932,12.6542],[-15.9309,12.6571],[-15.9313,12.6638],[-15.9281,12.6638],[-15.9283,12.6594],[-15.9297,12.655],[-15.932,12.6542]]],[[[-15.9402,14.0939],[-15.9447,14.096],[-15.949,14.097],[-15.9526,14.096],[-15.9548,14.1044],[-15.9466,14.1022],[-15.9426,14.1003],[-15.9426,14.0975],[-15.9402,14.0939]]],[[[-15.9566,14.0968],[-15.9624,14.0967],[-15.9665,14.0976],[-15.9677,14.1022],[-15.9621,14.1048],[-15.9603,14.1067],[-15.9582,14.1031],[-15.9554,14.1005],[-15.9566,14.0968]]],[[[-15.9981,14.098],[-16.002,14.1012],[-16.0042,14.1045],[-16.0005,14.1042],[-15.9994,14.1026],[-15.9949,14.1006],[-15.9981,14.098]]],[[[-16.0021,14.1093],[-16.0066,14.1098],[-16.0055,14.113],[-16.0103,14.1121],[-16.0145,14.1147],[-16.0106,14.1171],[-16.0047,14.1165],[-16.003,14.1149],[-16.0042,14.1182],[-16.0003,14.1171],[-16.0008,14.1138],[-16.0026,14.1146],[-16.001,14.1132],[-16.0021,14.1093]]],[[[-16.005,12.7341],[-16.0108,12.7351],[-16.0122,12.7412],[-16.0064,12.7435],[-16.0024,12.7373],[-16.005,12.7341]]],[[[-16.0081,12.7222],[-16.0058,12.7262],[-16.0029,12.7234],[-16.0081,12.7222]]],[[[-16.0095,12.7247],[-16.0126,12.7282],[-16.01,12.7307],[-16.005,12.7295],[-16.0076,12.7278],[-16.0095,12.7247]]],[[[-16.0093,12.7429],[-16.0124,12.7457],[-16.0073,12.7454],[-16.0093,12.7429]]],[[[-16.0121,12.7307],[-16.0134,12.7338],[-16.0095,12.7333],[-16.0121,12.7307]]],[[[-16.0423,14.135],[-16.0297,14.1422],[-16.0142,14.099],[-16.0569,14.1135],[-16.0423,14.135]]],[[[-16.0221,14.1318],[-16.0225,14.1318],[-16.024,14.132],[-16.0246,14.1321],[-16.0258,14.1381],[-16.0249,14.1414],[-16.022,14.1458],[-16.0194,14.1451],[-16.0186,14.1425],[-16.02,14.1409],[-16.0221,14.1318]]],[[[-16.023,12.7568],[-16.0238,12.7598],[-16.0212,12.7624],[-16.0198,12.7581],[-16.023,12.7568]]],[[[-16.0277,12.7437],[-16.0398,12.7551],[-16.0306,12.7693],[-16.0277,12.7437]]],[[[-16.04,12.6921],[-16.0408,12.6947],[-16.0429,12.6947],[-16.0437,12.6987],[-16.0401,12.6988],[-16.0347,12.6964],[-16.0348,12.6948],[-16.04,12.6921]]],[[[-16.0427,12.688],[-16.0458,12.6894],[-16.0464,12.694],[-16.0448,12.6953],[-16.0427,12.6932],[-16.0427,12.688]]],[[[-16.0484,12.677],[-16.05,12.6771],[-16.0502,12.6811],[-16.0481,12.6827],[-16.0495,12.6865],[-16.0453,12.6868],[-16.043,12.6845],[-16.043,12.6822],[-16.0468,12.6814],[-16.0484,12.677]]],[[[-16.0523,12.6676],[-16.0544,12.6685],[-16.0547,12.6721],[-16.0506,12.6713],[-16.0504,12.6685],[-16.0523,12.6676]]],[[[-16.0643,12.6472],[-16.0721,12.6482],[-16.0731,12.6506],[-16.0701,12.6535],[-16.0661,12.6512],[-16.0632,12.6506],[-16.0622,12.6483],[-16.0643,12.6472]]],[[[-16.1809,14.1214],[-16.1858,14.15],[-16.1639,14.1588],[-16.1812,14.1357],[-16.1524,14.1398],[-16.132,14.1111],[-16.1809,14.1214]]],[[[-16.1655,12.6304],[-16.1648,12.6332],[-16.1667,12.6348],[-16.1674,12.6381],[-16.1629,12.6394],[-16.158,12.6361],[-16.1605,12.6348],[-16.1631,12.6361],[-16.1635,12.6314],[-16.1655,12.6304]]],[[[-16.1918,13.6797],[-16.1963,13.6811],[-16.1979,13.685],[-16.1952,13.6851],[-16.1918,13.6797]]],[[[-16.2009,12.5666],[-16.1998,12.5713],[-16.1967,12.5723],[-16.1925,12.571],[-16.1925,12.5684],[-16.1969,12.5683],[-16.2009,12.5666]]],[[[-16.2054,12.5836],[-16.2107,12.5923],[-16.1931,12.5913],[-16.2054,12.5836]]],[[[-16.1987,12.5594],[-16.1998,12.5601],[-16.2009,12.5655],[-16.1961,12.5651],[-16.1964,12.5622],[-16.1987,12.5594]]],[[[-16.2024,12.5546],[-16.2042,12.5554],[-16.2035,12.5601],[-16.2014,12.5609],[-16.199,12.5578],[-16.2019,12.5567],[-16.2024,12.5546]]],[[[-16.2034,13.6795],[-16.206,13.6797],[-16.2045,13.6829],[-16.2021,13.6815],[-16.2034,13.6795]]],[[[-16.2076,13.6794],[-16.2108,13.6821],[-16.2081,13.6831],[-16.2076,13.6794]]],[[[-16.2407,14.1967],[-16.2407,14.1997],[-16.2365,14.1994],[-16.2378,14.1972],[-16.2407,14.1967]]],[[[-16.2496,14.1852],[-16.2514,14.1883],[-16.2462,14.1875],[-16.2461,14.1855],[-16.2496,14.1852]]],[[[-16.2632,14.1582],[-16.2658,14.1583],[-16.2677,14.1617],[-16.2627,14.1626],[-16.2595,14.1623],[-16.2592,14.1602],[-16.2632,14.1582]]],[[[-16.2746,14.1763],[-16.2746,14.1786],[-16.2698,14.1812],[-16.267,14.1839],[-16.2633,14.1849],[-16.2617,14.1788],[-16.2654,14.1791],[-16.2707,14.1783],[-16.2746,14.1763]]],[[[-16.27,14.1479],[-16.2713,14.1513],[-16.2729,14.1513],[-16.2729,14.1554],[-16.2664,14.1511],[-16.2669,14.1485],[-16.27,14.1479]]],[[[-16.2839,14.1332],[-16.2839,14.135],[-16.2905,14.1346],[-16.2912,14.1365],[-16.2939,14.1378],[-16.2962,14.1453],[-16.2985,14.1493],[-16.2937,14.149],[-16.2898,14.1478],[-16.2829,14.1433],[-16.281,14.1439],[-16.2797,14.14],[-16.2776,14.1387],[-16.2783,14.1357],[-16.2839,14.1332]]],[[[-16.2879,12.6566],[-16.2866,12.6595],[-16.2866,12.6643],[-16.2842,12.6646],[-16.2829,12.6606],[-16.2808,12.6586],[-16.2879,12.6566]]],[[[-16.2996,14.1668],[-16.3092,14.1675],[-16.3168,14.1668],[-16.3166,14.1712],[-16.3108,14.172],[-16.3079,14.171],[-16.306,14.1736],[-16.3026,14.172],[-16.2968,14.1746],[-16.2965,14.1673],[-16.2996,14.1668]]],[[[-16.3248,14.1364],[-16.3272,14.14],[-16.3291,14.1405],[-16.3288,14.1436],[-16.3233,14.1453],[-16.3199,14.1454],[-16.3186,14.1478],[-16.3191,14.1503],[-16.3141,14.151],[-16.3048,14.1508],[-16.3023,14.1494],[-16.304,14.1464],[-16.3069,14.1446],[-16.3127,14.1447],[-16.3116,14.1409],[-16.3172,14.1412],[-16.3182,14.1388],[-16.3211,14.137],[-16.3248,14.1364]]],[[[-16.3078,12.6568],[-16.3078,12.6601],[-16.3044,12.6586],[-16.3078,12.6568]]],[[[-16.3102,12.7026],[-16.3081,12.7064],[-16.3062,12.7035],[-16.3102,12.7026]]],[[[-16.3108,12.6257],[-16.3119,12.6276],[-16.3149,12.6276],[-16.3145,12.6308],[-16.3108,12.6307],[-16.3094,12.6289],[-16.3108,12.6257]]],[[[-16.3151,12.6944],[-16.3175,12.6954],[-16.3178,12.6995],[-16.3155,12.7016],[-16.3152,12.7049],[-16.3116,12.7039],[-16.3105,12.7006],[-16.3133,12.6957],[-16.3151,12.6944]]],[[[-16.3223,14.1651],[-16.3271,14.1658],[-16.3263,14.1674],[-16.3209,14.1704],[-16.3215,14.1755],[-16.3198,14.1761],[-16.3184,14.1725],[-16.3198,14.1663],[-16.3223,14.1651]]],[[[-16.3197,12.6288],[-16.3222,12.6296],[-16.3227,12.6325],[-16.3198,12.6333],[-16.3197,12.6288]]],[[[-16.3401,14.136],[-16.3582,14.1519],[-16.322,14.1516],[-16.3401,14.136]]],[[[-16.3253,12.6816],[-16.327,12.6827],[-16.327,12.6863],[-16.3232,12.6868],[-16.3253,12.6816]]],[[[-16.3292,14.1711],[-16.3318,14.1724],[-16.3322,14.1747],[-16.3351,14.1757],[-16.3356,14.1796],[-16.3341,14.1815],[-16.3301,14.1814],[-16.3266,14.1763],[-16.3305,14.1742],[-16.3292,14.1711]]],[[[-16.3332,14.1658],[-16.3353,14.1662],[-16.3353,14.1688],[-16.3327,14.1685],[-16.3332,14.1658]]],[[[-16.3357,12.6662],[-16.342,12.6676],[-16.3461,12.6697],[-16.3402,12.6713],[-16.3386,12.669],[-16.3362,12.6682],[-16.3357,12.6662]]],[[[-16.3466,14.1659],[-16.3618,14.1789],[-16.3502,14.1863],[-16.3466,14.1659]]],[[[-16.3495,12.5071],[-16.3514,12.5071],[-16.3472,12.514],[-16.3449,12.512],[-16.3443,12.5093],[-16.3495,12.5071]]],[[[-16.3667,14.1623],[-16.3649,14.1652],[-16.3596,14.1648],[-16.3583,14.1684],[-16.3519,14.1666],[-16.3513,14.1646],[-16.3564,14.1641],[-16.3667,14.1623]]],[[[-16.3544,12.4809],[-16.3556,12.4813],[-16.3573,12.4865],[-16.355,12.487],[-16.3544,12.4809]]],[[[-16.3556,14.078],[-16.358,14.0779],[-16.3601,14.0819],[-16.3632,14.0815],[-16.3646,14.0779],[-16.3698,14.0846],[-16.3686,14.0885],[-16.3657,14.0894],[-16.3615,14.0869],[-16.3594,14.0839],[-16.3546,14.0821],[-16.3556,14.078]]],[[[-16.3571,12.4885],[-16.3599,12.4898],[-16.3608,12.4938],[-16.3581,12.4939],[-16.3564,12.4914],[-16.3571,12.4885]]],[[[-16.3817,14.1049],[-16.3844,14.1069],[-16.3847,14.109],[-16.382,14.1138],[-16.3748,14.1131],[-16.3738,14.1142],[-16.3741,14.1201],[-16.3715,14.1206],[-16.3699,14.1188],[-16.367,14.1201],[-16.3629,14.1176],[-16.3615,14.1143],[-16.3626,14.1117],[-16.3661,14.1122],[-16.3709,14.1109],[-16.3751,14.1106],[-16.3737,14.1057],[-16.3769,14.1061],[-16.3817,14.1049]]],[[[-16.3672,14.182],[-16.3957,14.1508],[-16.3942,14.1682],[-16.4047,14.1579],[-16.4182,14.1696],[-16.3874,14.1897],[-16.4209,14.1692],[-16.4507,14.1722],[-16.411,14.2032],[-16.368,14.2013],[-16.3672,14.182]]],[[[-16.3681,14.0976],[-16.3686,14.1034],[-16.37,14.1063],[-16.3666,14.1062],[-16.3649,14.1021],[-16.3681,14.0976]]],[[[-16.3749,14.1612],[-16.3754,14.1642],[-16.3734,14.1649],[-16.3722,14.1624],[-16.3749,14.1612]]],[[[-16.3939,12.3647],[-16.4296,12.3722],[-16.4189,12.3826],[-16.3939,12.3647]]],[[[-16.3989,12.3807],[-16.3987,12.3814],[-16.3998,12.3863],[-16.3979,12.3868],[-16.3967,12.3814],[-16.3989,12.3807]]],[[[-16.4012,12.5584],[-16.4036,12.5616],[-16.4005,12.562],[-16.4012,12.5584]]],[[[-16.4009,12.8859],[-16.4043,12.8868],[-16.4051,12.8889],[-16.4112,12.8898],[-16.4123,12.893],[-16.4112,12.8948],[-16.416,12.8992],[-16.4141,12.9006],[-16.411,12.8997],[-16.4094,12.8975],[-16.4067,12.8962],[-16.4018,12.8959],[-16.4009,12.8859]]],[[[-16.4058,14.2168],[-16.4043,14.2196],[-16.4013,14.2169],[-16.4058,14.2168]]],[[[-16.4047,14.2069],[-16.409,14.2088],[-16.4063,14.2119],[-16.4043,14.2093],[-16.4047,14.2069]]],[[[-16.4113,12.4777],[-16.4108,12.4813],[-16.406,12.4791],[-16.4113,12.4777]]],[[[-16.4074,14.2159],[-16.4119,14.2159],[-16.4103,14.2186],[-16.4065,14.2178],[-16.4074,14.2159]]],[[[-16.4089,12.3791],[-16.4102,12.3818],[-16.4126,12.3838],[-16.4147,12.3822],[-16.4205,12.3854],[-16.4192,12.389],[-16.4155,12.3921],[-16.409,12.3909],[-16.4067,12.386],[-16.4083,12.3837],[-16.4075,12.3801],[-16.4089,12.3791]]],[[[-16.4179,14.2113],[-16.4194,14.2159],[-16.4188,14.2198],[-16.4164,14.2183],[-16.413,14.2178],[-16.4135,14.2142],[-16.4181,14.2134],[-16.4179,14.2113]]],[[[-16.4226,13.9368],[-16.4237,13.939],[-16.4208,13.941],[-16.4184,13.938],[-16.4226,13.9368]]],[[[-16.4208,13.8585],[-16.4242,13.8587],[-16.4285,13.8633],[-16.4303,13.8641],[-16.4297,13.8681],[-16.4344,13.8699],[-16.4349,13.875],[-16.4328,13.8752],[-16.4306,13.8734],[-16.4261,13.872],[-16.4253,13.8672],[-16.4214,13.8667],[-16.4193,13.8675],[-16.4192,13.8594],[-16.4208,13.8585]]],[[[-16.4304,12.3806],[-16.4397,12.3946],[-16.4222,12.388],[-16.4304,12.3806]]],[[[-16.4233,13.8757],[-16.4263,13.8778],[-16.4304,13.8771],[-16.4337,13.8812],[-16.4357,13.8798],[-16.4372,13.882],[-16.4406,13.884],[-16.4392,13.8867],[-16.4336,13.886],[-16.4283,13.8841],[-16.4268,13.8856],[-16.4244,13.8838],[-16.4241,13.8779],[-16.4233,13.8757]]],[[[-16.4275,13.9191],[-16.428,13.9207],[-16.4257,13.923],[-16.4247,13.9199],[-16.4275,13.9191]]],[[[-16.4321,13.9414],[-16.4336,13.9482],[-16.4274,13.9487],[-16.4264,13.942],[-16.4303,13.9427],[-16.4321,13.9414]]],[[[-16.4361,12.8898],[-16.4364,12.895],[-16.4357,12.8973],[-16.4314,12.897],[-16.4299,12.8986],[-16.4267,12.8976],[-16.428,12.8936],[-16.433,12.8901],[-16.4361,12.8898]]],[[[-16.4297,12.538],[-16.4316,12.5405],[-16.4292,12.5421],[-16.4271,12.541],[-16.4297,12.538]]],[[[-16.4313,13.8937],[-16.4359,13.8941],[-16.4347,13.8965],[-16.4308,13.8959],[-16.4313,13.8937]]],[[[-16.4335,12.3651],[-16.4502,12.3637],[-16.4435,12.3688],[-16.4387,12.3688],[-16.4349,12.3673],[-16.4335,12.3651]]],[[[-16.4472,13.9012],[-16.4494,13.9222],[-16.4359,13.9088],[-16.4472,13.9012]]],[[[-16.4395,13.8597],[-16.4393,13.8631],[-16.4364,13.8621],[-16.4395,13.8597]]],[[[-16.4479,12.4559],[-16.448,12.4589],[-16.4442,12.4613],[-16.4423,12.4649],[-16.4403,12.4661],[-16.4379,12.4616],[-16.4416,12.4568],[-16.4432,12.4591],[-16.4479,12.4559]]],[[[-16.4523,12.4578],[-16.449,12.4754],[-16.4397,12.467],[-16.4523,12.4578]]],[[[-16.4407,12.3837],[-16.4445,12.3863],[-16.4425,12.3907],[-16.4397,12.3856],[-16.4407,12.3837]]],[[[-16.4525,13.8754],[-16.4526,13.8816],[-16.451,13.8826],[-16.4497,13.886],[-16.4466,13.8883],[-16.4415,13.8879],[-16.4409,13.8858],[-16.4447,13.8828],[-16.4465,13.8796],[-16.4525,13.8754]]],[[[-16.447,13.8333],[-16.4504,13.834],[-16.451,13.8381],[-16.4489,13.8386],[-16.4505,13.8437],[-16.4452,13.8456],[-16.4451,13.8427],[-16.4476,13.8422],[-16.4436,13.8366],[-16.447,13.8333]]],[[[-16.4467,12.3704],[-16.4542,12.3682],[-16.4537,12.3718],[-16.4444,12.3756],[-16.4467,12.3704]]],[[[-16.4456,12.8963],[-16.4475,12.8973],[-16.4511,12.8973],[-16.4509,12.8993],[-16.4466,12.8998],[-16.4456,12.8963]]],[[[-16.4465,13.928],[-16.45,13.9315],[-16.4474,13.9328],[-16.4465,13.928]]],[[[-16.4611,13.9733],[-16.4608,13.9801],[-16.4582,13.9784],[-16.4558,13.98],[-16.4487,13.9826],[-16.4466,13.9795],[-16.45,13.9781],[-16.4536,13.9782],[-16.455,13.9763],[-16.459,13.9737],[-16.4611,13.9733]]],[[[-16.4467,12.5334],[-16.4499,12.5339],[-16.4504,12.5367],[-16.4473,12.537],[-16.4467,12.5334]]],[[[-16.4557,12.8673],[-16.4586,12.8684],[-16.4573,12.8724],[-16.4636,12.8747],[-16.4621,12.8768],[-16.4634,12.879],[-16.4613,12.8813],[-16.4574,12.8808],[-16.455,12.8789],[-16.4558,12.8772],[-16.4502,12.8753],[-16.4505,12.873],[-16.4549,12.871],[-16.4557,12.8673]]],[[[-16.4513,12.3636],[-16.4522,12.3636],[-16.451,12.3642],[-16.451,12.3636],[-16.4513,12.3636]]],[[[-16.4545,13.8933],[-16.4577,13.8936],[-16.4574,13.8964],[-16.4545,13.8977],[-16.4514,13.8977],[-16.4524,13.895],[-16.4545,13.8933]]],[[[-16.4566,12.3819],[-16.4594,12.3847],[-16.4588,12.3865],[-16.4616,12.3883],[-16.4672,12.3902],[-16.4719,12.3893],[-16.4716,12.3916],[-16.469,12.3924],[-16.4672,12.3949],[-16.4562,12.3935],[-16.4551,12.3895],[-16.4523,12.3886],[-16.4534,12.3839],[-16.4566,12.3819]]],[[[-16.4551,13.8616],[-16.4572,13.8617],[-16.4592,13.8638],[-16.4578,13.8682],[-16.4551,13.8679],[-16.4529,13.8641],[-16.4551,13.8616]]],[[[-16.4561,13.9402],[-16.4577,13.9439],[-16.4531,13.9437],[-16.4543,13.9406],[-16.4561,13.9402]]],[[[-16.458,13.9086],[-16.4605,13.9102],[-16.4619,13.9135],[-16.4612,13.9171],[-16.4584,13.9233],[-16.4552,13.9241],[-16.4545,13.9205],[-16.4553,13.9164],[-16.4537,13.9115],[-16.4551,13.9095],[-16.458,13.9086]]],[[[-16.4575,12.8992],[-16.4601,12.9006],[-16.4648,12.9001],[-16.4709,12.9012],[-16.474,12.9059],[-16.4709,12.9061],[-16.4683,12.9079],[-16.463,12.9097],[-16.4592,12.9056],[-16.4598,12.9018],[-16.4575,12.8992]]],[[[-16.4616,12.5631],[-16.4629,12.5658],[-16.4611,12.5671],[-16.4587,12.5653],[-16.4616,12.5631]]],[[[-16.4597,12.4489],[-16.5005,12.4375],[-16.4966,12.4493],[-16.4597,12.4489]]],[[[-16.4655,13.9311],[-16.4692,13.9311],[-16.4743,13.9327],[-16.4756,13.9345],[-16.4719,13.9362],[-16.4674,13.9339],[-16.4617,13.9346],[-16.4619,13.9315],[-16.4655,13.9311]]],[[[-16.4619,16.0032],[-16.4641,16.0068],[-16.4633,16.0119],[-16.4618,16.0122],[-16.4619,16.0032]]],[[[-16.4684,13.843],[-16.4701,13.8431],[-16.4698,13.8472],[-16.4666,13.8478],[-16.4637,13.8468],[-16.4632,13.8439],[-16.4684,13.843]]],[[[-16.4817,12.3706],[-16.498,12.3796],[-16.4632,12.3867],[-16.4817,12.3706]]],[[[-16.4668,13.8816],[-16.4697,13.8837],[-16.4726,13.882],[-16.4747,13.8848],[-16.4679,13.8856],[-16.4634,13.8849],[-16.4668,13.8816]]],[[[-16.4653,12.577],[-16.4821,12.5788],[-16.4783,12.5912],[-16.4653,12.577]]],[[[-16.4896,14.1507],[-16.5045,14.1678],[-16.4776,14.2041],[-16.4654,14.1809],[-16.4896,14.1507]]],[[[-16.4727,15.99],[-16.4734,15.9959],[-16.4774,15.9987],[-16.4773,16.0033],[-16.4751,16.0082],[-16.4755,16.0131],[-16.4739,16.0157],[-16.4687,16.0142],[-16.4696,16.012],[-16.4738,16.0098],[-16.4734,16.001],[-16.4723,15.9987],[-16.4727,15.99]]],[[[-16.473,13.9892],[-16.4717,13.9924],[-16.4691,13.9902],[-16.473,13.9892]]],[[[-16.4695,12.3617],[-16.4765,12.3609],[-16.4738,12.3635],[-16.4712,12.3634],[-16.4695,12.3617]]],[[[-16.4715,13.919],[-16.4739,13.923],[-16.4708,13.9235],[-16.47,13.9196],[-16.4715,13.919]]],[[[-16.4837,13.8904],[-16.4844,13.8933],[-16.4825,13.8969],[-16.4793,13.8978],[-16.472,13.9045],[-16.47,13.9031],[-16.4714,13.9002],[-16.4761,13.896],[-16.4785,13.8951],[-16.4803,13.8924],[-16.4837,13.8904]]],[[[-16.487,14.0324],[-16.4942,14.0462],[-16.4716,14.0559],[-16.487,14.0324]]],[[[-16.4801,13.8483],[-16.4835,13.849],[-16.4825,13.8536],[-16.4806,13.8552],[-16.4817,13.858],[-16.4783,13.8614],[-16.4759,13.8614],[-16.4753,13.8531],[-16.4801,13.8483]]],[[[-16.4759,12.5022],[-16.4788,12.5022],[-16.4856,12.5043],[-16.4875,12.5099],[-16.4817,12.5098],[-16.4767,12.5054],[-16.4759,12.5022]]],[[[-16.4822,12.4138],[-16.4834,12.4173],[-16.4851,12.4182],[-16.4857,12.4216],[-16.4804,12.4212],[-16.476,12.4177],[-16.4788,12.4143],[-16.4822,12.4138]]],[[[-16.4801,14.0226],[-16.4816,14.0257],[-16.4812,14.0296],[-16.4767,14.0309],[-16.4778,14.028],[-16.477,14.0248],[-16.4801,14.0226]]],[[[-16.4776,13.8697],[-16.4843,13.8729],[-16.4846,13.875],[-16.4824,13.8809],[-16.4808,13.8809],[-16.4813,13.8758],[-16.4794,13.8758],[-16.477,13.8721],[-16.4776,13.8697]]],[[[-16.4793,14.1407],[-16.4819,14.1436],[-16.4878,14.1483],[-16.4883,14.1503],[-16.4857,14.1522],[-16.483,14.1509],[-16.4816,14.146],[-16.4788,14.1427],[-16.4793,14.1407]]],[[[-16.4934,12.5821],[-16.4937,12.5896],[-16.495,12.5911],[-16.494,12.5936],[-16.4885,12.5917],[-16.483,12.5916],[-16.4815,12.5884],[-16.4832,12.5832],[-16.4869,12.5823],[-16.4888,12.5829],[-16.4934,12.5821]]],[[[-16.4846,13.7342],[-16.4891,13.7353],[-16.4886,13.7371],[-16.4833,13.7379],[-16.4846,13.7342]]],[[[-16.4848,12.36],[-16.6037,12.3491],[-16.6343,12.3597],[-16.6213,12.3866],[-16.6217,12.3696],[-16.6005,12.376],[-16.5961,12.3533],[-16.597,12.3669],[-16.5781,12.3657],[-16.5862,12.3938],[-16.6082,12.3941],[-16.5808,12.418],[-16.6002,12.4203],[-16.5967,12.4397],[-16.6207,12.4023],[-16.6335,12.4002],[-16.6413,12.4323],[-16.688,12.4085],[-16.6254,12.461],[-16.6188,12.4882],[-16.6481,12.4676],[-16.6416,12.4973],[-16.5955,12.5037],[-16.6149,12.524],[-16.6165,12.5131],[-16.6408,12.5202],[-16.6435,12.5048],[-16.6679,12.5105],[-16.603,12.6129],[-16.5611,12.633],[-16.5464,12.6193],[-16.5613,12.6124],[-16.5518,12.6023],[-16.6044,12.5808],[-16.5438,12.5734],[-16.5446,12.5939],[-16.5257,12.5464],[-16.5457,12.5514],[-16.554,12.5369],[-16.5325,12.5319],[-16.5288,12.5167],[-16.5444,12.5168],[-16.5121,12.4941],[-16.5413,12.4783],[-16.4922,12.4587],[-16.5386,12.4532],[-16.545,12.4388],[-16.5154,12.4297],[-16.5454,12.4084],[-16.5092,12.4151],[-16.4848,12.36]]],[[[-16.4875,13.9855],[-16.487,13.9919],[-16.4851,13.9912],[-16.4857,13.987],[-16.4875,13.9855]]],[[[-16.4875,12.5541],[-16.4929,12.5574],[-16.4925,12.561],[-16.4883,12.5633],[-16.4875,12.5541]]],[[[-16.4908,13.996],[-16.4939,13.9995],[-16.4982,14.0023],[-16.4985,14.0037],[-16.4924,14.0046],[-16.4888,14.0009],[-16.4908,13.996]]],[[[-16.4898,12.7271],[-16.4927,12.7312],[-16.4905,12.7321],[-16.4889,12.7282],[-16.4898,12.7271]]],[[[-16.492,15.9339],[-16.4929,15.9347],[-16.4932,15.9427],[-16.4941,15.9458],[-16.4925,15.9579],[-16.491,15.9584],[-16.4909,15.952],[-16.493,15.945],[-16.4913,15.9455],[-16.4908,15.9414],[-16.492,15.9391],[-16.491,15.9347],[-16.492,15.9339]]],[[[-16.4939,16.0514],[-16.496,16.0521],[-16.4962,16.0564],[-16.493,16.0547],[-16.4939,16.0514]]],[[[-16.4992,13.8795],[-16.502,13.8826],[-16.4993,13.8914],[-16.4951,13.8888],[-16.4949,13.8832],[-16.4971,13.8803],[-16.4992,13.8795]]],[[[-16.4969,12.4618],[-16.4979,12.4677],[-16.495,12.4659],[-16.4969,12.4618]]],[[[-16.5116,14.1225],[-16.5066,14.1524],[-16.4976,14.1382],[-16.5116,14.1225]]],[[[-16.499,15.9455],[-16.5005,15.9478],[-16.5,15.9532],[-16.5005,15.9578],[-16.4987,15.9581],[-16.4989,15.9522],[-16.4977,15.9475],[-16.499,15.9455]]],[[[-16.4982,13.6388],[-16.5018,13.6399],[-16.5029,13.6438],[-16.4987,13.6446],[-16.4982,13.6388]]],[[[-16.4997,12.8867],[-16.5033,12.8868],[-16.5044,12.8889],[-16.5023,12.8903],[-16.4997,12.8884],[-16.4997,12.8867]]],[[[-16.5069,14.0456],[-16.507,14.0528],[-16.5046,14.0526],[-16.5016,14.0562],[-16.5,14.0539],[-16.5002,14.0501],[-16.503,14.0503],[-16.5069,14.0456]]],[[[-16.5717,13.7765],[-16.5826,13.8075],[-16.5462,13.8066],[-16.5213,13.7468],[-16.5,13.7986],[-16.5183,13.7029],[-16.5334,13.7388],[-16.5297,13.7121],[-16.5414,13.7334],[-16.5522,13.7139],[-16.5717,13.7765]]],[[[-16.5002,12.4761],[-16.508,12.4761],[-16.5118,12.4808],[-16.5109,12.4833],[-16.5129,12.4844],[-16.5107,12.4921],[-16.5071,12.4952],[-16.5058,12.4921],[-16.5069,12.487],[-16.5085,12.4859],[-16.5086,12.4803],[-16.5062,12.4795],[-16.5023,12.48],[-16.5002,12.4761]]],[[[-16.5145,14.2418],[-16.5162,14.2463],[-16.5119,14.2458],[-16.5098,14.2478],[-16.5054,14.2504],[-16.5011,14.25],[-16.5032,14.2471],[-16.5064,14.2446],[-16.5105,14.2452],[-16.5145,14.2418]]],[[[-16.5488,14.1976],[-16.5344,14.2063],[-16.5433,14.2367],[-16.5034,14.2417],[-16.5058,14.1991],[-16.5308,14.223],[-16.5365,14.1542],[-16.5586,14.154],[-16.5335,14.1962],[-16.5488,14.1976]]],[[[-16.5051,16.0181],[-16.5067,16.0186],[-16.5056,16.0317],[-16.5055,16.0379],[-16.5018,16.0379],[-16.5029,16.0317],[-16.5034,16.0232],[-16.5051,16.0181]]],[[[-16.5044,14.0705],[-16.506,14.0737],[-16.5031,14.0753],[-16.5044,14.0705]]],[[[-16.5183,14.1724],[-16.5236,14.1944],[-16.5114,14.1991],[-16.5042,14.1814],[-16.5183,14.1724]]],[[[-16.5354,14.044],[-16.541,14.0557],[-16.5043,14.0897],[-16.5354,14.044]]],[[[-16.5041,15.9202],[-16.505,15.921],[-16.5063,15.9284],[-16.5055,15.9331],[-16.5045,15.9336],[-16.5041,15.9202]]],[[[-16.5088,12.7472],[-16.5095,12.75],[-16.5083,12.7528],[-16.506,12.7536],[-16.5048,12.7516],[-16.5088,12.7472]]],[[[-16.5152,14.1468],[-16.5258,14.1545],[-16.5143,14.1663],[-16.5152,14.1468]]],[[[-16.5267,15.8286],[-16.5449,15.7695],[-16.5221,15.858],[-16.5074,16.0625],[-16.5267,15.8286]]],[[[-16.5218,14.0278],[-16.518,14.0452],[-16.5053,14.0369],[-16.5218,14.0278]]],[[[-16.5062,14.2551],[-16.5083,14.2579],[-16.5127,14.2615],[-16.5079,14.2618],[-16.5082,14.2587],[-16.5059,14.2574],[-16.5062,14.2551]]],[[[-16.5117,13.6874],[-16.5138,13.6883],[-16.5107,13.6932],[-16.5083,13.6929],[-16.509,13.6891],[-16.5117,13.6874]]],[[[-16.5124,14.0455],[-16.5183,14.0481],[-16.5183,14.0505],[-16.5136,14.0535],[-16.5096,14.051],[-16.5124,14.0455]]],[[[-16.5119,13.9181],[-16.516,13.9193],[-16.5164,13.9224],[-16.5132,13.9226],[-16.511,13.9214],[-16.5119,13.9181]]],[[[-16.5153,14.0002],[-16.5138,14.0039],[-16.5114,14.0018],[-16.5153,14.0002]]],[[[-16.5122,12.7433],[-16.5156,12.7475],[-16.5183,12.7494],[-16.5179,12.7533],[-16.5191,12.7565],[-16.5232,12.7577],[-16.5223,12.7602],[-16.5194,12.7586],[-16.5157,12.7592],[-16.5123,12.7513],[-16.5117,12.7469],[-16.5122,12.7433]]],[[[-16.5147,15.8452],[-16.5136,15.8609],[-16.512,15.8581],[-16.5135,15.8542],[-16.5138,15.8465],[-16.5147,15.8452]]],[[[-16.5166,13.8397],[-16.5211,13.8404],[-16.5206,13.8438],[-16.5148,13.8439],[-16.5135,13.8408],[-16.5166,13.8397]]],[[[-16.516,12.7654],[-16.5214,12.7693],[-16.5216,12.7718],[-16.5174,12.7737],[-16.5149,12.7706],[-16.516,12.7654]]],[[[-16.5211,13.8289],[-16.5211,13.8361],[-16.5187,13.8383],[-16.515,13.8347],[-16.5155,13.8312],[-16.52,13.831],[-16.5211,13.8289]]],[[[-16.5221,13.7887],[-16.5252,13.7897],[-16.5269,13.7933],[-16.5232,13.7937],[-16.5214,13.798],[-16.5185,13.8006],[-16.5165,13.8003],[-16.5156,13.7962],[-16.52,13.7946],[-16.5187,13.7918],[-16.52,13.7892],[-16.5221,13.7887]]],[[[-16.5175,14.2508],[-16.5256,14.2514],[-16.5284,14.2557],[-16.5269,14.2593],[-16.5244,14.2573],[-16.5194,14.2547],[-16.5159,14.2542],[-16.5175,14.2508]]],[[[-16.5332,13.8673],[-16.5225,13.8879],[-16.5177,13.8748],[-16.5332,13.8673]]],[[[-16.518,13.8925],[-16.5183,13.8938],[-16.5225,13.8953],[-16.5218,13.8979],[-16.5194,13.8974],[-16.5166,13.8946],[-16.518,13.8925]]],[[[-16.5328,14.0071],[-16.5332,14.031],[-16.5197,14.0213],[-16.5328,14.0071]]],[[[-16.5255,12.7265],[-16.5269,12.7283],[-16.527,12.7319],[-16.5305,12.7362],[-16.5308,12.7401],[-16.5258,12.7409],[-16.5223,12.736],[-16.5224,12.7332],[-16.5199,12.7314],[-16.5216,12.7284],[-16.5239,12.7288],[-16.5255,12.7265]]],[[[-16.5228,12.884],[-16.5286,12.8866],[-16.5301,12.8884],[-16.5342,12.8898],[-16.5352,12.8959],[-16.5273,12.8939],[-16.5254,12.8919],[-16.5202,12.8888],[-16.5212,12.8843],[-16.5228,12.884]]],[[[-16.5251,13.9993],[-16.5325,14.0003],[-16.5325,14.0043],[-16.5254,14.0046],[-16.5219,14.0034],[-16.5214,14.0018],[-16.5251,13.9993]]],[[[-16.5441,12.7278],[-16.5497,12.7782],[-16.5216,12.7636],[-16.5412,12.7624],[-16.5274,12.752],[-16.5441,12.7278]]],[[[-16.5221,14.1429],[-16.5252,14.143],[-16.5289,14.1444],[-16.5298,14.148],[-16.5276,14.148],[-16.5271,14.1447],[-16.5229,14.1457],[-16.5221,14.1429]]],[[[-16.5252,13.5917],[-16.5449,13.5917],[-16.5443,13.5938],[-16.5415,13.5941],[-16.543,13.5982],[-16.5446,13.6],[-16.5428,13.6021],[-16.5388,13.6025],[-16.5385,13.5999],[-16.5362,13.5995],[-16.5343,13.6011],[-16.5326,13.5972],[-16.5301,13.5965],[-16.5286,13.602],[-16.5258,13.6001],[-16.525,13.5973],[-16.5228,13.5952],[-16.5223,13.5917],[-16.524,13.5917],[-16.5252,13.5917]]],[[[-16.5347,14.0999],[-16.5301,14.1167],[-16.5473,14.1224],[-16.5281,14.1353],[-16.5347,14.0999]]],[[[-16.527,13.8944],[-16.5289,13.8948],[-16.5277,13.9],[-16.526,13.9025],[-16.524,13.9],[-16.5249,13.8966],[-16.527,13.8944]]],[[[-16.5242,12.5062],[-16.5313,12.5087],[-16.5295,12.5111],[-16.5242,12.5106],[-16.5242,12.5062]]],[[[-16.5401,13.8346],[-16.544,13.8345],[-16.545,13.8365],[-16.5441,13.8407],[-16.5312,13.8452],[-16.5262,13.8456],[-16.5277,13.842],[-16.5338,13.8422],[-16.5348,13.8389],[-16.5375,13.8381],[-16.5401,13.8346]]],[[[-16.5319,13.9079],[-16.5321,13.9092],[-16.5271,13.9118],[-16.5274,13.9091],[-16.5319,13.9079]]],[[[-16.5538,14.119],[-16.5348,14.1485],[-16.5273,14.138],[-16.5538,14.119]]],[[[-16.5335,14.1542],[-16.5331,14.1568],[-16.5349,14.1616],[-16.5301,14.1624],[-16.5317,14.155],[-16.5335,14.1542]]],[[[-16.5347,13.6979],[-16.536,13.7014],[-16.5384,13.7025],[-16.539,13.7064],[-16.5348,13.7076],[-16.5324,13.7067],[-16.5308,13.7005],[-16.5347,13.6979]]],[[[-16.5347,13.9786],[-16.5392,13.9791],[-16.541,13.9806],[-16.5442,13.9804],[-16.5449,13.9846],[-16.5479,13.9869],[-16.5419,13.9876],[-16.5387,13.9854],[-16.5337,13.9831],[-16.5321,13.9798],[-16.5347,13.9786]]],[[[-16.5366,12.7894],[-16.5475,12.8041],[-16.5341,12.805],[-16.5366,12.7894]]],[[[-16.5335,14.0377],[-16.5359,14.039],[-16.5383,14.0385],[-16.5396,14.0405],[-16.5333,14.041],[-16.5335,14.0377]]],[[[-16.5364,13.9897],[-16.5393,13.9899],[-16.5413,13.9929],[-16.5398,13.9947],[-16.5351,13.9921],[-16.5364,13.9897]]],[[[-16.5368,13.8176],[-16.5402,13.8183],[-16.5389,13.8209],[-16.5367,13.8195],[-16.5368,13.8176]]],[[[-16.5451,12.9305],[-16.5477,12.9317],[-16.5483,12.934],[-16.5505,12.9347],[-16.5494,12.9384],[-16.5473,12.9372],[-16.543,12.9369],[-16.541,12.9391],[-16.5382,12.9387],[-16.5394,12.936],[-16.5425,12.9354],[-16.5446,12.9335],[-16.5451,12.9305]]],[[[-16.546,12.7789],[-16.5513,12.7822],[-16.5493,12.7851],[-16.55,12.7889],[-16.5456,12.7884],[-16.5427,12.79],[-16.539,12.788],[-16.5392,12.7854],[-16.5448,12.786],[-16.5461,12.7848],[-16.5425,12.7807],[-16.546,12.7789]]],[[[-16.5503,14.215],[-16.5492,14.2308],[-16.5621,14.2266],[-16.5507,14.2388],[-16.539,14.227],[-16.5503,14.215]]],[[[-16.5417,14.2382],[-16.5446,14.2382],[-16.5486,14.2419],[-16.5463,14.245],[-16.5418,14.2462],[-16.5392,14.2441],[-16.5392,14.2402],[-16.5417,14.2382]]],[[[-16.5411,13.866],[-16.5437,13.8662],[-16.5464,13.8679],[-16.5492,13.8723],[-16.5464,13.8746],[-16.5441,13.8787],[-16.5426,13.8759],[-16.5393,13.8727],[-16.5407,13.8708],[-16.5411,13.866]]],[[[-16.5423,14.0555],[-16.5429,14.0591],[-16.5395,14.0588],[-16.5423,14.0555]]],[[[-16.5602,14.0836],[-16.5504,14.1193],[-16.5405,14.0995],[-16.5602,14.0836]]],[[[-16.5439,13.6869],[-16.5457,13.6899],[-16.5431,13.6912],[-16.5407,13.6881],[-16.5439,13.6869]]],[[[-16.5481,13.8963],[-16.55,13.8999],[-16.5463,13.8998],[-16.5454,13.9011],[-16.5457,13.906],[-16.5424,13.9058],[-16.5462,13.8983],[-16.5481,13.8963]]],[[[-16.5566,14.1713],[-16.5643,14.1844],[-16.5443,14.1886],[-16.5566,14.1713]]],[[[-16.544,14.0299],[-16.5466,14.0301],[-16.5475,14.032],[-16.544,14.033],[-16.544,14.0299]]],[[[-16.5522,13.6064],[-16.5527,13.6141],[-16.5542,13.6156],[-16.5573,13.6148],[-16.5582,13.6187],[-16.551,13.6175],[-16.5508,13.6151],[-16.5452,13.6123],[-16.5452,13.6094],[-16.5481,13.6087],[-16.5504,13.606],[-16.5522,13.6064]]],[[[-16.5578,14.0439],[-16.5568,14.0456],[-16.556,14.0509],[-16.55,14.0544],[-16.548,14.0503],[-16.5499,14.0447],[-16.5563,14.0458],[-16.5578,14.0439]]],[[[-16.5648,13.6084],[-16.5769,13.6255],[-16.5481,13.6039],[-16.5648,13.6084]]],[[[-16.5481,14.2048],[-16.5589,14.2072],[-16.5646,14.2063],[-16.5642,14.2095],[-16.5545,14.2088],[-16.5518,14.21],[-16.5494,14.2087],[-16.5481,14.2048]]],[[[-16.5674,13.8177],[-16.5687,13.8197],[-16.5603,13.8277],[-16.5569,13.8284],[-16.5506,13.8314],[-16.5482,13.8303],[-16.5493,13.8267],[-16.5511,13.8248],[-16.5486,13.8233],[-16.5503,13.8211],[-16.5537,13.8207],[-16.5582,13.819],[-16.5606,13.8219],[-16.5627,13.8223],[-16.5661,13.8202],[-16.5674,13.8177]]],[[[-16.5524,13.9757],[-16.5566,13.9801],[-16.5548,13.9827],[-16.5521,13.9839],[-16.5495,13.9823],[-16.549,13.9797],[-16.5505,13.9759],[-16.5524,13.9757]]],[[[-16.5573,12.9101],[-16.5592,12.9128],[-16.5541,12.917],[-16.5524,12.9195],[-16.5493,12.9149],[-16.5503,12.9126],[-16.553,12.9127],[-16.5573,12.9101]]],[[[-16.5524,13.6705],[-16.5529,13.6754],[-16.5502,13.6736],[-16.5497,13.6713],[-16.5524,13.6705]]],[[[-16.5518,13.653],[-16.555,13.6531],[-16.5559,13.6553],[-16.5549,13.6579],[-16.5518,13.653]]],[[[-16.5558,12.5756],[-16.5569,12.5806],[-16.5522,12.5795],[-16.5537,12.5758],[-16.5558,12.5756]]],[[[-16.5718,13.9629],[-16.5799,13.9862],[-16.5544,13.9887],[-16.5718,13.9629]]],[[[-16.5573,13.9689],[-16.5588,13.9709],[-16.558,13.974],[-16.56,13.9765],[-16.5571,13.9781],[-16.555,13.9729],[-16.5548,13.9701],[-16.5573,13.9689]]],[[[-16.5602,13.7222],[-16.5614,13.7253],[-16.5589,13.7263],[-16.5577,13.7243],[-16.5602,13.7222]]],[[[-16.5677,13.8609],[-16.5711,13.8628],[-16.571,13.8646],[-16.5737,13.868],[-16.573,13.8693],[-16.5689,13.8698],[-16.568,13.8728],[-16.5649,13.8729],[-16.5615,13.8789],[-16.5601,13.875],[-16.5579,13.8737],[-16.5634,13.867],[-16.5664,13.8613],[-16.5677,13.8609]]],[[[-16.5635,13.6717],[-16.5784,13.6987],[-16.5649,13.7168],[-16.5635,13.6717]]],[[[-16.5643,14.256],[-16.5637,14.2622],[-16.5609,14.2612],[-16.5627,14.2563],[-16.5643,14.256]]],[[[-16.5696,14.1001],[-16.5714,14.1004],[-16.5712,14.104],[-16.5662,14.1058],[-16.5638,14.1089],[-16.5633,14.1132],[-16.5615,14.1123],[-16.5616,14.1089],[-16.5696,14.1001]]],[[[-16.5661,12.8453],[-16.5652,12.8535],[-16.5658,12.8571],[-16.5634,12.8589],[-16.5626,12.8548],[-16.5642,12.8458],[-16.5661,12.8453]]],[[[-16.5636,13.6451],[-16.5668,13.646],[-16.5694,13.649],[-16.5681,13.6514],[-16.565,13.6506],[-16.5627,13.6465],[-16.5636,13.6451]]],[[[-16.5689,12.9185],[-16.5703,12.9214],[-16.5661,12.9241],[-16.5648,12.9218],[-16.5668,12.9187],[-16.5689,12.9185]]],[[[-16.5663,14.1692],[-16.5682,14.1722],[-16.5656,14.173],[-16.5663,14.1692]]],[[[-16.5671,13.887],[-16.5708,13.8881],[-16.5716,13.894],[-16.5695,13.8938],[-16.5657,13.8876],[-16.5671,13.887]]],[[[-16.5694,13.729],[-16.5721,13.7299],[-16.5721,13.7348],[-16.5742,13.7379],[-16.5682,13.7379],[-16.5664,13.7351],[-16.5657,13.7299],[-16.5694,13.729]]],[[[-16.5705,14.1926],[-16.5721,14.1954],[-16.5686,14.1957],[-16.5705,14.1926]]],[[[-16.5733,13.715],[-16.5722,13.7178],[-16.5764,13.7229],[-16.5781,13.7296],[-16.5758,13.7299],[-16.5703,13.7253],[-16.5706,13.7214],[-16.5688,13.7191],[-16.5688,13.7168],[-16.5733,13.715]]],[[[-16.5718,12.8251],[-16.5739,12.8298],[-16.5718,12.8307],[-16.5694,12.8295],[-16.5691,12.8254],[-16.5718,12.8251]]],[[[-16.5853,14.0532],[-16.5905,14.0732],[-16.571,14.0834],[-16.5853,14.0532]]],[[[-16.579,12.929],[-16.5887,12.9453],[-16.5737,12.9529],[-16.579,12.929]]],[[[-16.5846,13.9842],[-16.5851,13.9872],[-16.5839,13.9936],[-16.5783,13.9949],[-16.5724,13.9922],[-16.5722,13.9892],[-16.5757,13.9885],[-16.5804,13.989],[-16.5825,13.9845],[-16.5846,13.9842]]],[[[-16.5723,14.1082],[-16.576,14.1093],[-16.5774,14.1129],[-16.5773,14.1154],[-16.5736,14.1146],[-16.574,14.1112],[-16.5723,14.1082]]],[[[-16.5826,13.8443],[-16.5829,13.8499],[-16.5811,13.8527],[-16.5784,13.8535],[-16.579,13.8602],[-16.5769,13.8602],[-16.5775,13.8646],[-16.5748,13.8669],[-16.5736,13.8639],[-16.574,13.8602],[-16.5764,13.8587],[-16.5755,13.8502],[-16.5771,13.848],[-16.5797,13.8469],[-16.5826,13.8443]]],[[[-16.5745,14.0963],[-16.5783,14.0988],[-16.5783,14.1029],[-16.5755,14.1055],[-16.5739,14.1032],[-16.5736,14.0983],[-16.5745,14.0963]]],[[[-16.5772,13.7032],[-16.579,13.7077],[-16.5764,13.71],[-16.5745,13.7039],[-16.5772,13.7032]]],[[[-16.5755,12.9939],[-16.5776,12.9946],[-16.5786,12.9982],[-16.5745,12.9967],[-16.5755,12.9939]]],[[[-16.5786,12.9869],[-16.5827,12.9925],[-16.5818,12.9952],[-16.5786,12.9943],[-16.5765,12.9926],[-16.5752,12.9881],[-16.5786,12.9869]]],[[[-16.5778,14.1158],[-16.5821,14.1184],[-16.5825,14.1224],[-16.5807,14.1243],[-16.584,14.1271],[-16.5835,14.1291],[-16.5811,14.1302],[-16.579,14.1286],[-16.5792,14.1253],[-16.5757,14.1171],[-16.5778,14.1158]]],[[[-16.5785,13.7436],[-16.5805,13.7476],[-16.5801,13.753],[-16.5759,13.7525],[-16.5765,13.7469],[-16.5785,13.7436]]],[[[-16.5804,13.6779],[-16.584,13.6829],[-16.5862,13.6945],[-16.5837,13.6904],[-16.5831,13.685],[-16.5799,13.6835],[-16.5808,13.6817],[-16.5804,13.6779]]],[[[-16.5821,13.7],[-16.5852,13.7015],[-16.5851,13.7082],[-16.5893,13.7106],[-16.5897,13.7134],[-16.5926,13.7213],[-16.5914,13.7275],[-16.59,13.7306],[-16.5853,13.7231],[-16.5857,13.7205],[-16.5836,13.7139],[-16.5804,13.7131],[-16.5836,13.7033],[-16.5821,13.7]]],[[[-16.583,14.1012],[-16.5875,14.1037],[-16.5917,14.1025],[-16.5952,14.1056],[-16.592,14.1085],[-16.5913,14.1105],[-16.5923,14.1139],[-16.5897,14.1141],[-16.586,14.1085],[-16.5815,14.1085],[-16.5811,14.1034],[-16.583,14.1012]]],[[[-16.5829,13.9345],[-16.5864,13.9364],[-16.591,13.9403],[-16.5883,13.9465],[-16.5859,13.9434],[-16.5814,13.9437],[-16.5818,13.9388],[-16.5832,13.9372],[-16.5829,13.9345]]],[[[-16.5908,13.9216],[-16.5938,13.9227],[-16.5942,13.9245],[-16.592,13.9271],[-16.5943,13.9328],[-16.589,13.9331],[-16.5861,13.9345],[-16.5835,13.9331],[-16.5814,13.929],[-16.5838,13.9246],[-16.5881,13.9235],[-16.5908,13.9216]]],[[[-16.5843,13.8664],[-16.5868,13.8676],[-16.587,13.8725],[-16.5825,13.8746],[-16.5827,13.8682],[-16.5843,13.8664]]],[[[-16.584,14.0867],[-16.5875,14.0874],[-16.5868,14.0912],[-16.5902,14.094],[-16.5859,14.0978],[-16.5829,14.098],[-16.5849,14.092],[-16.584,14.0867]]],[[[-16.5978,13.7901],[-16.5981,13.7931],[-16.5947,13.7976],[-16.5849,13.7947],[-16.5851,13.7933],[-16.5907,13.7925],[-16.5939,13.7947],[-16.5978,13.7901]]],[[[-16.5899,13.992],[-16.591,13.9929],[-16.5986,13.9933],[-16.6008,13.9962],[-16.5952,13.9983],[-16.591,14.0009],[-16.5897,13.9998],[-16.5866,14.0003],[-16.5855,13.9957],[-16.5895,13.9936],[-16.5899,13.992]]],[[[-16.5865,13.8782],[-16.5886,13.8805],[-16.5921,13.8805],[-16.5942,13.8838],[-16.5884,13.8854],[-16.5857,13.879],[-16.5865,13.8782]]],[[[-16.5876,13.7629],[-16.5885,13.7635],[-16.5889,13.769],[-16.5862,13.7705],[-16.5863,13.7643],[-16.5876,13.7629]]],[[[-16.5991,13.9482],[-16.6028,13.9518],[-16.6037,13.9551],[-16.6,13.955],[-16.5977,13.958],[-16.6017,13.961],[-16.6021,13.9639],[-16.5984,13.9647],[-16.5982,13.9662],[-16.5942,13.966],[-16.5939,13.9688],[-16.5953,13.9701],[-16.5959,13.9742],[-16.5932,13.9767],[-16.5888,13.9777],[-16.5864,13.9753],[-16.5886,13.9673],[-16.5907,13.9645],[-16.5921,13.9561],[-16.5942,13.9549],[-16.5929,13.9518],[-16.5939,13.9504],[-16.5991,13.9482]]],[[[-16.5869,13.8913],[-16.5882,13.8929],[-16.5943,13.8937],[-16.5934,13.8998],[-16.5978,13.9061],[-16.5996,13.9063],[-16.6015,13.9111],[-16.5997,13.913],[-16.5952,13.9121],[-16.5928,13.9106],[-16.5936,13.9073],[-16.5911,13.9062],[-16.5906,13.9003],[-16.5884,13.8983],[-16.5869,13.8913]]],[[[-16.5885,13.6727],[-16.5929,13.6762],[-16.5922,13.6798],[-16.5995,13.6917],[-16.6033,13.696],[-16.6026,13.7063],[-16.605,13.7119],[-16.6042,13.713],[-16.6045,13.7191],[-16.6063,13.7213],[-16.6062,13.7253],[-16.6029,13.7292],[-16.6005,13.7256],[-16.6015,13.721],[-16.598,13.7191],[-16.5978,13.7158],[-16.5957,13.7158],[-16.5933,13.7135],[-16.5946,13.7103],[-16.5937,13.7068],[-16.588,13.7058],[-16.5897,13.7038],[-16.5902,13.6973],[-16.5879,13.6912],[-16.5896,13.6904],[-16.5885,13.6834],[-16.588,13.677],[-16.5899,13.6741],[-16.5885,13.6727]]],[[[-16.5887,12.8101],[-16.5938,12.8142],[-16.5932,12.8165],[-16.5896,12.8178],[-16.5895,12.8219],[-16.5921,12.8299],[-16.5904,12.8312],[-16.5884,12.8245],[-16.5881,12.8173],[-16.5887,12.8101]]],[[[-16.5905,13.8417],[-16.5947,13.8423],[-16.5962,13.8444],[-16.5961,13.8472],[-16.5942,13.8517],[-16.5913,13.8494],[-16.5921,13.846],[-16.5884,13.8439],[-16.5905,13.8417]]],[[[-16.5966,13.7346],[-16.597,13.7411],[-16.5994,13.7452],[-16.5977,13.7478],[-16.5951,13.748],[-16.5915,13.7401],[-16.5925,13.737],[-16.5966,13.7346]]],[[[-16.6006,13.975],[-16.6136,13.9885],[-16.5933,13.9871],[-16.6006,13.975]]],[[[-16.5923,13.7555],[-16.5932,13.7597],[-16.5949,13.7612],[-16.5979,13.7661],[-16.5944,13.7653],[-16.5919,13.7597],[-16.5923,13.7555]]],[[[-16.5938,14.1275],[-16.5961,14.1275],[-16.5967,14.1302],[-16.5999,14.1324],[-16.5963,14.1363],[-16.5983,14.1382],[-16.5976,14.1414],[-16.6018,14.1424],[-16.6044,14.1411],[-16.6103,14.1427],[-16.61,14.1508],[-16.6111,14.1535],[-16.6024,14.1524],[-16.5984,14.1494],[-16.5989,14.1473],[-16.6034,14.1487],[-16.6047,14.1477],[-16.5997,14.1445],[-16.5971,14.1448],[-16.5949,14.1414],[-16.5945,14.1373],[-16.5929,14.1347],[-16.5938,14.1275]]],[[[-16.5991,13.914],[-16.616,13.9163],[-16.6133,13.9321],[-16.5991,13.914]]],[[[-16.5936,14.111],[-16.5981,14.1114],[-16.5976,14.1136],[-16.5945,14.1128],[-16.5936,14.111]]],[[[-16.5951,13.8237],[-16.5974,13.8289],[-16.5957,13.8297],[-16.5938,13.8243],[-16.5951,13.8237]]],[[[-16.6034,13.8094],[-16.6205,13.8208],[-16.6001,13.8262],[-16.6034,13.8094]]],[[[-16.5961,13.9376],[-16.5986,13.9439],[-16.5946,13.9438],[-16.5961,13.9376]]],[[[-16.5965,13.7259],[-16.5979,13.7294],[-16.5947,13.7295],[-16.5965,13.7259]]],[[[-16.6001,12.8685],[-16.6012,12.8703],[-16.5985,12.8721],[-16.5999,12.8785],[-16.5977,12.8809],[-16.5992,12.8847],[-16.5999,12.8894],[-16.5984,12.8925],[-16.596,12.8817],[-16.5952,12.8814],[-16.5953,12.8734],[-16.5965,12.8714],[-16.5988,12.8711],[-16.6001,12.8685]]],[[[-16.5992,14.1136],[-16.6029,14.1171],[-16.6061,14.1167],[-16.609,14.1202],[-16.6091,14.1246],[-16.6129,14.1256],[-16.617,14.1279],[-16.6191,14.1317],[-16.6216,14.1387],[-16.6247,14.1379],[-16.6237,14.1423],[-16.6208,14.1477],[-16.6177,14.1477],[-16.6174,14.1446],[-16.6068,14.1393],[-16.6047,14.137],[-16.6028,14.1371],[-16.6024,14.1339],[-16.6057,14.1353],[-16.6081,14.1349],[-16.6077,14.1321],[-16.6091,14.1297],[-16.6064,14.1272],[-16.6043,14.1229],[-16.604,14.1202],[-16.6011,14.1208],[-16.5998,14.1173],[-16.5966,14.1174],[-16.5992,14.1136]]],[[[-16.6007,12.8332],[-16.6039,12.8351],[-16.6025,12.8407],[-16.6018,12.8458],[-16.5996,12.8453],[-16.6,12.8412],[-16.5967,12.8381],[-16.5982,12.8353],[-16.6007,12.8332]]],[[[-16.6027,14.0788],[-16.6056,14.0821],[-16.6034,14.0878],[-16.5998,14.087],[-16.5979,14.0829],[-16.6027,14.0788]]],[[[-16.599,12.8523],[-16.6032,12.8525],[-16.6036,12.8553],[-16.6056,12.8587],[-16.6043,12.8601],[-16.598,12.8599],[-16.599,12.8523]]],[[[-16.5981,13.84],[-16.6018,13.8402],[-16.6045,13.8488],[-16.6064,13.8497],[-16.6064,13.8535],[-16.6029,13.8527],[-16.6,13.8508],[-16.6008,13.8444],[-16.5984,13.8431],[-16.5981,13.84]]],[[[-16.6132,14.1453],[-16.6157,14.1464],[-16.6165,14.15],[-16.616,14.1547],[-16.6142,14.1573],[-16.6135,14.1614],[-16.6104,14.1631],[-16.6088,14.1619],[-16.603,14.1642],[-16.6017,14.1615],[-16.5995,14.161],[-16.5983,14.1584],[-16.5986,14.155],[-16.6016,14.1541],[-16.6039,14.1553],[-16.6103,14.1559],[-16.6134,14.1539],[-16.612,14.1488],[-16.6132,14.1453]]],[[[-16.6012,14.0616],[-16.6036,14.0618],[-16.6028,14.0649],[-16.601,14.0649],[-16.601,14.0695],[-16.5986,14.0698],[-16.5985,14.0649],[-16.6012,14.0616]]],[[[-16.6012,12.7952],[-16.6036,12.7978],[-16.6022,12.8007],[-16.6034,12.8051],[-16.6051,12.8082],[-16.6013,12.811],[-16.5985,12.8041],[-16.6002,12.7984],[-16.5988,12.7961],[-16.6012,12.7952]]],[[[-16.5986,13.6442],[-16.6055,13.646],[-16.6128,13.6508],[-16.6119,13.6549],[-16.6092,13.6501],[-16.6071,13.6498],[-16.6059,13.6476],[-16.5989,13.645],[-16.5986,13.6442]]],[[[-16.6004,12.9068],[-16.6032,12.9105],[-16.6082,12.9112],[-16.6086,12.9146],[-16.6065,12.9157],[-16.6025,12.9111],[-16.5991,12.9108],[-16.6004,12.9068]]],[[[-16.6066,13.0095],[-16.6066,13.0132],[-16.6095,13.0136],[-16.61,13.0161],[-16.6087,13.0184],[-16.6063,13.0176],[-16.605,13.0205],[-16.6029,13.0213],[-16.6004,13.0171],[-16.6021,13.012],[-16.6066,13.0095]]],[[[-16.6136,12.7548],[-16.6191,12.7579],[-16.6171,12.7635],[-16.6123,12.7656],[-16.6108,12.7678],[-16.6074,12.7682],[-16.6077,12.7726],[-16.6064,12.7739],[-16.6022,12.7744],[-16.601,12.7696],[-16.6037,12.768],[-16.6062,12.7636],[-16.6086,12.7615],[-16.611,12.7579],[-16.6131,12.7571],[-16.6136,12.7548]]],[[[-16.6859,14.0457],[-16.6994,14.066],[-16.6777,14.0614],[-16.6529,14.0743],[-16.6511,14.093],[-16.6281,14.0951],[-16.6308,14.0688],[-16.6015,14.0298],[-16.6286,14.0281],[-16.6191,14.0467],[-16.6384,14.0557],[-16.7064,14.0111],[-16.6859,14.0457]]],[[[-16.6028,12.7069],[-16.606,12.7108],[-16.6041,12.7118],[-16.6028,12.7069]]],[[[-16.6035,13.7337],[-16.6116,13.7356],[-16.611,13.7397],[-16.6114,13.7443],[-16.6085,13.7444],[-16.6068,13.7383],[-16.6028,13.7356],[-16.6035,13.7337]]],[[[-16.6201,14.1898],[-16.6277,14.2002],[-16.6127,14.2134],[-16.6051,14.1984],[-16.6201,14.1898]]],[[[-16.6093,13.8567],[-16.6108,13.8592],[-16.6088,13.8625],[-16.6056,13.8598],[-16.6093,13.8567]]],[[[-16.6098,13.9652],[-16.614,13.9652],[-16.6185,13.9672],[-16.619,13.9684],[-16.6126,13.9723],[-16.608,13.97],[-16.6077,13.9656],[-16.6098,13.9652]]],[[[-16.6082,13.7755],[-16.6136,13.7781],[-16.6119,13.7807],[-16.6098,13.7816],[-16.6082,13.7755]]],[[[-16.6112,13.8666],[-16.6123,13.8721],[-16.6102,13.8749],[-16.6085,13.8706],[-16.6085,13.8683],[-16.6112,13.8666]]],[[[-16.6106,13.8467],[-16.6148,13.8497],[-16.6176,13.8548],[-16.6208,13.8586],[-16.6248,13.8612],[-16.6253,13.864],[-16.627,13.8648],[-16.6305,13.8686],[-16.6305,13.871],[-16.6276,13.873],[-16.625,13.873],[-16.6259,13.8676],[-16.6239,13.8638],[-16.6209,13.8635],[-16.6192,13.8615],[-16.6207,13.8594],[-16.6175,13.8573],[-16.6146,13.8566],[-16.6119,13.8541],[-16.6111,13.8518],[-16.609,13.851],[-16.6106,13.8467]]],[[[-16.6136,12.5067],[-16.6155,12.5099],[-16.6095,12.5139],[-16.609,12.5114],[-16.6105,12.5085],[-16.6136,12.5067]]],[[[-16.6138,12.8325],[-16.6155,12.8334],[-16.617,12.8408],[-16.6099,12.8424],[-16.6093,12.8396],[-16.6099,12.8337],[-16.6138,12.8325]]],[[[-16.6095,12.8172],[-16.6119,12.8182],[-16.6143,12.8219],[-16.613,12.8249],[-16.6107,12.8239],[-16.6095,12.8172]]],[[[-16.6197,13.7645],[-16.6224,13.7664],[-16.6182,13.7729],[-16.6153,13.7744],[-16.6116,13.7746],[-16.6099,13.7727],[-16.6113,13.7702],[-16.615,13.7715],[-16.6183,13.7682],[-16.6197,13.7645]]],[[[-16.6113,14.0654],[-16.6145,14.0671],[-16.6102,14.0687],[-16.6113,14.0654]]],[[[-16.6139,12.5948],[-16.6135,12.5976],[-16.616,12.5975],[-16.6166,12.6002],[-16.6131,12.6007],[-16.6125,12.5966],[-16.6139,12.5948]]],[[[-16.6164,13.6565],[-16.6379,13.7037],[-16.6292,13.7268],[-16.6137,13.7129],[-16.6262,13.687],[-16.6164,13.6565]]],[[[-16.621,13.7499],[-16.6223,13.7515],[-16.6205,13.7556],[-16.6168,13.7572],[-16.6147,13.7554],[-16.6168,13.7537],[-16.6194,13.7541],[-16.621,13.7499]]],[[[-16.618,12.5873],[-16.6189,12.5917],[-16.6173,12.594],[-16.6151,12.5933],[-16.618,12.5873]]],[[[-16.622,13.9075],[-16.6242,13.9082],[-16.6256,13.9107],[-16.6313,13.9119],[-16.6316,13.9137],[-16.6292,13.9153],[-16.6287,13.9181],[-16.6227,13.9207],[-16.6223,13.9241],[-16.6293,13.9287],[-16.6314,13.9312],[-16.628,13.9336],[-16.6275,13.9351],[-16.6217,13.9386],[-16.6198,13.9375],[-16.6198,13.9313],[-16.6222,13.9303],[-16.6214,13.9281],[-16.6185,13.9273],[-16.6157,13.9249],[-16.6162,13.9228],[-16.6194,13.9187],[-16.6207,13.9081],[-16.622,13.9075]]],[[[-16.6171,13.8348],[-16.621,13.8357],[-16.6184,13.8379],[-16.6171,13.8348]]],[[[-16.6207,13.948],[-16.623,13.9524],[-16.6229,13.9547],[-16.6184,13.9566],[-16.6177,13.9504],[-16.6207,13.948]]],[[[-16.6191,14.1214],[-16.6215,14.1236],[-16.6216,14.1258],[-16.6191,14.1284],[-16.6184,14.1232],[-16.6191,14.1214]]],[[[-16.6227,13.7396],[-16.6233,13.7412],[-16.6212,13.7448],[-16.6189,13.7433],[-16.6209,13.7401],[-16.6227,13.7396]]],[[[-16.624,12.8009],[-16.6257,12.8011],[-16.6257,12.8052],[-16.6302,12.8076],[-16.6307,12.8106],[-16.6234,12.8117],[-16.6204,12.8081],[-16.619,12.804],[-16.6241,12.8045],[-16.624,12.8009]]],[[[-16.6255,14.1023],[-16.6406,14.1117],[-16.6198,14.1155],[-16.6255,14.1023]]],[[[-16.6285,13.8925],[-16.6307,13.8946],[-16.6284,13.8985],[-16.6297,13.9039],[-16.6294,13.9068],[-16.626,13.9043],[-16.6214,13.9035],[-16.6224,13.9014],[-16.6226,13.8973],[-16.6285,13.8925]]],[[[-16.6328,13.9687],[-16.6533,13.978],[-16.6223,13.9774],[-16.6328,13.9687]]],[[[-16.6266,13.8804],[-16.63,13.8825],[-16.6259,13.8891],[-16.6224,13.8849],[-16.624,13.8818],[-16.6266,13.8804]]],[[[-16.6275,13.8576],[-16.6296,13.859],[-16.6296,13.8614],[-16.6275,13.8625],[-16.6249,13.8604],[-16.6275,13.8576]]],[[[-16.6296,14.0121],[-16.6304,14.0147],[-16.627,14.017],[-16.6261,14.0137],[-16.6296,14.0121]]],[[[-16.6286,14.1223],[-16.6319,14.1244],[-16.6328,14.1273],[-16.636,14.129],[-16.6379,14.1373],[-16.6321,14.1365],[-16.6319,14.1332],[-16.6305,14.1293],[-16.6276,14.1291],[-16.6266,14.127],[-16.6286,14.1223]]],[[[-16.6302,13.9391],[-16.6323,13.9392],[-16.6313,13.9455],[-16.6286,13.9454],[-16.6268,13.9413],[-16.6302,13.9391]]],[[[-16.6328,13.8277],[-16.6352,13.828],[-16.6384,13.8315],[-16.6392,13.8351],[-16.635,13.8351],[-16.6342,13.8337],[-16.6308,13.8349],[-16.6284,13.8372],[-16.627,13.8354],[-16.6293,13.8331],[-16.6292,13.8305],[-16.6318,13.8299],[-16.6328,13.8277]]],[[[-16.6312,12.7977],[-16.6286,12.8007],[-16.6273,12.7984],[-16.6312,12.7977]]],[[[-16.66,14.0175],[-16.6675,14.0309],[-16.6512,14.0371],[-16.6302,14.0222],[-16.66,14.0175]]],[[[-16.6484,13.9445],[-16.6483,13.9593],[-16.6304,13.9531],[-16.6484,13.9445]]],[[[-16.6319,13.6227],[-16.6393,13.625],[-16.6426,13.6274],[-16.6456,13.6315],[-16.649,13.6385],[-16.6455,13.6384],[-16.6441,13.6342],[-16.6391,13.6344],[-16.6365,13.6319],[-16.6358,13.6277],[-16.6308,13.6258],[-16.6319,13.6227]]],[[[-16.6323,12.802],[-16.637,12.8054],[-16.6334,12.8077],[-16.6308,12.8044],[-16.6323,12.802]]],[[[-16.64,12.7441],[-16.642,12.7469],[-16.6405,12.7523],[-16.6409,12.7554],[-16.6383,12.7577],[-16.6341,12.7578],[-16.635,12.7523],[-16.6364,12.7523],[-16.6368,12.7456],[-16.64,12.7441]]],[[[-16.6351,13.8852],[-16.6408,13.8907],[-16.642,13.8941],[-16.6399,13.8946],[-16.638,13.8923],[-16.6376,13.8882],[-16.6343,13.8875],[-16.6351,13.8852]]],[[[-16.6347,12.8527],[-16.6369,12.8533],[-16.6378,12.8585],[-16.6413,12.8597],[-16.6408,12.8623],[-16.6355,12.8624],[-16.6346,12.8598],[-16.6347,12.8527]]],[[[-16.6435,13.6594],[-16.6411,13.6681],[-16.6401,13.6774],[-16.6385,13.6728],[-16.6357,13.669],[-16.6382,13.6679],[-16.6409,13.6621],[-16.6435,13.6594]]],[[[-16.6372,12.8397],[-16.64,12.8412],[-16.6393,12.8482],[-16.636,12.8461],[-16.6358,12.8428],[-16.6372,12.8397]]],[[[-16.6411,12.7944],[-16.6442,12.7958],[-16.6438,12.7989],[-16.637,12.7974],[-16.6372,12.7957],[-16.6411,12.7944]]],[[[-16.637,12.3599],[-16.6531,12.3598],[-16.6502,12.3607],[-16.6447,12.3635],[-16.6439,12.3612],[-16.637,12.3599]]],[[[-16.6422,12.6704],[-16.6434,12.6745],[-16.6412,12.6755],[-16.6383,12.6743],[-16.6403,12.6712],[-16.6422,12.6704]]],[[[-16.6403,13.8474],[-16.644,13.8474],[-16.647,13.8496],[-16.649,13.8525],[-16.6465,13.8567],[-16.6428,13.855],[-16.6399,13.8549],[-16.6387,13.8531],[-16.6405,13.8513],[-16.6403,13.8474]]],[[[-16.6416,12.4066],[-16.6426,12.4117],[-16.6396,12.4117],[-16.6416,12.4066]]],[[[-16.6433,14.114],[-16.6477,14.1179],[-16.6511,14.1189],[-16.6505,14.123],[-16.645,14.1263],[-16.6397,14.1257],[-16.6404,14.121],[-16.6398,14.1172],[-16.6405,14.1151],[-16.6433,14.114]]],[[[-16.6468,13.8708],[-16.6513,13.8716],[-16.6508,13.8752],[-16.6456,13.8769],[-16.64,13.8763],[-16.6426,13.8742],[-16.6429,13.8724],[-16.6468,13.8708]]],[[[-16.6413,14.1307],[-16.6458,14.1322],[-16.6463,14.1341],[-16.6413,14.137],[-16.6407,14.1357],[-16.6413,14.1307]]],[[[-16.6441,14.008],[-16.6494,14.0094],[-16.6481,14.0134],[-16.6426,14.0123],[-16.6423,14.0096],[-16.6441,14.008]]],[[[-16.6744,13.894],[-16.6851,13.9159],[-16.6707,13.9098],[-16.6684,13.9511],[-16.6706,13.8972],[-16.6429,13.8787],[-16.6744,13.894]]],[[[-16.643,12.7224],[-16.6459,12.7225],[-16.6488,12.726],[-16.644,12.7258],[-16.643,12.7224]]],[[[-16.6897,12.8258],[-16.7092,12.8487],[-16.6815,12.8572],[-16.6432,12.8054],[-16.6982,12.8097],[-16.6897,12.8258]]],[[[-16.6503,12.787],[-16.6497,12.793],[-16.648,12.7943],[-16.6446,12.7939],[-16.644,12.7915],[-16.6472,12.7903],[-16.6503,12.787]]],[[[-16.6528,13.8588],[-16.6655,13.867],[-16.6463,13.8678],[-16.6528,13.8588]]],[[[-16.6451,13.8891],[-16.6495,13.8925],[-16.6481,13.8943],[-16.6451,13.8891]]],[[[-16.658,12.6367],[-16.6573,12.6615],[-16.6459,12.6428],[-16.658,12.6367]]],[[[-16.6545,13.9056],[-16.655,13.9078],[-16.6579,13.9076],[-16.6598,13.9099],[-16.6585,13.9135],[-16.6537,13.9138],[-16.6527,13.9118],[-16.6498,13.9105],[-16.6496,13.9087],[-16.6545,13.9056]]],[[[-16.653,12.8468],[-16.6558,12.8483],[-16.6538,12.8508],[-16.6504,12.8512],[-16.653,12.8468]]],[[[-16.6551,12.3854],[-16.6538,12.3892],[-16.651,12.388],[-16.6522,12.3859],[-16.6551,12.3854]]],[[[-16.6575,12.4753],[-16.6617,12.4781],[-16.6605,12.4832],[-16.6603,12.4899],[-16.6613,12.4944],[-16.6565,12.4942],[-16.6546,12.4933],[-16.6536,12.4866],[-16.6517,12.4843],[-16.654,12.4822],[-16.6564,12.4757],[-16.6575,12.4753]]],[[[-16.6579,12.7517],[-16.6572,12.7566],[-16.6551,12.757],[-16.6519,12.7553],[-16.6579,12.7517]]],[[[-16.6535,12.7634],[-16.6567,12.7651],[-16.6536,12.7694],[-16.652,12.7645],[-16.6535,12.7634]]],[[[-16.6601,13.9519],[-16.6599,13.9594],[-16.6655,13.9601],[-16.6654,13.9627],[-16.6626,13.9663],[-16.661,13.9735],[-16.6634,13.9756],[-16.6603,13.9792],[-16.6588,13.9756],[-16.6607,13.971],[-16.6592,13.9704],[-16.6604,13.9663],[-16.6573,13.9635],[-16.6538,13.962],[-16.6531,13.9576],[-16.6559,13.9553],[-16.6566,13.9524],[-16.6601,13.9519]]],[[[-16.655,12.3598],[-16.6658,12.3598],[-16.6668,12.3613],[-16.6586,12.3656],[-16.6539,12.3663],[-16.655,12.3598]]],[[[-16.6547,13.9805],[-16.6579,13.9823],[-16.6566,13.9852],[-16.6541,13.9826],[-16.6547,13.9805]]],[[[-16.6643,12.4399],[-16.6647,12.4451],[-16.6628,12.45],[-16.6604,12.4506],[-16.6543,12.4485],[-16.6573,12.4473],[-16.6607,12.4478],[-16.6632,12.4448],[-16.6643,12.4399]]],[[[-16.6994,12.8715],[-16.6962,12.9089],[-16.6552,12.8519],[-16.6994,12.8715]]],[[[-16.6599,12.9266],[-16.6625,12.9267],[-16.6637,12.9297],[-16.6633,12.9329],[-16.6586,12.932],[-16.6552,12.9295],[-16.6549,12.9274],[-16.6599,12.9266]]],[[[-16.6584,12.7832],[-16.6699,12.7895],[-16.6561,12.7978],[-16.6584,12.7832]]],[[[-16.6634,13.9806],[-16.666,13.9841],[-16.6661,13.9859],[-16.663,13.9873],[-16.6587,13.9862],[-16.6599,13.9833],[-16.6634,13.9806]]],[[[-16.6619,12.7186],[-16.6648,12.7185],[-16.6667,12.722],[-16.6681,12.7225],[-16.6673,12.7261],[-16.6652,12.7267],[-16.6643,12.7218],[-16.6617,12.7223],[-16.6619,12.7186]]],[[[-16.6635,12.6344],[-16.67,12.6352],[-16.67,12.6372],[-16.6719,12.6419],[-16.6682,12.6399],[-16.6648,12.6396],[-16.6635,12.6344]]],[[[-16.6692,13.0208],[-16.6697,13.0224],[-16.665,13.0234],[-16.6657,13.021],[-16.6692,13.0208]]],[[[-16.6673,12.9442],[-16.6704,12.9451],[-16.6684,12.9497],[-16.6661,12.95],[-16.6654,12.9464],[-16.6673,12.9442]]],[[[-16.6729,12.668],[-16.6752,12.6699],[-16.6746,12.6743],[-16.6714,12.6844],[-16.6676,12.6872],[-16.6697,12.6813],[-16.6687,12.6725],[-16.6724,12.671],[-16.6729,12.668]]],[[[-16.6697,13.969],[-16.6736,13.9758],[-16.6733,13.9795],[-16.6683,13.9748],[-16.6697,13.969]]],[[[-16.708,12.3441],[-16.7708,12.404],[-16.7883,12.4536],[-16.7914,12.4839],[-16.7521,12.5454],[-16.7726,12.4875],[-16.7451,12.5284],[-16.7531,12.5081],[-16.7411,12.5206],[-16.735,12.5034],[-16.6925,12.5042],[-16.7631,12.4712],[-16.7549,12.4583],[-16.7772,12.4647],[-16.7693,12.4454],[-16.7589,12.4576],[-16.732,12.449],[-16.7505,12.4262],[-16.7203,12.4206],[-16.7326,12.3828],[-16.7231,12.378],[-16.7165,12.3986],[-16.6949,12.3923],[-16.6881,12.4084],[-16.7066,12.3725],[-16.67,12.3598],[-16.708,12.3441]]],[[[-16.6722,12.4003],[-16.6742,12.4038],[-16.6714,12.4064],[-16.6706,12.4033],[-16.6722,12.4003]]],[[[-16.6793,14.0182],[-16.679,14.0214],[-16.6769,14.0216],[-16.6748,14.0253],[-16.6711,14.0232],[-16.6707,14.0201],[-16.6753,14.0186],[-16.6793,14.0182]]],[[[-16.6711,12.7937],[-16.6753,12.7941],[-16.6741,12.7969],[-16.6721,12.7967],[-16.6711,12.7937]]],[[[-16.6765,12.3775],[-16.6799,12.3779],[-16.6836,12.3803],[-16.6852,12.3858],[-16.6826,12.3867],[-16.6823,12.3839],[-16.6723,12.3829],[-16.6728,12.3791],[-16.6765,12.3775]]],[[[-16.677,12.8904],[-16.6778,12.894],[-16.6757,12.8943],[-16.6751,12.891],[-16.677,12.8904]]],[[[-16.6836,13.7785],[-16.6873,13.7796],[-16.6826,13.7864],[-16.6776,13.7897],[-16.6772,13.7859],[-16.6797,13.7841],[-16.6794,13.7823],[-16.6836,13.7785]]],[[[-16.678,12.6166],[-16.6846,12.6178],[-16.6809,12.6204],[-16.678,12.6166]]],[[[-16.6804,12.7768],[-16.6836,12.7822],[-16.6782,12.7807],[-16.6804,12.7768]]],[[[-16.7084,12.6679],[-16.7204,12.7202],[-16.7076,12.6821],[-16.6831,12.6704],[-16.6888,12.6174],[-16.7132,12.6333],[-16.7016,12.6252],[-16.6976,12.6368],[-16.7084,12.6679]]],[[[-16.6811,12.446],[-16.6803,12.4548],[-16.6844,12.4586],[-16.6823,12.4612],[-16.6792,12.455],[-16.679,12.4478],[-16.6811,12.446]]],[[[-16.6851,13.954],[-16.7025,13.9841],[-16.6816,13.9796],[-16.6851,13.954]]],[[[-16.6887,12.5198],[-16.689,12.5208],[-16.6835,12.5248],[-16.6803,12.5282],[-16.6811,12.5228],[-16.6858,12.5216],[-16.6887,12.5198]]],[[[-16.6853,12.4916],[-16.685,12.4942],[-16.6812,12.4937],[-16.6806,12.491],[-16.6845,12.492],[-16.6853,12.4916]]],[[[-16.6822,12.8894],[-16.6877,12.8919],[-16.6872,12.8938],[-16.6825,12.8945],[-16.681,12.893],[-16.6822,12.8894]]],[[[-16.685,12.4779],[-16.6853,12.4805],[-16.6879,12.4831],[-16.6911,12.4806],[-16.6965,12.4791],[-16.6951,12.483],[-16.6929,12.4857],[-16.6879,12.4859],[-16.6811,12.4849],[-16.6812,12.482],[-16.6834,12.4784],[-16.685,12.4779]]],[[[-16.6864,13.9388],[-16.6851,13.9435],[-16.6814,13.9435],[-16.6814,13.9412],[-16.6843,13.9407],[-16.6864,13.9388]]],[[[-16.6848,13.8668],[-16.6856,13.8693],[-16.6832,13.8714],[-16.6818,13.868],[-16.6848,13.8668]]],[[[-16.6905,12.5149],[-16.6872,12.5173],[-16.6861,12.5207],[-16.6821,12.5199],[-16.6905,12.5149]]],[[[-16.6865,12.4607],[-16.688,12.4619],[-16.6873,12.4648],[-16.6852,12.465],[-16.6865,12.4607]]],[[[-16.6885,13.9442],[-16.6894,13.9468],[-16.6893,13.9504],[-16.6864,13.95],[-16.6854,13.9473],[-16.6885,13.9442]]],[[[-16.6868,13.8131],[-16.6907,13.8136],[-16.6936,13.815],[-16.6972,13.8216],[-16.6991,13.8275],[-16.7021,13.8323],[-16.7051,13.835],[-16.7074,13.8354],[-16.7075,13.8429],[-16.7025,13.8437],[-16.6994,13.8432],[-16.6995,13.8398],[-16.6973,13.837],[-16.6958,13.83],[-16.6922,13.831],[-16.69,13.8282],[-16.6932,13.8278],[-16.6942,13.8252],[-16.6917,13.8212],[-16.6892,13.8201],[-16.6886,13.817],[-16.6859,13.8152],[-16.6868,13.8131]]],[[[-16.6897,12.9048],[-16.689,12.9068],[-16.6913,12.9097],[-16.6876,12.9107],[-16.688,12.9053],[-16.6897,12.9048]]],[[[-16.691,12.7875],[-16.6918,12.7909],[-16.6882,12.7894],[-16.691,12.7875]]],[[[-16.7288,12.4436],[-16.7291,12.4472],[-16.7249,12.4474],[-16.7171,12.4498],[-16.7139,12.4521],[-16.7116,12.4524],[-16.7085,12.4561],[-16.7061,12.4564],[-16.704,12.459],[-16.6991,12.4608],[-16.6967,12.4639],[-16.6949,12.4647],[-16.6902,12.4565],[-16.6902,12.4537],[-16.6922,12.4517],[-16.6932,12.4472],[-16.696,12.4487],[-16.6966,12.4514],[-16.705,12.4529],[-16.7139,12.4498],[-16.7115,12.4463],[-16.7123,12.4441],[-16.7168,12.4453],[-16.7168,12.4487],[-16.7202,12.4473],[-16.7199,12.4458],[-16.7252,12.4451],[-16.7288,12.4436]]],[[[-16.6951,12.4142],[-16.6958,12.4168],[-16.6931,12.4194],[-16.6951,12.4216],[-16.6934,12.424],[-16.6912,12.4207],[-16.6912,12.4173],[-16.6933,12.4168],[-16.6951,12.4142]]],[[[-16.6943,12.6954],[-16.698,12.6991],[-16.7011,12.6977],[-16.7029,12.7009],[-16.7028,12.7084],[-16.6994,12.7076],[-16.7,12.7045],[-16.6962,12.7055],[-16.693,12.7048],[-16.6915,12.702],[-16.6962,12.7015],[-16.6946,12.6986],[-16.6943,12.6954]]],[[[-16.6985,12.5415],[-16.6978,12.5455],[-16.6931,12.546],[-16.6933,12.5425],[-16.6985,12.5415]]],[[[-16.6979,12.7616],[-16.7003,12.7621],[-16.7015,12.7656],[-16.7037,12.7675],[-16.7063,12.7672],[-16.7069,12.7717],[-16.7056,12.7755],[-16.7037,12.773],[-16.7024,12.7676],[-16.7,12.7643],[-16.6962,12.7639],[-16.6982,12.7695],[-16.6933,12.7656],[-16.6979,12.7616]]],[[[-16.6952,12.913],[-16.6977,12.9143],[-16.6984,12.9184],[-16.6966,12.9204],[-16.699,12.9262],[-16.6948,12.9263],[-16.6933,12.9251],[-16.6937,12.9215],[-16.6972,12.9158],[-16.6952,12.913]]],[[[-16.697,13.9585],[-16.6979,13.9609],[-16.695,13.9627],[-16.6939,13.9602],[-16.697,13.9585]]],[[[-16.6954,12.4299],[-16.7,12.4307],[-16.7007,12.4333],[-16.6944,12.4342],[-16.6954,12.4299]]],[[[-16.7192,13.8193],[-16.7238,13.8631],[-16.6948,13.7907],[-16.7192,13.8193]]],[[[-16.699,14.0397],[-16.7015,14.0405],[-16.7011,14.0431],[-16.6969,14.0441],[-16.6963,14.0415],[-16.699,14.0397]]],[[[-16.727,12.5222],[-16.724,12.5444],[-16.6973,12.5598],[-16.727,12.5222]]],[[[-16.6982,12.6878],[-16.7009,12.6886],[-16.7003,12.6909],[-16.6969,12.6906],[-16.6982,12.6878]]],[[[-16.698,13.1593],[-16.698,13.1592],[-16.699,13.1605],[-16.6983,13.1598],[-16.698,13.1593]]],[[[-16.6983,12.5106],[-16.7038,12.5121],[-16.7065,12.5166],[-16.6981,12.5148],[-16.6983,12.5106]]],[[[-16.6995,12.4042],[-16.7027,12.4044],[-16.7011,12.4081],[-16.6992,12.4078],[-16.6995,12.4042]]],[[[-16.7001,12.4133],[-16.7029,12.4137],[-16.7058,12.4175],[-16.703,12.4186],[-16.7001,12.4175],[-16.7001,12.4133]]],[[[-16.7104,12.5891],[-16.7151,12.5916],[-16.7122,12.5932],[-16.7039,12.594],[-16.7004,12.5931],[-16.7057,12.59],[-16.7104,12.5891]]],[[[-16.7082,12.4211],[-16.7098,12.4233],[-16.7124,12.4225],[-16.7132,12.4245],[-16.7102,12.4252],[-16.7112,12.4291],[-16.7165,12.4295],[-16.7107,12.4349],[-16.7098,12.4368],[-16.7103,12.4402],[-16.7068,12.4434],[-16.7018,12.4399],[-16.7036,12.4389],[-16.7086,12.434],[-16.7093,12.4306],[-16.7078,12.4301],[-16.708,12.426],[-16.7064,12.4252],[-16.7064,12.4216],[-16.7082,12.4211]]],[[[-16.7053,12.4873],[-16.7048,12.4911],[-16.7019,12.4906],[-16.7053,12.4873]]],[[[-16.715,14.028],[-16.7181,14.0284],[-16.7195,14.0311],[-16.7158,14.0316],[-16.7151,14.0334],[-16.7157,14.0386],[-16.7151,14.0406],[-16.7093,14.0456],[-16.7083,14.0494],[-16.7031,14.0515],[-16.7035,14.0433],[-16.7059,14.0386],[-16.7047,14.0363],[-16.7055,14.0338],[-16.711,14.0318],[-16.715,14.028]]],[[[-16.7057,12.7489],[-16.7076,12.7493],[-16.7078,12.7537],[-16.7044,12.7517],[-16.7057,12.7489]]],[[[-16.7056,12.8533],[-16.7116,12.8543],[-16.7131,12.8557],[-16.7119,12.858],[-16.7128,12.8648],[-16.7078,12.8655],[-16.7072,12.8624],[-16.7047,12.8606],[-16.706,12.8548],[-16.7056,12.8533]]],[[[-16.7146,12.6109],[-16.706,12.5987],[-16.7242,12.6164],[-16.7255,12.6018],[-16.7429,12.6708],[-16.7146,12.6109]]],[[[-16.7106,12.7363],[-16.7122,12.7364],[-16.7152,12.7402],[-16.7135,12.7427],[-16.7116,12.7483],[-16.7125,12.7521],[-16.7102,12.7535],[-16.709,12.7506],[-16.7097,12.7452],[-16.7079,12.7411],[-16.7106,12.7363]]],[[[-16.71,13.961],[-16.712,13.9618],[-16.7132,13.967],[-16.7087,13.968],[-16.7082,13.9639],[-16.71,13.961]]],[[[-16.7101,13.8258],[-16.7118,13.8274],[-16.7123,13.831],[-16.7097,13.8315],[-16.7086,13.8287],[-16.7101,13.8258]]],[[[-16.7215,13.9414],[-16.7362,13.9575],[-16.7235,13.9746],[-16.7088,13.9539],[-16.7215,13.9414]]],[[[-16.7094,12.8773],[-16.7119,12.8778],[-16.7139,12.8819],[-16.7103,12.8827],[-16.7094,12.8773]]],[[[-16.7108,12.6594],[-16.7135,12.6666],[-16.7152,12.6689],[-16.7166,12.6753],[-16.714,12.6743],[-16.7116,12.6674],[-16.7108,12.6594]]],[[[-16.714,12.4149],[-16.7146,12.4184],[-16.7132,12.4211],[-16.7112,12.4185],[-16.714,12.4149]]],[[[-16.727,13.8708],[-16.733,13.9037],[-16.7133,13.9057],[-16.727,13.8708]]],[[[-16.7194,14.0217],[-16.7217,14.0233],[-16.7218,14.0269],[-16.7187,14.0266],[-16.7157,14.0249],[-16.7194,14.0217]]],[[[-16.7252,12.7197],[-16.7342,12.7408],[-16.7158,12.7311],[-16.7252,12.7197]]],[[[-16.7194,12.6408],[-16.7226,12.6457],[-16.7245,12.6554],[-16.7214,12.6536],[-16.7204,12.649],[-16.7185,12.6449],[-16.7178,12.6409],[-16.7194,12.6408]]],[[[-16.7241,12.4356],[-16.7273,12.4359],[-16.7264,12.4393],[-16.7207,12.4409],[-16.7194,12.4393],[-16.7241,12.4356]]],[[[-16.7232,13.9971],[-16.7253,13.9986],[-16.7294,14.0045],[-16.7299,14.0086],[-16.7275,14.0102],[-16.727,14.0169],[-16.7203,14.0179],[-16.7213,14.0143],[-16.7218,14.003],[-16.7232,13.9971]]],[[[-16.7205,12.6926],[-16.7236,12.6977],[-16.7252,12.7041],[-16.7248,12.7067],[-16.7272,12.7108],[-16.7295,12.7165],[-16.7298,12.7195],[-16.7313,12.7216],[-16.732,12.7257],[-16.7355,12.7288],[-16.7365,12.7334],[-16.735,12.7334],[-16.7323,12.7303],[-16.729,12.7237],[-16.7264,12.7157],[-16.7236,12.7031],[-16.7205,12.6926]]],[[[-16.7313,12.4239],[-16.7334,12.4251],[-16.7345,12.4281],[-16.7321,12.4314],[-16.728,12.4313],[-16.7238,12.4348],[-16.7218,12.4336],[-16.7256,12.4312],[-16.7248,12.4252],[-16.7279,12.4269],[-16.7313,12.4239]]],[[[-16.7287,12.391],[-16.7293,12.3944],[-16.7256,12.396],[-16.7238,12.3952],[-16.7256,12.3919],[-16.7287,12.391]]],[[[-16.7266,12.6682],[-16.7295,12.6691],[-16.7313,12.6726],[-16.7285,12.6724],[-16.7266,12.6682]]],[[[-16.7277,13.1067],[-16.7271,13.1066],[-16.7315,13.1048],[-16.732,13.1075],[-16.7277,13.1067]]],[[[-16.7282,12.7451],[-16.7351,12.7522],[-16.7317,12.7538],[-16.7296,12.751],[-16.7282,12.7451]]],[[[-16.7362,12.5312],[-16.7385,12.5335],[-16.7388,12.5399],[-16.7375,12.5435],[-16.7339,12.5497],[-16.7317,12.5547],[-16.7295,12.5529],[-16.7285,12.5499],[-16.7325,12.5485],[-16.7365,12.5402],[-16.7362,12.5312]]],[[[-16.7305,12.5806],[-16.7335,12.5817],[-16.7337,12.5834],[-16.7298,12.5843],[-16.7287,12.5825],[-16.7305,12.5806]]],[[[-16.7289,13.8446],[-16.7328,13.8494],[-16.7344,13.8532],[-16.7324,13.8539],[-16.7313,13.8478],[-16.7289,13.8446]]],[[[-16.7392,13.9874],[-16.7383,13.9926],[-16.739,13.9964],[-16.743,13.9961],[-16.7437,13.9914],[-16.7474,13.9912],[-16.7473,13.993],[-16.7445,13.9964],[-16.7435,14.0028],[-16.7424,14.0044],[-16.7424,14.0077],[-16.7393,14.0124],[-16.7376,14.0163],[-16.7355,14.016],[-16.7357,14.0123],[-16.7375,14.0121],[-16.7387,14.0093],[-16.7354,14.0078],[-16.7343,14.0055],[-16.7317,14.0037],[-16.7351,13.999],[-16.7306,13.9955],[-16.7311,13.9939],[-16.7347,13.9912],[-16.7376,13.9878],[-16.7392,13.9874]]],[[[-16.7649,12.6065],[-16.7762,12.6407],[-16.7582,12.6416],[-16.7628,12.58],[-16.7491,12.611],[-16.7327,12.5905],[-16.7509,12.5762],[-16.7377,12.5716],[-16.7671,12.5774],[-16.7649,12.6065]]],[[[-16.7455,12.4612],[-16.7484,12.4636],[-16.7413,12.4644],[-16.7355,12.4677],[-16.7332,12.4656],[-16.7372,12.4639],[-16.7455,12.4625],[-16.7455,12.4612]]],[[[-16.7457,12.4562],[-16.7439,12.4589],[-16.7368,12.4596],[-16.7363,12.458],[-16.7433,12.4575],[-16.7457,12.4562]]],[[[-16.7384,12.4205],[-16.7397,12.4242],[-16.7379,12.425],[-16.7365,12.4218],[-16.7384,12.4205]]],[[[-16.7471,13.064],[-16.7464,13.0645],[-16.7449,13.0641],[-16.7412,13.0538],[-16.7374,13.0464],[-16.7404,13.0477],[-16.7431,13.0559],[-16.7471,13.064]]],[[[-16.7408,12.6214],[-16.7442,12.6235],[-16.746,12.6337],[-16.7473,12.6385],[-16.7493,12.6417],[-16.7531,12.6447],[-16.7547,12.6511],[-16.7568,12.6516],[-16.7591,12.657],[-16.7558,12.6581],[-16.7558,12.6599],[-16.7534,12.6616],[-16.7535,12.6573],[-16.7502,12.6584],[-16.75,12.656],[-16.7521,12.6532],[-16.75,12.6493],[-16.7467,12.6391],[-16.7441,12.6365],[-16.7449,12.6326],[-16.7444,12.6293],[-16.7426,12.6253],[-16.7401,12.6231],[-16.7408,12.6214]]],[[[-16.742,13.0654],[-16.7437,13.0701],[-16.7416,13.0719],[-16.742,13.0654]]],[[[-16.7486,13.9803],[-16.7504,13.9806],[-16.7482,13.9899],[-16.745,13.9889],[-16.7431,13.9851],[-16.7486,13.9803]]],[[[-16.7526,12.8134],[-16.7543,12.8144],[-16.7541,12.8186],[-16.7579,12.8247],[-16.7545,12.8255],[-16.7537,12.8284],[-16.7557,12.8304],[-16.7538,12.8325],[-16.7529,12.8394],[-16.7507,12.8436],[-16.7468,12.8459],[-16.7467,12.8403],[-16.7492,12.8374],[-16.7451,12.8359],[-16.7447,12.8305],[-16.7459,12.8289],[-16.7506,12.8286],[-16.7492,12.825],[-16.7457,12.8245],[-16.7451,12.8186],[-16.7488,12.8173],[-16.7494,12.8145],[-16.7526,12.8134]]],[[[-16.7448,12.8703],[-16.7473,12.8717],[-16.7465,12.8779],[-16.7449,12.8766],[-16.7455,12.874],[-16.7448,12.8703]]],[[[-16.7451,12.7639],[-16.7496,12.7681],[-16.747,12.7702],[-16.7451,12.7639]]],[[[-16.7468,12.8489],[-16.7513,12.851],[-16.7521,12.8523],[-16.7515,12.8603],[-16.7503,12.8634],[-16.7461,12.8637],[-16.7461,12.8593],[-16.7489,12.8585],[-16.7468,12.8557],[-16.7475,12.8529],[-16.7457,12.8503],[-16.7468,12.8489]]],[[[-16.7472,12.6108],[-16.7499,12.6117],[-16.7502,12.6215],[-16.7468,12.6208],[-16.7464,12.6138],[-16.7472,12.6108]]],[[[-16.7498,12.7195],[-16.7506,12.7238],[-16.7475,12.7241],[-16.7485,12.7199],[-16.7498,12.7195]]],[[[-16.7512,12.6916],[-16.7529,12.6936],[-16.7574,12.6967],[-16.757,12.7003],[-16.7541,12.7062],[-16.7539,12.7006],[-16.7519,12.7021],[-16.752,12.707],[-16.7537,12.7135],[-16.7507,12.7143],[-16.7486,12.7107],[-16.7484,12.7047],[-16.7501,12.7016],[-16.7512,12.6916]]],[[[-16.7598,13.8525],[-16.7605,13.8556],[-16.7609,13.8693],[-16.7594,13.8793],[-16.7561,13.8759],[-16.7586,13.8754],[-16.7601,13.8721],[-16.7603,13.8618],[-16.7577,13.864],[-16.7546,13.8639],[-16.7566,13.8605],[-16.7568,13.8528],[-16.7538,13.8405],[-16.7551,13.8374],[-16.7549,13.834],[-16.7507,13.8325],[-16.7487,13.8258],[-16.7489,13.8202],[-16.751,13.8153],[-16.7524,13.814],[-16.7517,13.8114],[-16.7538,13.8088],[-16.7528,13.8073],[-16.754,13.8039],[-16.756,13.8022],[-16.758,13.8044],[-16.7596,13.81],[-16.7602,13.8178],[-16.7595,13.8327],[-16.7593,13.8489],[-16.7598,13.8525]]],[[[-16.7514,12.8002],[-16.7564,12.8023],[-16.7554,12.804],[-16.7499,12.8058],[-16.7491,12.8024],[-16.7514,12.8002]]],[[[-16.7583,12.7755],[-16.7612,12.777],[-16.7605,12.7871],[-16.7574,12.7843],[-16.7546,12.7833],[-16.7505,12.7784],[-16.7534,12.7784],[-16.757,12.7825],[-16.7598,12.7837],[-16.7583,12.7755]]],[[[-16.7516,12.8946],[-16.7524,12.8987],[-16.7505,12.8987],[-16.7516,12.8946]]],[[[-16.7595,12.6758],[-16.7623,12.6771],[-16.7632,12.6807],[-16.7614,12.6828],[-16.758,12.6835],[-16.758,12.6872],[-16.7543,12.6874],[-16.7531,12.6846],[-16.7535,12.682],[-16.7514,12.6788],[-16.7556,12.6796],[-16.7574,12.6779],[-16.7608,12.6803],[-16.7619,12.6776],[-16.7595,12.6758]]],[[[-16.753,12.757],[-16.7547,12.7583],[-16.7558,12.7639],[-16.7579,12.768],[-16.7565,12.7704],[-16.753,12.757]]],[[[-16.7567,12.6091],[-16.758,12.6127],[-16.7592,12.6194],[-16.7561,12.6174],[-16.7571,12.6143],[-16.7547,12.6127],[-16.7541,12.6099],[-16.7567,12.6091]]],[[[-16.7568,12.664],[-16.758,12.666],[-16.758,12.6717],[-16.7563,12.6717],[-16.7558,12.6673],[-16.7544,12.6644],[-16.7568,12.664]]],[[[-16.7732,12.735],[-16.7881,12.7503],[-16.7665,12.7744],[-16.7547,12.7442],[-16.7864,12.6941],[-16.7732,12.735]]],[[[-16.7564,12.6434],[-16.7583,12.6485],[-16.761,12.6529],[-16.763,12.6539],[-16.762,12.6567],[-16.7594,12.6549],[-16.7558,12.646],[-16.7564,12.6434]]],[[[-16.7716,12.6791],[-16.7728,12.6796],[-16.7715,12.684],[-16.769,12.6879],[-16.7671,12.6948],[-16.7656,12.7044],[-16.7608,12.7152],[-16.7585,12.7155],[-16.7576,12.7103],[-16.7605,12.7083],[-16.7657,12.6992],[-16.7628,12.6997],[-16.7597,12.7057],[-16.7583,12.7054],[-16.7602,12.6985],[-16.7599,12.6954],[-16.7572,12.6903],[-16.7593,12.6892],[-16.7616,12.691],[-16.7635,12.6907],[-16.7642,12.6881],[-16.763,12.6842],[-16.7693,12.6873],[-16.7712,12.6827],[-16.7716,12.6791]]],[[[-16.7622,12.7946],[-16.7645,12.7974],[-16.7613,12.8005],[-16.7599,12.7969],[-16.7622,12.7946]]],[[[-16.7652,14.079],[-16.7691,14.0822],[-16.7694,14.0843],[-16.7669,14.089],[-16.7645,14.0895],[-16.7601,14.0826],[-16.7652,14.079]]],[[[-16.763,12.8085],[-16.7657,12.81],[-16.7658,12.8146],[-16.7646,12.8234],[-16.7653,12.8249],[-16.7639,12.8311],[-16.7641,12.8329],[-16.7619,12.8381],[-16.7618,12.8309],[-16.7629,12.8273],[-16.7652,12.8162],[-16.7652,12.8123],[-16.7623,12.8116],[-16.763,12.8085]]],[[[-16.772,12.7788],[-16.7718,12.7832],[-16.7696,12.785],[-16.7679,12.7896],[-16.7658,12.7901],[-16.7673,12.7829],[-16.772,12.7788]]],[[[-16.7769,12.6515],[-16.7789,12.6723],[-16.7672,12.6568],[-16.7769,12.6515]]],[[[-16.8188,14.1496],[-16.8245,14.1509],[-16.8247,14.1532],[-16.8226,14.1545],[-16.8188,14.1496]]],[[[-16.8315,14.156],[-16.8311,14.1616],[-16.8266,14.1654],[-16.8255,14.1637],[-16.8292,14.1616],[-16.8315,14.156]]],[[[-17.3973,14.6632],[-17.3999,14.668],[-17.3971,14.668],[-17.3964,14.6647],[-17.3973,14.6632]]],[[[-17.4707,14.6518],[-17.4723,14.6551],[-17.4699,14.6557],[-17.4688,14.6526],[-17.4707,14.6518]]]]}},{"type":"Feature","properties":{"NAM_0":"Ethiopia"},"geometry":{"type":"MultiPolygon","coordinates":[[[[35.2571,11.9347],[35.6617,12.6366],[35.6984,12.6731],[35.7398,12.6566],[36.0091,12.7242],[36.0749,12.7258],[36.099,12.6892],[36.1599,12.6972],[36.1764,12.9037],[36.1494,12.918],[36.143,12.9472],[36.2824,13.3738],[36.3909,13.547],[36.4088,13.659],[36.4517,13.7768],[36.4972,13.8348],[36.4657,13.978],[36.5663,14.2654],[36.5558,14.2841],[36.634,14.3124],[36.6944,14.3011],[36.7408,14.3223],[36.8333,14.3087],[36.8667,14.3221],[36.9725,14.2921],[37.0185,14.2521],[37.098,14.2762],[37.1038,14.3438],[37.1341,14.4083],[37.2204,14.4448],[37.2472,14.4333],[37.312,14.4478],[37.3919,14.3667],[37.3801,14.3437],[37.4032,14.3387],[37.3945,14.2999],[37.4522,14.2508],[37.4694,14.2546],[37.4673,14.215],[37.4973,14.1832],[37.528,14.1841],[37.9127,14.8941],[37.9658,14.8326],[37.9696,14.8002],[37.9858,14.8088],[37.9901,14.777],[38.0218,14.7619],[38.016,14.7435],[38.0441,14.7192],[38.0924,14.7162],[38.1415,14.6769],[38.1865,14.6785],[38.1922,14.6951],[38.2571,14.6795],[38.2701,14.6176],[38.3129,14.5893],[38.3641,14.4932],[38.4244,14.4697],[38.4549,14.4135],[38.4861,14.4243],[38.5205,14.4077],[38.5706,14.4357],[38.6474,14.4433],[38.7048,14.4709],[38.7983,14.4677],[38.8499,14.5004],[38.9004,14.5054],[38.9297,14.5383],[38.9787,14.5461],[39.0321,14.639],[39.0991,14.6358],[39.1547,14.6533],[39.1692,14.6494],[39.1574,14.6083],[39.2053,14.5653],[39.2412,14.5633],[39.261,14.5165],[39.2659,14.4846],[39.2278,14.4497],[39.255,14.4103],[39.3013,14.4699],[39.3464,14.4663],[39.3286,14.4939],[39.36,14.4833],[39.3579,14.5275],[39.3731,14.5395],[39.3977,14.5434],[39.4192,14.5136],[39.4894,14.5052],[39.496,14.4838],[39.5374,14.4917],[39.5068,14.5212],[39.5096,14.5517],[39.5321,14.5838],[39.587,14.6088],[39.6696,14.598],[39.7132,14.5557],[39.771,14.5451],[39.7948,14.5029],[39.8721,14.469],[39.9304,14.4138],[39.9563,14.4171],[39.9885,14.455],[40.009,14.4491],[40.0695,14.5407],[40.1281,14.5475],[40.1475,14.5392],[40.2133,14.3867],[40.2595,14.4115],[40.4517,14.3074],[40.8087,14.1724],[40.9422,14.0816],[41.1699,13.7289],[41.3074,13.5796],[41.4017,13.5025],[41.6438,13.3855],[41.6673,13.3239],[41.721,13.2755],[41.7356,13.2366],[41.8911,13.0734],[41.9663,12.9246],[42.0271,12.8674],[42.0564,12.8012],[42.2183,12.765],[42.2787,12.6353],[42.4043,12.4686],[42.3371,12.3792],[42.3151,12.3079],[42.245,12.2466],[42.1593,12.117],[42.145,12.0707],[42.1372,12.0799],[41.9726,11.8392],[41.9477,11.8113],[41.8975,11.793],[41.8911,11.7563],[41.8352,11.7328],[41.771,11.4958],[41.81,11.2778],[41.7878,10.978],[41.9505,10.9401],[41.938,10.9344],[41.9459,10.9131],[41.9758,10.9305],[42.0636,10.9262],[42.0766,10.9571],[42.1484,10.9825],[42.1983,10.9649],[42.3459,11.0016],[42.4213,10.9826],[42.4951,11.035],[42.6084,11.0715],[42.6341,11.0962],[42.6902,11.0552],[42.7504,11.0805],[42.7833,11.0348],[42.7901,10.988],[42.8904,10.9702],[42.9672,10.9972],[42.9132,10.8815],[42.8575,10.8531],[42.8301,10.7909],[42.7548,10.7108],[42.7143,10.6377],[42.6707,10.6189],[42.7043,10.5424],[42.7983,10.4527],[42.7992,10.3486],[42.8518,10.2521],[42.8546,10.2181],[43.009,10.0865],[43.0874,9.9026],[43.116,9.8868],[43.1489,9.8989],[43.255,9.8468],[43.2988,9.6066],[43.3279,9.6032],[43.3946,9.5558],[43.4623,9.4164],[43.5206,9.3797],[43.643,9.3568],[43.9953,9.0032],[47.001,8.0011],[48.0011,8.0013],[45.9949,5.9955],[44.9705,4.9133],[44.0104,4.9593],[43.635,4.8546],[43.3258,4.7363],[43.0816,4.607],[43.035,4.5627],[42.9991,4.4654],[42.9329,4.3584],[42.8441,4.2835],[42.6764,4.2541],[42.5408,4.2108],[42.0797,4.1793],[42.0211,4.1113],[41.9907,4.1055],[41.9808,4.0802],[41.9509,4.0629],[41.9443,4.0087],[41.8336,3.9472],[41.7975,3.9586],[41.7902,3.9794],[41.7523,3.9726],[41.7176,3.9948],[41.6757,3.9588],[41.6359,3.9852],[41.5696,3.968],[41.551,3.9839],[41.5173,3.9542],[41.502,3.9677],[41.4199,3.949],[41.3913,3.9648],[41.3263,3.9393],[41.2433,3.9614],[41.1967,3.938],[41.103,3.9929],[41.0368,4.0787],[40.9557,4.1451],[40.9056,4.1576],[40.884,4.2141],[40.8462,4.249],[40.756,4.2844],[40.7251,4.2536],[40.1886,4.0488],[40.1556,4.0171],[39.8657,3.8705],[39.773,3.6715],[39.5881,3.4921],[39.5534,3.4047],[39.5145,3.4138],[39.493,3.4715],[39.4409,3.4594],[39.3317,3.4697],[39.3282,3.5062],[39.2965,3.48],[39.1899,3.4843],[39.1884,3.4979],[39.0872,3.5446],[39.0198,3.5172],[38.9656,3.5353],[38.956,3.52],[38.9027,3.5169],[38.7125,3.5766],[38.6834,3.6292],[38.6633,3.5979],[38.6117,3.6176],[38.576,3.6094],[38.5362,3.6594],[38.5132,3.6553],[38.5195,3.6333],[38.4457,3.6071],[38.1816,3.6247],[38.1272,3.6104],[38.045,3.6764],[38.0069,3.7312],[37.9177,3.7756],[37.1273,4.2975],[37.0338,4.3853],[37.0192,4.3755],[36.8434,4.4519],[36.0501,4.4569],[35.9396,4.5513],[35.962,4.5676],[35.9382,4.5869],[35.949,4.631],[35.8093,4.7907],[35.8182,5.1032],[35.8658,5.1839],[35.8262,5.2493],[35.8591,5.2901],[35.8623,5.3203],[35.7727,5.3489],[35.7179,5.392],[35.6208,5.382],[35.618,5.404],[35.5377,5.4238],[35.473,5.4124],[35.4118,5.3645],[35.316,5.3348],[35.2887,5.3815],[35.3145,5.4982],[35.126,5.6244],[35.1301,5.6874],[34.9977,5.897],[35.0113,5.9184],[34.9908,5.9532],[35.0091,6.0073],[34.9933,6.0365],[35.0049,6.0757],[34.9716,6.0893],[34.9644,6.1405],[34.9783,6.187],[34.9504,6.2464],[34.9886,6.3158],[35.0006,6.3501],[34.9917,6.3937],[35.0121,6.4071],[35.0215,6.4427],[35.0083,6.4757],[34.9586,6.5059],[34.9389,6.5582],[34.8908,6.579],[34.8902,6.6003],[34.8646,6.6112],[34.7678,6.5949],[34.7143,6.6545],[34.7095,6.6867],[34.6407,6.7406],[34.6246,6.7435],[34.6183,6.7235],[34.531,6.7453],[34.5428,6.8178],[34.5264,6.8606],[34.5107,6.8576],[34.5081,6.882],[34.4698,6.9191],[34.3736,6.9126],[34.2926,6.9486],[34.3054,6.9779],[34.2563,7.0119],[34.2316,7.0045],[34.221,7.0387],[34.1921,7.0428],[34.1904,7.1314],[34.1034,7.171],[34.1014,7.1934],[34.0211,7.2471],[34.0127,7.2709],[34.0414,7.2759],[34.0367,7.3567],[34.0079,7.3817],[34.0043,7.4185],[33.9589,7.4484],[33.9573,7.4692],[33.9256,7.4745],[33.8988,7.5389],[33.8047,7.5729],[33.7405,7.6217],[33.7153,7.6633],[33.6469,7.6935],[33.5424,7.6937],[33.518,7.7355],[33.4842,7.7358],[33.4631,7.7535],[33.4545,7.7381],[33.4353,7.7568],[33.4182,7.7379],[33.3997,7.73],[33.3809,7.743],[33.3633,7.7205],[33.3504,7.729],[33.34,7.7074],[33.3231,7.708],[33.3171,7.7306],[33.3031,7.7272],[33.2964,7.7489],[33.255,7.7607],[33.2464,7.7796],[33.2045,7.7733],[33.1589,7.803],[33.1563,7.7891],[33.1085,7.7799],[33.0915,7.8034],[33.0468,7.7905],[33.0459,7.814],[33.0048,7.8585],[33.0163,7.8942],[32.9975,7.9439],[33.0378,7.9675],[33.0396,8.0092],[33.077,8.0214],[33.0854,8.0744],[33.1198,8.062],[33.1199,8.1105],[33.1598,8.1117],[33.1932,8.132],[33.1891,8.1684],[33.1662,8.1952],[33.1979,8.2155],[33.205,8.2397],[33.1756,8.2555],[33.1699,8.2958],[33.1975,8.3001],[33.1917,8.3343],[33.2175,8.3432],[33.2153,8.3608],[33.1944,8.3521],[33.1869,8.3832],[33.1901,8.4059],[33.217,8.4078],[33.2196,8.4353],[33.2352,8.4255],[33.2709,8.4627],[33.2921,8.44],[33.3136,8.4683],[33.3951,8.4263],[33.4212,8.4526],[33.4774,8.4564],[33.4963,8.4812],[33.5212,8.4681],[33.5589,8.4745],[33.5689,8.4513],[33.5989,8.4435],[33.6182,8.4723],[33.6777,8.4445],[33.6794,8.4093],[33.7012,8.3781],[33.7679,8.3675],[33.8016,8.3994],[33.8761,8.4114],[33.8743,8.4533],[33.8972,8.4828],[33.972,8.5044],[33.9754,8.4928],[34.0251,8.4902],[34.0452,8.53],[34.1006,8.5559],[34.1455,8.6077],[34.1455,9.0328],[34.102,9.5567],[34.1619,9.7655],[34.224,9.8865],[34.2334,10.0494],[34.3337,10.119],[34.3468,10.2427],[34.2975,10.399],[34.3089,10.4525],[34.2802,10.5387],[34.2946,10.5849],[34.3908,10.6775],[34.4656,10.8139],[34.6028,10.906],[34.7627,10.7563],[34.7947,10.7541],[34.7771,10.7093],[34.7871,10.7064],[34.8046,10.726],[34.8366,10.7111],[34.8672,10.73],[34.879,10.7571],[34.8664,10.7636],[34.8692,10.8052],[34.9874,10.8901],[34.9531,10.9493],[35.0005,11.1871],[34.9651,11.2333],[34.9284,11.2376],[35.045,11.421],[35.0459,11.478],[35.0774,11.5347],[35.0828,11.6442],[35.0436,11.7341],[35.0869,11.8075],[35.2571,11.9347]]]]}},{"type":"Feature","properties":{"NAM_0":"Kenya"},"geometry":{"type":"MultiPolygon","coordinates":[[[[34.3631,0.7768],[34.4141,0.8077],[34.4157,0.8406],[34.4467,0.8604],[34.4516,0.8983],[34.4807,0.936],[34.4946,1.0416],[34.5261,1.1063],[34.5747,1.0993],[34.5799,1.147],[34.6496,1.1761],[34.6699,1.2056],[34.7952,1.2195],[34.8315,1.2667],[34.8293,1.3069],[34.7717,1.419],[34.8127,1.4393],[34.8473,1.4359],[34.8647,1.5265],[34.944,1.5751],[34.9608,1.604],[34.9908,1.6637],[35.033,1.9145],[34.9861,1.9817],[34.9146,2.3936],[34.9179,2.4216],[34.9544,2.464],[34.9349,2.5134],[34.9148,2.5144],[34.8953,2.5903],[34.88,2.57],[34.8538,2.5808],[34.7765,2.6944],[34.7849,2.7459],[34.7618,2.8258],[34.7028,2.8742],[34.6936,2.8597],[34.6543,2.8643],[34.6407,2.9031],[34.6,2.9212],[34.5742,3.0942],[34.5459,3.1328],[34.4947,3.1383],[34.4557,3.1793],[34.4482,3.2779],[34.4294,3.3408],[34.4003,3.3746],[34.4169,3.4479],[34.3894,3.4889],[34.4235,3.488],[34.4509,3.5155],[34.463,3.6673],[34.4029,3.6905],[34.3701,3.7322],[34.3245,3.725],[34.303,3.6833],[34.3081,3.7096],[34.2459,3.7815],[34.1723,3.7644],[34.1887,3.7921],[34.1532,3.8043],[34.1794,3.8286],[34.2256,3.8275],[34.2158,3.8789],[34.0889,3.8583],[34.0913,3.8827],[34.1195,3.8992],[34.1345,3.9595],[34.0618,4.0073],[34.0603,4.0251],[34.0923,4.045],[34.0501,4.1182],[34.0664,4.1401],[34.0474,4.1755],[33.9921,4.2186],[34.377,4.6171],[35.5988,4.624],[35.7023,4.5877],[35.7064,4.6247],[35.949,4.631],[35.9382,4.5869],[35.962,4.5676],[35.9396,4.5513],[36.0501,4.4569],[36.8434,4.4519],[37.0192,4.3755],[37.0277,4.3874],[37.0449,4.3781],[37.1273,4.2975],[37.9177,3.7756],[38.0069,3.7312],[38.045,3.6764],[38.1272,3.6104],[38.1816,3.6247],[38.4457,3.6071],[38.5195,3.6333],[38.5132,3.6553],[38.5362,3.6594],[38.576,3.6094],[38.6117,3.6176],[38.6633,3.5979],[38.6834,3.6292],[38.7125,3.5766],[38.9027,3.5169],[38.956,3.52],[38.9656,3.5353],[39.0198,3.5172],[39.0872,3.5446],[39.1884,3.4979],[39.1899,3.4843],[39.2965,3.48],[39.3282,3.5062],[39.3317,3.4697],[39.4409,3.4594],[39.493,3.4715],[39.5145,3.4138],[39.5435,3.4043],[39.5881,3.4921],[39.773,3.6715],[39.8657,3.8705],[40.1556,4.0171],[40.1886,4.0488],[40.7251,4.2536],[40.7607,4.2856],[40.8462,4.249],[40.884,4.2141],[40.9056,4.1576],[40.9557,4.1451],[41.0368,4.0787],[41.103,3.9929],[41.1967,3.938],[41.2433,3.9614],[41.3263,3.9393],[41.3913,3.9648],[41.4199,3.949],[41.502,3.9677],[41.5173,3.9542],[41.551,3.9839],[41.5696,3.968],[41.6359,3.9852],[41.6757,3.9588],[41.7176,3.9948],[41.7523,3.9726],[41.7902,3.9794],[41.7975,3.9586],[41.8336,3.9472],[41.9069,3.9827],[41.3309,3.1576],[40.9921,2.8218],[40.9935,-0.8334],[41.5589,-1.5986],[41.5594,-1.6621],[41.3875,-1.8661],[41.367,-1.8635],[41.3897,-1.8712],[41.2794,-1.9851],[41.2837,-1.942],[41.2609,-1.9389],[41.2443,-1.9592],[41.2382,-1.9415],[41.2547,-1.9173],[41.221,-1.9111],[41.2242,-1.8919],[41.1464,-1.9561],[41.1717,-1.9542],[41.1703,-1.9707],[41.1488,-1.9735],[41.1447,-1.9602],[41.1191,-1.9796],[41.117,-1.9646],[41.0927,-1.9719],[41.0318,-2.0469],[41.0118,-2.0527],[41.0085,-2.0323],[40.9915,-2.0372],[40.9841,-2.0217],[40.9865,-1.9498],[41.0483,-1.8918],[41.0403,-1.878],[40.9849,-1.9109],[40.9899,-1.9302],[40.9664,-1.9447],[40.9745,-1.9864],[40.9535,-2.0256],[40.9655,-2.0516],[40.9471,-2.0796],[40.9205,-2.0342],[40.9361,-2.0156],[40.9202,-2.011],[40.9206,-1.994],[40.8806,-1.9907],[40.8757,-1.9646],[40.8558,-1.9706],[40.8404,-1.9402],[40.847,-1.9622],[40.7676,-1.9404],[40.8707,-2.0002],[40.833,-2.0207],[40.905,-2.0145],[40.9023,-2.0489],[40.8802,-2.0459],[40.8949,-2.0649],[40.8597,-2.0732],[40.9084,-2.079],[40.92,-2.211],[40.9332,-2.2248],[40.9011,-2.2044],[40.8876,-2.2118],[40.8855,-2.1922],[40.8717,-2.2056],[40.8842,-2.2185],[40.8631,-2.2177],[40.8791,-2.2244],[40.8635,-2.2358],[40.872,-2.2419],[40.7974,-2.2365],[40.7831,-2.2643],[40.7722,-2.2444],[40.7595,-2.2572],[40.7318,-2.2411],[40.7023,-2.208],[40.7286,-2.2437],[40.7125,-2.2635],[40.7378,-2.2614],[40.7583,-2.3034],[40.7137,-2.2743],[40.6932,-2.2923],[40.7042,-2.3095],[40.7604,-2.3207],[40.7811,-2.3678],[40.7676,-2.3716],[40.7794,-2.3777],[40.7721,-2.3977],[40.7993,-2.3496],[40.822,-2.3634],[40.8232,-2.3946],[40.771,-2.4531],[40.7075,-2.4747],[40.6087,-2.5609],[40.5069,-2.5205],[40.5246,-2.5363],[40.4552,-2.5423],[40.3476,-2.5912],[40.3915,-2.5616],[40.3627,-2.5625],[40.2641,-2.6396],[40.1964,-2.7402],[40.2036,-2.6701],[40.178,-2.7405],[40.1557,-2.7284],[40.1723,-2.7505],[40.1591,-2.7938],[40.1803,-2.8188],[40.1511,-2.9423],[40.1542,-2.9742],[40.1719,-2.9784],[40.1655,-3.0057],[40.1529,-3.0064],[40.1573,-3.0387],[40.1854,-2.9972],[40.2392,-2.9791],[40.2398,-2.9922],[40.2037,-3.0081],[40.1722,-3.0462],[40.157,-3.0906],[40.1622,-3.1369],[40.1449,-3.1603],[40.1268,-3.1522],[40.1431,-3.17],[40.1217,-3.2012],[40.1327,-3.2571],[40.1199,-3.2919],[39.9756,-3.3891],[39.9717,-3.3769],[39.9916,-3.3668],[39.993,-3.3177],[39.9384,-3.3488],[39.9362,-3.3872],[39.967,-3.3919],[39.9686,-3.4084],[39.8703,-3.6327],[39.8447,-3.6346],[39.8154,-3.6066],[39.7826,-3.6127],[39.7674,-3.5904],[39.7804,-3.614],[39.8049,-3.6142],[39.8106,-3.6282],[39.7813,-3.6235],[39.7969,-3.6457],[39.8371,-3.6335],[39.8619,-3.6422],[39.8661,-3.6776],[39.8391,-3.676],[39.8317,-3.69],[39.8635,-3.6793],[39.8703,-3.698],[39.7716,-3.9476],[39.718,-3.9523],[39.7041,-3.933],[39.7186,-3.8995],[39.692,-3.9119],[39.7028,-3.9518],[39.6883,-3.9518],[39.7633,-3.9628],[39.7311,-3.9995],[39.7312,-4.0204],[39.6854,-4.0627],[39.6612,-4.0212],[39.6712,-4.0037],[39.661,-3.9601],[39.6492,-3.9627],[39.6595,-3.9918],[39.6171,-3.9784],[39.6073,-3.9605],[39.6048,-3.9821],[39.6366,-3.9923],[39.6443,-4.0292],[39.6752,-4.0356],[39.6824,-4.0717],[39.6677,-4.0796],[39.6475,-4.0612],[39.65,-4.0337],[39.5874,-4.0448],[39.5642,-4.0144],[39.5375,-4.0306],[39.5605,-4.0504],[39.5732,-4.0295],[39.5725,-4.0803],[39.5322,-4.0772],[39.578,-4.0932],[39.5803,-4.1189],[39.5937,-4.0653],[39.6377,-4.0506],[39.6747,-4.0939],[39.6134,-4.2061],[39.5389,-4.4382],[39.5319,-4.4065],[39.5085,-4.4011],[39.5125,-4.4284],[39.4631,-4.5331],[39.4557,-4.5149],[39.4274,-4.5138],[39.4112,-4.5499],[39.3778,-4.551],[39.4015,-4.6475],[39.3093,-4.6335],[39.3366,-4.561],[39.3159,-4.5574],[39.3177,-4.5683],[39.2793,-4.5814],[39.2417,-4.5709],[39.2543,-4.6034],[39.2258,-4.6148],[39.2183,-4.6645],[39.1984,-4.6683],[37.786,-3.6769],[37.7441,-3.544],[37.6724,-3.5057],[37.6,-3.5213],[37.6252,-3.4678],[37.5863,-3.4624],[37.5853,-3.4404],[37.6808,-3.3564],[37.6857,-3.323],[37.7121,-3.3114],[37.6729,-3.0609],[37.6019,-3.0123],[34.0818,-1.0225],[34.0474,-1.04],[34.0269,-1.0],[33.9341,-1.0],[33.929,-0.4582],[33.9842,-0.1321],[33.9106,0.1044],[34.0404,0.273],[34.059,0.3227],[34.0994,0.347],[34.1094,0.3731],[34.0889,0.4555],[34.1192,0.4809],[34.1388,0.5828],[34.1976,0.6237],[34.2776,0.6409],[34.2792,0.6798],[34.3134,0.7004],[34.3147,0.7613],[34.3631,0.7768]]],[[[41.4949,-1.7719],[41.4931,-1.77],[41.4953,-1.7686],[41.4959,-1.7624],[41.4993,-1.7619],[41.5018,-1.7603],[41.5029,-1.7621],[41.4989,-1.767],[41.4986,-1.7683],[41.4949,-1.7719]]],[[[41.4346,-1.8457],[41.4351,-1.8408],[41.4374,-1.8377],[41.4387,-1.8418],[41.4358,-1.8431],[41.4346,-1.8457]]],[[[41.3855,-1.8913],[41.3896,-1.8849],[41.3927,-1.8833],[41.3929,-1.8815],[41.3957,-1.8795],[41.3983,-1.8741],[41.401,-1.8699],[41.4083,-1.8614],[41.4111,-1.856],[41.4223,-1.8501],[41.4264,-1.8471],[41.4305,-1.8465],[41.4309,-1.8493],[41.4287,-1.8508],[41.4251,-1.8515],[41.4216,-1.8573],[41.4172,-1.8599],[41.4135,-1.8648],[41.4108,-1.8663],[41.4101,-1.8684],[41.4067,-1.8703],[41.405,-1.8729],[41.4011,-1.8761],[41.3986,-1.8795],[41.3932,-1.8833],[41.3911,-1.8868],[41.3878,-1.8906],[41.3855,-1.8913]]],[[[41.3934,-1.8656],[41.3942,-1.8635],[41.399,-1.8595],[41.4019,-1.8619],[41.3934,-1.8656]]],[[[41.3495,-1.9251],[41.3538,-1.9195],[41.3559,-1.916],[41.3582,-1.9153],[41.3593,-1.911],[41.3615,-1.911],[41.3607,-1.9149],[41.358,-1.9169],[41.3556,-1.9205],[41.3533,-1.9215],[41.3495,-1.9251]]],[[[41.328,-1.9481],[41.3293,-1.9447],[41.3328,-1.9382],[41.3345,-1.9378],[41.3387,-1.9331],[41.3395,-1.9303],[41.3428,-1.9297],[41.3438,-1.9309],[41.3385,-1.9373],[41.3362,-1.9384],[41.3341,-1.9416],[41.328,-1.9481]]],[[[41.2518,-2.0345],[41.2513,-2.033],[41.2544,-2.0312],[41.2549,-2.0286],[41.2601,-2.0237],[41.2628,-2.0154],[41.2656,-2.0131],[41.2666,-2.0105],[41.269,-2.0085],[41.2717,-2.0038],[41.2748,-2.0046],[41.2748,-1.9987],[41.2794,-1.9974],[41.2825,-1.9935],[41.284,-1.9932],[41.2854,-1.9891],[41.2914,-1.9827],[41.2937,-1.9791],[41.2958,-1.9785],[41.3042,-1.9684],[41.307,-1.9682],[41.3066,-1.9718],[41.305,-1.9757],[41.3024,-1.9763],[41.2982,-1.9821],[41.2933,-1.9858],[41.2895,-1.9938],[41.2838,-1.9989],[41.2802,-2.005],[41.2756,-2.0091],[41.2712,-2.014],[41.2684,-2.0161],[41.2647,-2.0221],[41.2569,-2.0314],[41.2554,-2.0314],[41.2518,-2.0345]]],[[[41.2773,-1.9618],[41.2774,-1.959],[41.276,-1.9525],[41.2793,-1.9502],[41.2829,-1.9497],[41.2841,-1.9518],[41.2834,-1.9585],[41.2801,-1.9613],[41.2773,-1.9618]]],[[[41.2558,-1.9635],[41.2517,-1.9628],[41.2532,-1.9599],[41.2558,-1.9635]]],[[[41.2437,-1.9277],[41.2435,-1.9232],[41.2455,-1.9215],[41.2473,-1.9227],[41.2458,-1.926],[41.2437,-1.9277]]],[[[41.2263,-1.9221],[41.2239,-1.9196],[41.2245,-1.9176],[41.2277,-1.9173],[41.2263,-1.9221]]],[[[41.212,-1.9352],[41.2094,-1.9343],[41.2091,-1.9305],[41.213,-1.9243],[41.2096,-1.9233],[41.2094,-1.9194],[41.2114,-1.9186],[41.2112,-1.9122],[41.2132,-1.914],[41.2137,-1.9225],[41.2172,-1.9253],[41.2155,-1.9287],[41.2123,-1.9282],[41.2132,-1.9347],[41.212,-1.9352]]],[[[41.2152,-2.0194],[41.2141,-2.017],[41.2082,-2.0169],[41.2039,-2.0147],[41.2031,-2.0122],[41.2041,-2.0068],[41.2108,-2.0088],[41.2113,-2.0116],[41.214,-2.0127],[41.2155,-2.0155],[41.2152,-2.0194]]],[[[41.191,-1.9838],[41.1892,-1.9833],[41.1867,-1.9792],[41.1897,-1.9761],[41.1914,-1.9795],[41.191,-1.9838]]],[[[41.1701,-1.9955],[41.1675,-1.9949],[41.1665,-1.9919],[41.1685,-1.9911],[41.1739,-1.9921],[41.1726,-1.9885],[41.1764,-1.9888],[41.1785,-1.9862],[41.1777,-1.9841],[41.1822,-1.9841],[41.1821,-1.9911],[41.1805,-1.993],[41.1762,-1.9935],[41.1749,-1.9946],[41.1693,-1.9933],[41.1701,-1.9955]]],[[[41.0633,-2.0974],[41.0843,-2.0528],[41.164,-2.0838],[41.1418,-2.1001],[41.1371,-2.0863],[41.1105,-2.0856],[41.0967,-2.102],[41.114,-2.1365],[41.1016,-2.1428],[41.085,-2.1401],[41.0921,-2.1154],[41.0537,-2.1364],[41.0633,-2.0974]]],[[[41.1588,-1.987],[41.1598,-1.9827],[41.1577,-1.9822],[41.1542,-1.9839],[41.1524,-1.9795],[41.1565,-1.9773],[41.16,-1.978],[41.1622,-1.9816],[41.1612,-1.9852],[41.1588,-1.987]]],[[[41.1423,-2.1187],[41.1255,-2.1081],[41.1343,-2.0933],[41.1551,-2.1117],[41.1423,-2.1187]]],[[[41.1542,-1.988],[41.1531,-1.9874],[41.146,-1.9871],[41.1475,-1.9852],[41.1539,-1.9852],[41.1542,-1.988]]],[[[41.1063,-1.9803],[41.1005,-1.976],[41.1052,-1.9765],[41.1063,-1.9803]]],[[[41.1004,-1.9842],[41.0988,-1.984],[41.0995,-1.9796],[41.1027,-1.9788],[41.1023,-1.9819],[41.1004,-1.9842]]],[[[41.0919,-1.9855],[41.0853,-1.9829],[41.086,-1.9799],[41.089,-1.9801],[41.0914,-1.9816],[41.0919,-1.9855]]],[[[41.0849,-2.1401],[41.0809,-2.1397],[41.0794,-2.1388],[41.0807,-2.1345],[41.0849,-2.1401]]],[[[40.9797,-2.1225],[40.9721,-2.1109],[40.9996,-2.0941],[41.0053,-2.1165],[41.0042,-2.1003],[41.0617,-2.0966],[41.0125,-2.1281],[41.0161,-2.1421],[40.9853,-2.1379],[40.9797,-2.1225]]],[[[41.054,-2.1662],[41.0482,-2.1525],[41.0615,-2.1579],[41.054,-2.1662]]],[[[41.0465,-2.1382],[41.0496,-2.1344],[41.0511,-2.136],[41.0465,-2.1382]]],[[[41.0258,-2.1479],[41.0243,-2.1477],[41.0212,-2.1439],[41.023,-2.1414],[41.0255,-2.142],[41.0277,-2.1441],[41.0258,-2.1479]]],[[[40.9805,-2.1566],[40.9796,-2.1537],[40.9794,-2.1472],[40.984,-2.145],[40.9887,-2.1464],[40.9916,-2.1482],[40.9899,-2.1511],[40.9858,-2.153],[40.9805,-2.1566]]],[[[40.9037,-2.2288],[40.9396,-2.2421],[40.9396,-2.2652],[40.9427,-2.231],[40.966,-2.2454],[40.9637,-2.2608],[40.9755,-2.2526],[40.9672,-2.2226],[40.9767,-2.2263],[40.9905,-2.2614],[40.9469,-2.3182],[40.9132,-2.3115],[40.9338,-2.294],[40.9571,-2.2998],[40.965,-2.2823],[40.9294,-2.2824],[40.9037,-2.2288]]],[[[40.9898,-2.233],[40.9838,-2.2297],[40.9849,-2.2284],[40.988,-2.229],[40.9898,-2.233]]],[[[40.9683,-2.0563],[40.9672,-2.0534],[40.9671,-2.0496],[40.9689,-2.0449],[40.9729,-2.0449],[40.9725,-2.0478],[40.9738,-2.0509],[40.9736,-2.0547],[40.9701,-2.0549],[40.9683,-2.0563]]],[[[40.9416,-2.2269],[40.941,-2.223],[40.9432,-2.223],[40.9437,-2.2266],[40.9416,-2.2269]]],[[[40.9301,-2.2328],[40.9329,-2.2318],[40.9342,-2.2349],[40.9301,-2.2349],[40.9301,-2.2328]]],[[[40.9122,-2.2857],[40.9128,-2.3012],[40.8692,-2.3024],[40.8156,-2.3361],[40.8205,-2.2848],[40.8446,-2.2827],[40.8448,-2.2618],[40.8884,-2.2481],[40.9122,-2.2857]]],[[[40.8845,-2.0115],[40.8817,-2.0108],[40.8814,-2.0083],[40.884,-2.0072],[40.8845,-2.0115]]],[[[40.819,-2.256],[40.8159,-2.2546],[40.8195,-2.2513],[40.8248,-2.249],[40.8242,-2.2523],[40.819,-2.256]]],[[[40.8113,-2.2415],[40.8113,-2.2394],[40.8136,-2.2372],[40.8177,-2.2371],[40.8165,-2.2405],[40.8113,-2.2415]]],[[[40.7916,-2.273],[40.7944,-2.2668],[40.7926,-2.2652],[40.7973,-2.2616],[40.7992,-2.2583],[40.8021,-2.2597],[40.8054,-2.259],[40.7976,-2.267],[40.7966,-2.2699],[40.7941,-2.2728],[40.7916,-2.273]]],[[[40.7844,-2.2917],[40.7803,-2.2883],[40.7841,-2.2824],[40.7873,-2.2817],[40.7872,-2.2786],[40.7884,-2.2753],[40.7916,-2.2763],[40.7923,-2.2807],[40.7893,-2.2828],[40.7893,-2.2871],[40.7875,-2.2879],[40.7844,-2.2917]]],[[[40.7588,-2.2717],[40.7576,-2.2671],[40.7616,-2.2677],[40.7659,-2.266],[40.7644,-2.2695],[40.7598,-2.27],[40.7588,-2.2717]]],[[[40.7498,-2.265],[40.7447,-2.2623],[40.7424,-2.2599],[40.7449,-2.2583],[40.7495,-2.2599],[40.7508,-2.2637],[40.7498,-2.265]]],[[[40.7206,-2.3082],[40.7178,-2.3062],[40.7137,-2.3063],[40.7119,-2.3035],[40.7117,-2.2973],[40.7142,-2.2999],[40.7201,-2.3006],[40.7206,-2.3082]]],[[[40.3629,-2.571],[40.3595,-2.5688],[40.362,-2.5673],[40.3636,-2.5686],[40.3629,-2.571]]],[[[40.2706,-2.6437],[40.27,-2.6388],[40.2754,-2.6383],[40.2774,-2.634],[40.2825,-2.6339],[40.2835,-2.6313],[40.2856,-2.6305],[40.2889,-2.6243],[40.2915,-2.6212],[40.2948,-2.6196],[40.3022,-2.6179],[40.3048,-2.6148],[40.3171,-2.6064],[40.3215,-2.6047],[40.3253,-2.601],[40.334,-2.597],[40.334,-2.5944],[40.3412,-2.593],[40.3376,-2.598],[40.3341,-2.6019],[40.3304,-2.6035],[40.3186,-2.6103],[40.3076,-2.6177],[40.3035,-2.6201],[40.2871,-2.633],[40.283,-2.6367],[40.281,-2.6371],[40.2728,-2.6451],[40.2674,-2.649],[40.2651,-2.6463],[40.2706,-2.6437]]],[[[40.198,-2.6982],[40.1977,-2.6933],[40.2002,-2.6938],[40.2,-2.6971],[40.198,-2.6982]]],[[[40.1962,-2.6922],[40.1941,-2.6886],[40.1975,-2.6886],[40.1962,-2.6922]]],[[[40.1863,-2.76],[40.1847,-2.7564],[40.1877,-2.752],[40.1888,-2.7456],[40.1927,-2.7459],[40.1907,-2.7502],[40.1902,-2.7546],[40.1863,-2.76]]],[[[40.1855,-2.7895],[40.1854,-2.7843],[40.1867,-2.7763],[40.1879,-2.7742],[40.1881,-2.77],[40.1892,-2.7675],[40.1918,-2.767],[40.1887,-2.7778],[40.1876,-2.7799],[40.1862,-2.7889],[40.1855,-2.7895]]],[[[40.1775,-2.75],[40.1769,-2.7467],[40.1832,-2.7451],[40.1834,-2.7492],[40.1791,-2.7491],[40.1775,-2.75]]],[[[40.1832,-2.7689],[40.1811,-2.7689],[40.1809,-2.7657],[40.1832,-2.7649],[40.1832,-2.7689]]],[[[40.1728,-2.8572],[40.1733,-2.8544],[40.1765,-2.8492],[40.178,-2.8451],[40.1779,-2.8415],[40.1808,-2.8402],[40.1774,-2.849],[40.1733,-2.8572],[40.1721,-2.8624],[40.1698,-2.8598],[40.1728,-2.8572]]],[[[40.1737,-2.7992],[40.1718,-2.7972],[40.1716,-2.7905],[40.1746,-2.7938],[40.1737,-2.7992]]],[[[40.1629,-2.9506],[40.1638,-2.9446],[40.1629,-2.9409],[40.16,-2.9399],[40.16,-2.9336],[40.1608,-2.9305],[40.1612,-2.9232],[40.1631,-2.9191],[40.164,-2.9142],[40.1665,-2.9083],[40.1664,-2.9042],[40.1683,-2.9029],[40.1704,-2.8972],[40.1721,-2.9008],[40.1689,-2.9083],[40.1671,-2.9147],[40.1644,-2.9294],[40.1643,-2.9413],[40.1647,-2.9459],[40.1658,-2.947],[40.1629,-2.9506]]],[[[40.17,-2.8781],[40.1674,-2.8768],[40.1702,-2.8712],[40.1715,-2.8737],[40.17,-2.8781]]],[[[40.1593,-2.973],[40.1594,-2.9686],[40.1578,-2.9648],[40.1597,-2.9619],[40.162,-2.9629],[40.1612,-2.9671],[40.1623,-2.9691],[40.1608,-2.9727],[40.1593,-2.973]]],[[[39.9794,-3.3679],[39.9801,-3.365],[39.9786,-3.3627],[39.9848,-3.3605],[39.9858,-3.3617],[39.981,-3.3675],[39.9794,-3.3679]]],[[[39.9722,-3.355],[39.9686,-3.3511],[39.9684,-3.3487],[39.9735,-3.3413],[39.9746,-3.3467],[39.977,-3.3516],[39.9753,-3.3549],[39.9722,-3.355]]],[[[39.9592,-3.3691],[39.9535,-3.3689],[39.952,-3.3666],[39.9489,-3.3648],[39.9522,-3.3626],[39.9594,-3.3635],[39.9627,-3.3611],[39.9641,-3.362],[39.9609,-3.3687],[39.9592,-3.3691]]],[[[39.6651,-3.9977],[39.6656,-3.9939],[39.6682,-3.9936],[39.6677,-3.9967],[39.6651,-3.9977]]],[[[39.5329,-4.4488],[39.5326,-4.4446],[39.5337,-4.4426],[39.5368,-4.4423],[39.5346,-4.4475],[39.5329,-4.4488]]],[[[39.4516,-4.5321],[39.4612,-4.555],[39.44,-4.5919],[39.429,-4.5611],[39.4464,-4.5612],[39.4516,-4.5321]]],[[[39.364,-4.6544],[39.405,-4.6703],[39.3612,-4.6666],[39.364,-4.6544]]],[[[39.3031,-4.5931],[39.3017,-4.5899],[39.3022,-4.5861],[39.3005,-4.5817],[39.298,-4.5778],[39.2987,-4.5765],[39.31,-4.5734],[39.3123,-4.5763],[39.313,-4.5796],[39.3116,-4.5827],[39.3068,-4.5871],[39.3031,-4.5931]]],[[[39.2923,-4.6046],[39.2913,-4.6],[39.29,-4.5986],[39.2869,-4.599],[39.2877,-4.5946],[39.2927,-4.6005],[39.2923,-4.6046]]],[[[39.2245,-4.6489],[39.2232,-4.6456],[39.226,-4.6441],[39.2262,-4.6472],[39.2245,-4.6489]]],[[[39.214,-4.6782],[39.2138,-4.6781],[39.213,-4.6781],[39.2113,-4.6783],[39.2105,-4.6785],[39.2102,-4.6785],[39.2085,-4.6785],[39.2101,-4.6758],[39.2119,-4.6758],[39.2113,-4.6719],[39.2132,-4.6701],[39.215,-4.6713],[39.2186,-4.6758],[39.223,-4.6687],[39.2251,-4.6691],[39.2215,-4.6732],[39.2192,-4.6794],[39.217,-4.6799],[39.214,-4.6782]]]]}},{"type":"Feature","properties":{"NAM_0":"Zambia"},"geometry":{"type":"MultiPolygon","coordinates":[[[[29.8148,-12.9906],[29.8148,-12.1499],[29.761,-12.1564],[29.7404,-12.1746],[29.7376,-12.204],[29.6808,-12.2323],[29.6174,-12.2216],[29.6004,-12.1964],[29.5774,-12.1982],[29.5743,-12.1817],[29.5304,-12.2315],[29.483,-12.2484],[29.4613,-12.3356],[29.4836,-12.391],[29.5247,-12.3925],[29.5301,-12.4214],[29.4785,-12.46],[29.3727,-12.4124],[29.3221,-12.4222],[29.2704,-12.361],[29.2377,-12.3804],[29.177,-12.3725],[29.1236,-12.3967],[29.1092,-12.376],[29.0421,-12.3844],[29.0047,-12.284],[28.921,-12.1754],[28.8632,-12.1459],[28.8309,-12.0922],[28.7745,-12.0442],[28.7536,-11.9788],[28.6991,-11.9842],[28.6326,-11.9405],[28.6158,-11.9084],[28.5754,-11.911],[28.5112,-11.8767],[28.4957,-11.8841],[28.4807,-11.8315],[28.4514,-11.8392],[28.4349,-11.8138],[28.454,-11.773],[28.4191,-11.7203],[28.4371,-11.6987],[28.4197,-11.6777],[28.4339,-11.6516],[28.3854,-11.5877],[28.3963,-11.4753],[28.422,-11.4491],[28.4256,-11.3892],[28.4561,-11.3686],[28.4529,-11.2983],[28.4891,-11.2389],[28.4812,-11.1998],[28.4993,-11.1488],[28.4775,-11.1005],[28.512,-11.0207],[28.5114,-10.9659],[28.5401,-10.9466],[28.5482,-10.8487],[28.6008,-10.774],[28.6114,-10.7219],[28.6647,-10.7204],[28.6623,-10.6848],[28.6988,-10.6681],[28.6859,-10.636],[28.6584,-10.6261],[28.6741,-10.5654],[28.6295,-10.5164],[28.6468,-10.4477],[28.6187,-10.3618],[28.6344,-10.2991],[28.5748,-10.2252],[28.6095,-10.1661],[28.6275,-10.1612],[28.629,-10.0631],[28.6446,-10.0213],[28.622,-9.9989],[28.6223,-9.9572],[28.6752,-9.8119],[28.6962,-9.8024],[28.6699,-9.7779],[28.6687,-9.7512],[28.636,-9.747],[28.6175,-9.7182],[28.6307,-9.6967],[28.6055,-9.6206],[28.6116,-9.5922],[28.5809,-9.5747],[28.6182,-9.5504],[28.5787,-9.5598],[28.5687,-9.48],[28.5343,-9.4773],[28.5372,-9.455],[28.5134,-9.4487],[28.5225,-9.3575],[28.4181,-9.2894],[28.3801,-9.2467],[28.5376,-9.159],[28.6693,-9.0589],[28.8964,-8.7909],[28.9514,-8.6922],[28.9614,-8.6387],[28.9436,-8.5668],[28.8909,-8.4767],[30.7728,-8.2033],[30.849,-8.3718],[30.9958,-8.5582],[31.0652,-8.6197],[31.146,-8.6288],[31.2131,-8.5841],[31.243,-8.5909],[31.2788,-8.632],[31.3125,-8.6069],[31.3509,-8.6153],[31.3765,-8.5886],[31.3975,-8.6316],[31.4597,-8.6396],[31.4899,-8.6852],[31.5361,-8.6791],[31.5705,-8.7031],[31.5816,-8.7369],[31.5669,-8.8129],[31.5824,-8.843],[31.6512,-8.8804],[31.6782,-8.9161],[31.7349,-8.9252],[31.7901,-8.8892],[31.9492,-8.9359],[31.9296,-8.9824],[31.9362,-9.0184],[31.9875,-9.0752],[32.0695,-9.0482],[32.16,-9.0576],[32.2552,-9.1326],[32.4374,-9.1194],[32.4931,-9.1511],[32.4863,-9.1752],[32.5456,-9.2578],[32.5752,-9.2492],[32.6478,-9.2755],[32.7557,-9.2852],[32.7655,-9.3232],[32.8008,-9.3226],[32.8133,-9.3493],[32.8652,-9.3798],[32.8928,-9.3669],[32.8979,-9.389],[32.9132,-9.3799],[32.9281,-9.4018],[32.9596,-9.4007],[32.9431,-9.4212],[32.951,-9.4929],[32.9828,-9.483],[33.0318,-9.5035],[32.9989,-9.5738],[33.0297,-9.6423],[33.0626,-9.6282],[33.0995,-9.6844],[33.1243,-9.5969],[33.1564,-9.6167],[33.1909,-9.6003],[33.2196,-9.6216],[33.2309,-9.7489],[33.2902,-9.7748],[33.3049,-9.8194],[33.3515,-9.834],[33.3709,-9.8705],[33.3806,-9.9159],[33.3557,-9.9336],[33.3159,-10.062],[33.35,-10.1099],[33.3919,-10.1044],[33.4391,-10.1604],[33.5124,-10.1854],[33.5433,-10.2347],[33.5614,-10.2323],[33.5386,-10.3081],[33.5734,-10.4386],[33.6329,-10.4587],[33.6219,-10.4965],[33.6752,-10.5298],[33.6791,-10.5758],[33.7089,-10.5685],[33.6169,-10.6637],[33.5979,-10.6592],[33.5502,-10.7344],[33.5369,-10.7324],[33.5309,-10.765],[33.4768,-10.7932],[33.4642,-10.8164],[33.3953,-10.8071],[33.3663,-10.8274],[33.3365,-10.822],[33.3128,-10.8683],[33.2869,-10.878],[33.2669,-10.866],[33.2448,-10.8963],[33.2521,-10.9091],[33.2787,-10.9005],[33.3104,-10.9408],[33.3071,-10.9858],[33.2895,-10.9818],[33.3292,-11.07],[33.4075,-11.1589],[33.3793,-11.2375],[33.3106,-11.3316],[33.3179,-11.3635],[33.29,-11.373],[33.2992,-11.4358],[33.2784,-11.4395],[33.2459,-11.4113],[33.2324,-11.4217],[33.2477,-11.4551],[33.234,-11.478],[33.2551,-11.525],[33.2276,-11.579],[33.2393,-11.5902],[33.2806,-11.577],[33.3124,-11.5959],[33.3146,-11.731],[33.335,-11.7959],[33.3059,-11.8618],[33.3252,-11.9095],[33.3105,-11.9943],[33.2737,-12.066],[33.2574,-12.1403],[33.2826,-12.1686],[33.3126,-12.1668],[33.312,-12.249],[33.3697,-12.3464],[33.4758,-12.3253],[33.5115,-12.3436],[33.5381,-12.3393],[33.5488,-12.3723],[33.5117,-12.3909],[33.5028,-12.4118],[33.4748,-12.4166],[33.4809,-12.4563],[33.4624,-12.4829],[33.4369,-12.4777],[33.3668,-12.5607],[33.3186,-12.5281],[33.275,-12.5399],[33.1808,-12.6426],[33.18,-12.613],[33.1609,-12.5998],[33.1144,-12.6167],[33.0777,-12.5992],[33.0214,-12.6569],[32.9948,-12.7281],[32.9397,-12.771],[32.9563,-12.8604],[32.9788,-12.8839],[33.0226,-12.8931],[33.0289,-12.9102],[33.0153,-12.9899],[32.9851,-13.0335],[32.9992,-13.0493],[32.9755,-13.1141],[32.9797,-13.1584],[33.0181,-13.213],[32.9441,-13.276],[32.9184,-13.4151],[32.8803,-13.4617],[32.8456,-13.4624],[32.8498,-13.5157],[32.8244,-13.5408],[32.7672,-13.5553],[32.7427,-13.5851],[32.6883,-13.5712],[32.6725,-13.6208],[32.7391,-13.6514],[32.7613,-13.6361],[32.8025,-13.66],[32.794,-13.6773],[32.8464,-13.7236],[32.7805,-13.7487],[32.771,-13.7807],[32.8048,-13.8016],[32.8323,-13.7857],[32.8902,-13.8159],[32.9102,-13.864],[32.9533,-13.9044],[32.9488,-13.9455],[33.0028,-13.9532],[32.9932,-14.0082],[33.0323,-14.0549],[33.0647,-14.0209],[33.0635,-13.9933],[33.0809,-13.9744],[33.1328,-13.961],[33.1467,-13.9401],[33.1884,-13.9631],[33.2055,-14.0015],[33.2423,-13.9983],[32.6837,-14.1876],[32.4508,-14.2846],[32.2539,-14.3223],[31.9552,-14.4132],[31.8201,-14.4824],[31.6829,-14.5107],[31.5001,-14.6111],[30.7997,-14.7885],[30.3842,-14.9582],[30.2199,-14.9972],[30.2347,-15.0399],[30.216,-15.0683],[30.2182,-15.0983],[30.2378,-15.0999],[30.2255,-15.1207],[30.2678,-15.1866],[30.2566,-15.2184],[30.3076,-15.2918],[30.3791,-15.3494],[30.3763,-15.4596],[30.4023,-15.4841],[30.3594,-15.5506],[30.4218,-15.6212],[30.355,-15.6558],[30.2799,-15.6469],[30.2613,-15.6281],[30.2134,-15.6685],[30.1619,-15.6187],[29.9773,-15.6435],[29.824,-15.6098],[29.7517,-15.635],[29.7047,-15.6335],[29.6317,-15.666],[29.5733,-15.6419],[29.4891,-15.6902],[29.4334,-15.6835],[29.404,-15.7062],[29.2119,-15.7713],[29.0467,-15.8964],[29.0133,-15.9466],[28.9427,-15.9405],[28.9092,-15.9565],[28.8792,-16.0189],[28.8472,-16.0461],[28.8695,-16.1045],[28.8421,-16.1572],[28.836,-16.2113],[28.8581,-16.2471],[28.8205,-16.3115],[28.8433,-16.3306],[28.8511,-16.3738],[28.8179,-16.4372],[28.8157,-16.4852],[28.7411,-16.5448],[28.6369,-16.5649],[28.2544,-16.7216],[28.136,-16.8233],[27.8294,-16.9594],[27.6302,-17.245],[27.6208,-17.3354],[27.5434,-17.4204],[27.3158,-17.5933],[27.1432,-17.8076],[27.1519,-17.8361],[27.0415,-17.9625],[27.0183,-17.9545],[26.8933,-17.9896],[26.8323,-17.9913],[26.8289,-18.0123],[26.7995,-18.025],[26.734,-18.0293],[26.6961,-18.0759],[26.5987,-18.0497],[26.6026,-18.0346],[26.5743,-18.0173],[26.5625,-17.988],[26.4844,-17.9824],[26.3996,-17.9359],[26.3081,-17.9365],[26.2879,-17.9193],[26.2459,-17.9174],[26.2199,-17.8844],[26.0875,-17.9339],[26.1057,-17.9474],[26.0916,-17.9811],[26.0036,-17.9765],[25.9714,-18.002],[25.8598,-17.976],[25.8456,-17.8999],[25.8171,-17.8968],[25.7963,-17.86],[25.7671,-17.844],[25.7043,-17.8382],[25.6859,-17.8087],[25.6326,-17.8387],[25.5478,-17.8393],[25.5175,-17.8654],[25.456,-17.8431],[25.3786,-17.8527],[25.3738,-17.8361],[25.3296,-17.8361],[25.2275,-17.7694],[25.1905,-17.7685],[25.1566,-17.7426],[25.1589,-17.7176],[25.1504,-17.7047],[25.1339,-17.7107],[25.1339,-17.6942],[25.0952,-17.7097],[25.1065,-17.6672],[25.0874,-17.6619],[25.0651,-17.6153],[25.0448,-17.6297],[25.0449,-17.5886],[25.0064,-17.5975],[24.9788,-17.5533],[24.9437,-17.5689],[24.944,-17.5489],[24.9076,-17.5546],[24.8807,-17.527],[24.8299,-17.5207],[24.7935,-17.5371],[24.7814,-17.508],[24.7623,-17.5177],[24.7152,-17.4976],[24.6442,-17.4963],[24.6139,-17.5325],[24.5602,-17.5395],[24.5461,-17.5088],[24.5093,-17.5122],[24.4537,-17.4793],[24.3881,-17.4694],[24.327,-17.4928],[24.2691,-17.4913],[24.2498,-17.4744],[23.4342,-17.6379],[23.3909,-17.5763],[23.2869,-17.542],[23.2413,-17.5466],[23.1777,-17.4749],[23.1361,-17.4666],[23.1282,-17.4227],[23.0871,-17.4135],[23.0586,-17.3377],[23.044,-17.3467],[23.026,-17.312],[22.9971,-17.2981],[23.0088,-17.2841],[22.9934,-17.2864],[22.9955,-17.2742],[22.8967,-17.2011],[22.8019,-17.1653],[22.7916,-17.1199],[22.7289,-17.0749],[22.7395,-17.0643],[22.7172,-17.0579],[22.7162,-17.0427],[22.6857,-17.0319],[22.6934,-17.0244],[22.6212,-16.9593],[22.599,-16.9187],[22.4922,-16.8351],[22.4968,-16.8148],[22.4709,-16.8046],[22.3715,-16.6978],[22.3508,-16.6988],[22.3479,-16.6735],[22.2957,-16.6218],[22.2774,-16.6252],[22.2526,-16.5741],[22.2181,-16.5733],[22.1608,-16.5219],[22.1696,-16.5098],[22.15,-16.4896],[22.1208,-16.4902],[22.1483,-16.4751],[22.1254,-16.4454],[22.1398,-16.4395],[22.1204,-16.3481],[22.0913,-16.3212],[22.1004,-16.3082],[22.0707,-16.2903],[22.0813,-16.2609],[22.0597,-16.2604],[22.0299,-16.2187],[22.0002,-16.2073],[22.0037,-12.9997],[24.0581,-13.0008],[23.982,-12.8961],[23.9411,-12.8932],[23.8937,-12.8413],[23.8995,-12.7638],[23.9325,-12.697],[23.9232,-12.6682],[23.9598,-12.5921],[23.948,-12.538],[24.032,-12.4412],[24.0657,-12.4244],[24.0773,-12.3808],[24.0757,-12.3582],[24.043,-12.334],[24.0665,-12.3109],[24.0599,-12.2648],[24.0,-12.2081],[23.9804,-12.1364],[23.998,-11.856],[24.023,-11.8305],[23.9623,-11.6573],[24.0377,-11.5325],[24.0244,-11.4457],[24.0879,-11.4045],[24.0313,-11.2747],[24.0362,-11.1424],[24.0021,-11.12],[24.0217,-11.0981],[24.0105,-11.0152],[24.0236,-10.9851],[24.0182,-10.9411],[23.9805,-10.9112],[23.9999,-10.89],[24.0638,-10.8882],[24.1146,-10.9051],[24.1323,-10.9252],[24.1202,-10.9515],[24.1429,-10.9829],[24.1503,-11.0418],[24.1798,-11.0229],[24.2445,-11.0506],[24.304,-11.0416],[24.3788,-11.0848],[24.3925,-11.1214],[24.3771,-11.1772],[24.4018,-11.1989],[24.3968,-11.2301],[24.4101,-11.2438],[24.3596,-11.353],[24.2798,-11.3885],[24.3256,-11.4112],[24.3742,-11.4043],[24.436,-11.4414],[24.4417,-11.4666],[24.5227,-11.4649],[24.5468,-11.4438],[24.5814,-11.4541],[24.5914,-11.4199],[24.6421,-11.4005],[24.6948,-11.3318],[24.7391,-11.3308],[24.7319,-11.3137],[24.7527,-11.3022],[24.8532,-11.2977],[24.873,-11.2656],[24.9074,-11.2749],[25.0276,-11.245],[25.0653,-11.2598],[25.119,-11.2544],[25.1457,-11.2373],[25.2433,-11.2258],[25.3026,-11.1919],[25.3529,-11.1944],[25.3368,-11.2465],[25.317,-11.2585],[25.3359,-11.2782],[25.2922,-11.3021],[25.3141,-11.3251],[25.313,-11.3477],[25.2867,-11.353],[25.2812,-11.3987],[25.3014,-11.4095],[25.3051,-11.4752],[25.3296,-11.4991],[25.2937,-11.5199],[25.3117,-11.5335],[25.3046,-11.5619],[25.3309,-11.5815],[25.3376,-11.6304],[25.4339,-11.6813],[25.4788,-11.6872],[25.4971,-11.7199],[25.4868,-11.7706],[25.5059,-11.7908],[25.5841,-11.7576],[25.5937,-11.7344],[25.6519,-11.7309],[25.6672,-11.7708],[25.7162,-11.8171],[25.825,-11.8323],[25.8811,-11.8084],[25.8875,-11.8489],[25.9135,-11.8782],[25.9316,-11.888],[25.9582,-11.8775],[25.9901,-11.8999],[25.9806,-11.9477],[26.1864,-11.9368],[26.2048,-11.9208],[26.2509,-11.9425],[26.2922,-11.9414],[26.3129,-11.9636],[26.43,-11.9105],[26.4766,-11.9182],[26.4989,-11.9508],[26.5725,-11.9859],[26.5912,-11.9672],[26.7082,-12.0064],[26.7747,-11.9555],[26.8195,-11.987],[26.8762,-11.9851],[26.9159,-11.9376],[26.9404,-11.9384],[26.9668,-11.8817],[27.0069,-11.8424],[26.9953,-11.8254],[27.0084,-11.8154],[27.0039,-11.749],[27.0315,-11.7372],[27.0475,-11.7074],[27.0177,-11.615],[27.0536,-11.5928],[27.0794,-11.6072],[27.1201,-11.589],[27.1605,-11.6008],[27.2052,-11.5639],[27.2355,-11.6844],[27.2195,-11.7453],[27.2289,-11.7835],[27.3389,-11.8306],[27.4627,-11.9288],[27.4763,-11.9546],[27.4627,-12.0065],[27.4701,-12.0529],[27.4978,-12.0593],[27.5336,-12.1773],[27.6164,-12.2218],[27.6226,-12.2705],[27.6497,-12.2859],[27.7291,-12.2798],[27.763,-12.293],[27.7733,-12.2706],[27.8144,-12.252],[27.8126,-12.2217],[27.9229,-12.24],[27.961,-12.3145],[27.9464,-12.3389],[27.9563,-12.3593],[27.9895,-12.3387],[28.0433,-12.3553],[28.0777,-12.3487],[28.1227,-12.439],[28.1483,-12.4297],[28.1463,-12.3977],[28.1715,-12.3777],[28.1917,-12.3802],[28.1892,-12.4012],[28.2193,-12.4037],[28.2295,-12.4222],[28.2559,-12.408],[28.2804,-12.4269],[28.3236,-12.4201],[28.4002,-12.501],[28.4478,-12.516],[28.4375,-12.5541],[28.5219,-12.6121],[28.5346,-12.6371],[28.5144,-12.685],[28.467,-12.6901],[28.4573,-12.7321],[28.5427,-12.824],[28.536,-12.8526],[28.5631,-12.8959],[28.5834,-12.8963],[28.6096,-12.8332],[28.6548,-12.8148],[28.6736,-12.8461],[28.729,-12.8813],[28.7543,-12.9418],[28.7833,-12.94],[28.8257,-13.0049],[28.8284,-13.0626],[28.8412,-13.0702],[28.8245,-13.0877],[28.8476,-13.1111],[28.8391,-13.1461],[28.904,-13.1645],[28.9613,-13.373],[28.9975,-13.369],[28.9832,-13.3894],[29.0062,-13.4234],[29.1199,-13.3675],[29.1658,-13.4035],[29.1786,-13.4488],[29.2127,-13.4127],[29.2973,-13.3749],[29.3162,-13.3339],[29.3535,-13.3525],[29.3613,-13.3257],[29.4417,-13.3131],[29.5303,-13.2282],[29.5849,-13.2036],[29.6406,-13.2435],[29.6739,-13.2252],[29.6698,-13.2528],[29.6828,-13.2501],[29.6464,-13.2943],[29.652,-13.3474],[29.6048,-13.3634],[29.6216,-13.3777],[29.6118,-13.4024],[29.6387,-13.4329],[29.6724,-13.4238],[29.7237,-13.4585],[29.776,-13.4333],[29.8148,-13.4445],[29.8148,-12.9906]]]]}},{"type":"Feature","properties":{"NAM_0":"Aksai Chin"},"geometry":{"type":"MultiPolygon","coordinates":[[[[80.325,35.4722],[80.2801,35.444],[80.2723,35.3537],[80.2827,35.3445],[80.2652,35.2954],[80.2943,35.2679],[80.2738,35.2165],[80.2826,35.2034],[80.2563,35.2048],[80.2215,35.1731],[80.2362,35.1512],[80.1948,35.118],[80.2161,34.9927],[80.2329,34.9903],[80.227,34.9707],[80.1863,34.9466],[80.2106,34.895],[80.1363,34.8685],[80.0987,34.7741],[80.0664,34.7588],[80.0795,34.7349],[80.072,34.7044],[79.9724,34.6997],[79.9526,34.6738],[79.8975,34.6959],[79.7865,34.6274],[79.8018,34.5893],[79.7885,34.5636],[79.811,34.5395],[79.7938,34.4806],[79.723,34.4718],[79.7038,34.4858],[79.6827,34.4784],[79.6737,34.4542],[79.626,34.4498],[79.6034,34.4658],[79.5619,34.4568],[79.5382,34.4803],[79.5131,34.4624],[79.5733,34.3211],[79.603,34.3073],[79.6124,34.2532],[79.5467,34.2033],[79.4902,34.1906],[79.4885,34.1271],[79.4147,34.1007],[79.4304,34.0644],[79.4039,34.0028],[79.3641,33.9944],[79.3166,34.0154],[79.2487,34.0233],[79.225,34.0108],[79.1822,34.0247],[79.1418,33.9954],[79.0935,33.9906],[78.9952,34.0368],[78.9038,34.0032],[78.8884,33.9678],[78.9384,33.9104],[78.968,33.8172],[79.0285,33.7541],[79.01,33.6874],[79.0642,33.6663],[79.0912,33.6353],[79.085,33.6195],[79.0035,33.6068],[78.9087,33.6212],[78.8854,33.5762],[78.9321,33.5508],[78.9425,33.5209],[78.9271,33.4581],[78.9396,33.3898],[78.8449,33.4193],[78.8148,33.4831],[78.7326,33.568],[78.7579,33.6235],[78.7177,33.6228],[78.7766,33.745],[78.7542,33.7841],[78.7654,33.8354],[78.7517,33.8851],[78.7644,33.9086],[78.7283,33.9247],[78.7423,33.9998],[78.7016,34.0282],[78.6561,34.0323],[78.6575,34.0757],[78.6695,34.0919],[78.6846,34.0798],[78.7014,34.0941],[78.747,34.0913],[78.7943,34.1379],[78.8295,34.1254],[78.8625,34.1656],[78.9086,34.1427],[78.9258,34.1543],[78.9437,34.2252],[78.9615,34.2363],[78.9803,34.3132],[79.0448,34.3264],[78.972,34.3622],[78.9645,34.3875],[78.8885,34.3585],[78.8676,34.3778],[78.8783,34.3951],[78.8511,34.4153],[78.7424,34.4528],[78.7622,34.4806],[78.7181,34.5007],[78.7045,34.5277],[78.614,34.5398],[78.5797,34.5044],[78.5554,34.5211],[78.5522,34.5716],[78.483,34.5803],[78.4354,34.542],[78.4218,34.5947],[78.335,34.604],[78.2735,34.6293],[78.2622,34.6602],[78.2759,34.6955],[78.2094,34.7198],[78.202,34.7354],[78.2276,34.7736],[78.2371,34.8677],[78.1723,34.937],[78.2025,34.9561],[78.2015,34.974],[78.1581,34.9883],[78.1172,35.0315],[78.1464,35.0703],[78.1025,35.1205],[78.106,35.1641],[78.0552,35.1782],[78.0024,35.2404],[78.014,35.3632],[78.1,35.43],[78.1095,35.4685],[78.1376,35.4921],[78.0469,35.4906],[78.025,35.4689],[77.9991,35.4953],[77.9554,35.4831],[77.9303,35.5136],[77.967,35.5682],[77.953,35.6003],[78.0403,35.5872],[78.0904,35.5427],[78.1041,35.5556],[78.1562,35.5507],[78.1608,35.5908],[78.1811,35.6005],[78.1727,35.616],[78.1971,35.6412],[78.1815,35.6681],[78.2586,35.6462],[78.2547,35.6808],[78.2768,35.7247],[78.4079,35.7308],[78.4198,35.7686],[78.4401,35.781],[78.4644,35.7638],[78.5334,35.7623],[78.5848,35.8018],[78.656,35.8223],[78.6724,35.8511],[78.7217,35.8633],[78.7991,35.8704],[78.8595,35.8523],[78.9698,35.8858],[78.9939,35.8453],[79.0993,35.8138],[79.1765,35.8104],[79.2093,35.8242],[79.174,35.9105],[79.218,35.9754],[79.2761,35.9925],[79.4364,35.9724],[79.4377,35.9343],[79.4848,35.8911],[79.7031,35.8241],[79.7157,35.8001],[79.808,35.8071],[79.8377,35.7712],[79.9144,35.7931],[79.9425,35.8187],[80.0215,35.8194],[80.0692,35.7436],[80.1032,35.7231],[80.1293,35.6596],[80.1637,35.6706],[80.1734,35.6524],[80.2003,35.6614],[80.254,35.6405],[80.2959,35.5833],[80.325,35.4722]]]]}},{"type":"Feature","properties":{"NAM_0":"Karakoram Range"},"geometry":{"type":"MultiPolygon","coordinates":[[[[77.3385,35.5224],[77.3042,35.5456],[77.1903,35.5219],[77.0915,35.568],[77.0584,35.5992],[76.9933,35.6113],[76.9653,35.5943],[76.9098,35.6146],[76.8447,35.6755],[76.7656,35.66],[76.7583,35.6805],[76.6961,35.7249],[76.6898,35.7502],[76.5869,35.7748],[76.56,35.8224],[76.587,35.8454],[76.5728,35.8704],[76.5996,35.9013],[76.5833,35.9213],[76.5493,35.9282],[76.5468,35.9026],[76.5183,35.8843],[76.4699,35.891],[76.428,35.8537],[76.3628,35.8636],[76.3515,35.8552],[76.3584,35.8285],[76.225,35.8425],[76.2177,35.8271],[76.17,35.8205],[76.1459,35.8359],[76.1603,35.9194],[76.1068,35.9758],[76.0995,36.0176],[76.0022,36.0195],[75.9426,36.07],[75.9499,36.1124],[75.9333,36.1363],[75.9685,36.1496],[75.9677,36.1624],[76.0242,36.1714],[76.0041,36.1868],[76.004,36.2317],[76.0592,36.2237],[76.0624,36.2351],[76.0255,36.271],[76.0178,36.3],[75.9948,36.3078],[75.985,36.3508],[76.0359,36.408],[75.9878,36.5058],[75.9231,36.5655],[75.9455,36.6028],[75.9926,36.5449],[76.0562,36.5179],[76.114,36.4518],[76.1499,36.4394],[76.2314,36.3507],[76.2604,36.3483],[76.2924,36.3678],[76.3612,36.3499],[76.4389,36.3069],[76.4528,36.2552],[76.4833,36.2275],[76.5702,36.2065],[76.5659,36.1907],[76.6003,36.1761],[76.647,36.199],[76.7096,36.1227],[76.7817,36.088],[76.7847,36.0414],[76.8073,36.0057],[76.734,35.9683],[76.7992,35.8957],[76.8127,35.853],[77.0055,35.7776],[77.0465,35.7704],[77.072,35.793],[77.1029,35.7924],[77.1701,35.7683],[77.1757,35.7476],[77.2257,35.7371],[77.256,35.7107],[77.2845,35.7067],[77.2851,35.7244],[77.3218,35.7006],[77.3502,35.7228],[77.4025,35.7096],[77.4129,35.6643],[77.4541,35.6283],[77.4231,35.6167],[77.4607,35.5981],[77.4783,35.5342],[77.4683,35.518],[77.4299,35.5152],[77.3635,35.5584],[77.351,35.5495],[77.3617,35.5368],[77.3385,35.5224]]]]}},{"type":"Feature","properties":{"NAM_0":"Jammu and Kashmir"},"geometry":{"type":"MultiPolygon","coordinates":[[[[77.9554,35.4831],[77.9991,35.4953],[78.025,35.4689],[78.0469,35.4906],[78.1376,35.4921],[78.1095,35.4685],[78.1,35.43],[78.014,35.3632],[78.0024,35.2404],[78.0552,35.1782],[78.106,35.1641],[78.1025,35.1205],[78.1464,35.0703],[78.1172,35.0315],[78.1581,34.9883],[78.2015,34.974],[78.2025,34.9561],[78.1723,34.937],[78.2371,34.8677],[78.2276,34.7736],[78.202,34.7354],[78.2094,34.7198],[78.2759,34.6955],[78.2622,34.6602],[78.2735,34.6293],[78.335,34.604],[78.4218,34.5947],[78.4354,34.542],[78.483,34.5803],[78.5522,34.5716],[78.5554,34.5211],[78.5797,34.5044],[78.614,34.5398],[78.7045,34.5277],[78.7181,34.5007],[78.7622,34.4806],[78.7424,34.4528],[78.8511,34.4153],[78.8783,34.3951],[78.8676,34.3778],[78.8885,34.3585],[78.9645,34.3875],[78.972,34.3622],[79.0448,34.3264],[78.9803,34.3132],[78.9258,34.1543],[78.9051,34.1408],[78.8625,34.1656],[78.8345,34.1282],[78.7943,34.1379],[78.747,34.0913],[78.7014,34.0941],[78.6846,34.0798],[78.6695,34.0919],[78.6547,34.0388],[78.7423,33.9998],[78.7283,33.9247],[78.7644,33.9086],[78.7517,33.8851],[78.7654,33.8354],[78.7542,33.7841],[78.7766,33.745],[78.7177,33.6228],[78.7579,33.6235],[78.7326,33.568],[78.8148,33.4831],[78.8355,33.4264],[78.9024,33.4104],[78.954,33.3712],[78.9637,33.3386],[79.0267,33.3208],[79.0353,33.2721],[79.0799,33.245],[79.0715,33.2245],[79.1627,33.1742],[79.14,33.0235],[79.242,32.9431],[79.2181,32.9192],[79.2345,32.8802],[79.2238,32.7873],[79.2741,32.78],[79.2964,32.7291],[79.2696,32.6764],[79.3059,32.6034],[79.2901,32.5994],[79.2486,32.517],[79.1891,32.5158],[79.184,32.498],[79.1314,32.4808],[79.1175,32.4545],[79.1265,32.4217],[79.1055,32.4075],[79.099,32.3699],[79.0586,32.3873],[79.0118,32.3808],[78.9683,32.3357],[78.9077,32.3724],[78.901,32.3948],[78.8094,32.4369],[78.7577,32.5646],[78.7809,32.6144],[78.7421,32.6553],[78.7421,32.7091],[78.7144,32.7036],[78.6317,32.6347],[78.5839,32.641],[78.5694,32.6157],[78.5171,32.6145],[78.5012,32.5836],[78.4148,32.5668],[78.3934,32.5394],[78.399,32.5199],[78.3664,32.5007],[78.3485,32.4642],[78.3279,32.4647],[78.329,32.4433],[78.2882,32.4636],[78.2865,32.4832],[78.3066,32.5114],[78.3122,32.5684],[78.4094,32.6228],[78.3811,32.6536],[78.4006,32.6938],[78.3871,32.7567],[78.3141,32.7547],[78.3064,32.7076],[78.2601,32.7029],[78.2458,32.6716],[78.1915,32.6626],[78.1759,32.6807],[78.1448,32.682],[78.1476,32.654],[78.1109,32.662],[78.0845,32.6239],[78.0446,32.6444],[78.0325,32.6297],[78.0381,32.5938],[77.9844,32.5867],[77.9182,32.6916],[77.9343,32.7262],[77.926,32.7716],[77.8933,32.7786],[77.8688,32.8271],[77.7849,32.8608],[77.7843,32.8827],[77.8107,32.9073],[77.7136,32.9822],[77.6832,32.9887],[77.6734,32.9605],[77.5953,32.9402],[77.4716,32.8591],[77.4049,32.8848],[77.3751,32.8559],[77.3739,32.8231],[77.3378,32.817],[77.3233,32.8508],[77.3011,32.8495],[77.2837,32.8737],[77.2581,32.8633],[77.1881,32.928],[77.1597,32.9121],[77.1503,32.9772],[77.0867,32.9727],[77.0489,32.9987],[77.0091,32.9891],[76.9331,33.0282],[76.9106,33.0938],[76.7977,33.1534],[76.8449,33.2425],[76.794,33.2564],[76.7722,33.251],[76.776,33.2217],[76.7471,33.1792],[76.6419,33.1616],[76.6125,33.1734],[76.5951,33.2062],[76.5601,33.2097],[76.4786,33.1795],[76.398,33.1828],[76.2921,33.1203],[76.2805,33.0849],[76.2896,33.0591],[76.2735,33.0375],[76.2437,33.0205],[76.1948,33.0168],[76.1556,33.034],[76.1108,33.0153],[76.0932,32.9636],[75.9493,32.8732],[75.9174,32.9065],[75.8109,32.9316],[75.7829,32.8899],[75.8796,32.8119],[75.8839,32.7851],[75.9129,32.7562],[75.8966,32.6911],[75.9315,32.632],[75.9182,32.6338],[75.9064,32.6004],[75.8781,32.5855],[75.8633,32.5602],[75.8755,32.5495],[75.824,32.4954],[75.7603,32.4598],[75.7387,32.4633],[75.7286,32.4452],[75.7442,32.4314],[75.6885,32.3922],[75.5904,32.3779],[75.5426,32.3373],[75.5243,32.34],[75.4989,32.2753],[75.4902,32.3102],[75.4678,32.3176],[75.4722,32.34],[75.3785,32.3288],[75.2989,32.3466],[75.29,32.3699],[75.2583,32.3724],[75.2569,32.3894],[75.1975,32.3984],[75.1917,32.4261],[75.1329,32.4089],[75.1001,32.4783],[75.0912,32.4692],[75.0268,32.4969],[75.0155,32.4645],[74.9519,32.4466],[74.9395,32.4715],[74.9005,32.467],[74.8772,32.4784],[74.8771,32.494],[74.8189,32.4982],[74.7963,32.4769],[74.6888,32.4869],[74.6903,32.5343],[74.6627,32.5451],[74.6726,32.5689],[74.6518,32.5631],[74.6591,32.5967],[74.6386,32.6146],[74.695,32.6605],[74.6531,32.6977],[74.6545,32.7291],[74.7053,32.8419],[74.6329,32.8089],[74.6584,32.7865],[74.6324,32.7765],[74.6375,32.7514],[74.5655,32.76],[74.5122,32.7454],[74.5034,32.7655],[74.448,32.794],[74.4191,32.8428],[74.4159,32.8967],[74.3136,32.9284],[74.3394,32.9518],[74.3245,33.0311],[74.173,33.074],[74.1826,33.0893],[74.128,33.1602],[74.0076,33.2172],[74.0022,33.2433],[74.0175,33.2696],[74.0483,33.2869],[74.0901,33.2841],[74.1642,33.3375],[74.1869,33.3862],[74.1761,33.4328],[74.1924,33.4749],[74.1395,33.557],[74.0803,33.5844],[74.0307,33.5805],[73.9834,33.637],[73.9894,33.6832],[73.962,33.7236],[74.0006,33.7418],[74.0106,33.7775],[74.0582,33.8234],[74.1938,33.8416],[74.2764,33.8955],[74.2822,33.9349],[74.2671,33.9535],[74.277,33.9686],[74.2336,34.0239],[74.198,34.0163],[74.1296,34.0465],[74.0552,34.0308],[74.0181,34.0382],[73.9862,34.0125],[73.9255,34.0244],[73.8961,34.0599],[73.905,34.1061],[73.9268,34.1035],[73.9267,34.1275],[73.9656,34.1528],[73.9599,34.1683],[74.0112,34.1957],[73.9994,34.1983],[74.009,34.2222],[73.9911,34.2735],[73.9371,34.2855],[73.9415,34.3133],[73.9183,34.3106],[73.9372,34.3356],[73.9134,34.3522],[73.8545,34.3221],[73.8148,34.3337],[73.8149,34.3461],[73.7756,34.3327],[73.7506,34.3446],[73.7559,34.381],[73.8055,34.4277],[73.841,34.4273],[73.8875,34.453],[73.895,34.512],[73.9563,34.5655],[73.9523,34.5977],[73.9287,34.6097],[73.9321,34.6409],[73.9536,34.6509],[73.9686,34.6855],[74.0713,34.6695],[74.1081,34.6799],[74.1148,34.6642],[74.146,34.6587],[74.1585,34.6898],[74.2411,34.7267],[74.3089,34.7815],[74.4776,34.7795],[74.578,34.7604],[74.6518,34.7058],[74.7308,34.6808],[74.9292,34.6734],[75.0255,34.6291],[75.087,34.6549],[75.2658,34.6383],[75.2476,34.6029],[75.2864,34.5954],[75.3654,34.5376],[75.6604,34.533],[75.7795,34.5106],[75.9649,34.6358],[75.9913,34.636],[76.0341,34.6863],[76.0636,34.6872],[76.1019,34.6476],[76.1609,34.6332],[76.1934,34.6613],[76.2547,34.6728],[76.2509,34.6851],[76.2719,34.6966],[76.2597,34.7151],[76.4289,34.751],[76.4327,34.7725],[76.4726,34.7987],[76.6019,34.7492],[76.6812,34.7498],[76.7118,34.8094],[76.7477,34.8307],[76.7563,34.9393],[76.7725,34.9317],[76.8578,34.9637],[76.8688,34.9836],[76.9956,34.9325],[77.0164,35.0357],[77.049,35.0515],[77.1166,35.0523],[77.1115,35.0894],[77.0854,35.0959],[77.0704,35.1226],[77.0859,35.1684],[77.0156,35.1834],[76.9912,35.2098],[77.0037,35.2308],[76.9767,35.26],[76.9959,35.2886],[77.0206,35.2957],[76.9835,35.3173],[76.9858,35.3562],[76.9538,35.367],[76.9402,35.3968],[76.896,35.3862],[76.85,35.3965],[76.8375,35.4434],[76.7909,35.496],[76.7984,35.5173],[76.7654,35.5152],[76.7475,35.5384],[76.7762,35.5798],[76.7916,35.5789],[76.7565,35.6277],[76.7825,35.6429],[76.7819,35.661],[76.8447,35.6755],[76.9098,35.6146],[76.9653,35.5943],[76.9933,35.6113],[77.0584,35.5992],[77.0915,35.568],[77.1903,35.5219],[77.3042,35.5456],[77.3372,35.5252],[77.351,35.4956],[77.3725,35.4973],[77.3791,35.4748],[77.4416,35.4617],[77.488,35.4948],[77.6293,35.4621],[77.6509,35.4873],[77.6884,35.4534],[77.7276,35.4701],[77.7423,35.4953],[77.78,35.4978],[77.8147,35.5227],[77.911,35.4621],[77.9246,35.4966],[77.9554,35.4831]]]]}},{"type":"Feature","properties":{"NAM_0":"Arunachal Pradesh"},"geometry":{"type":"MultiPolygon","coordinates":[[[[91.5632,27.6361],[91.5723,27.6597],[91.6297,27.7007],[91.6446,27.7626],[91.6147,27.8217],[91.5691,27.8181],[91.5537,27.8541],[91.5699,27.8477],[91.5755,27.8641],[91.668,27.8495],[91.7197,27.8056],[91.7693,27.7967],[91.8235,27.8085],[91.8714,27.7235],[91.9242,27.7165],[91.9654,27.7391],[91.9819,27.7767],[92.0568,27.78],[92.2432,27.8882],[92.2935,27.872],[92.3191,27.7988],[92.4218,27.8351],[92.4264,27.8037],[92.4556,27.7934],[92.4757,27.8348],[92.5809,27.8823],[92.6003,27.9153],[92.6506,27.9151],[92.6721,27.9454],[92.7295,27.9782],[92.7315,28.0545],[92.6564,28.0806],[92.679,28.1518],[92.7158,28.1675],[92.7394,28.1538],[92.7629,28.1607],[92.7874,28.1875],[92.8328,28.1737],[92.8827,28.2006],[92.9227,28.2003],[92.9469,28.2607],[92.9916,28.2714],[93.0054,28.2949],[93.066,28.307],[93.1491,28.3668],[93.1712,28.4392],[93.2207,28.4454],[93.2226,28.4718],[93.2897,28.5027],[93.3078,28.5276],[93.388,28.5352],[93.4094,28.5777],[93.4457,28.591],[93.4615,28.6187],[93.5026,28.6291],[93.5225,28.6737],[93.6251,28.6857],[93.6378,28.6542],[93.6879,28.6785],[93.7155,28.6646],[93.7856,28.7121],[93.7917,28.7372],[93.8982,28.7563],[93.9159,28.7415],[93.9121,28.7725],[93.9749,28.8209],[93.9947,28.7908],[94.0212,28.7933],[94.0232,28.8429],[94.0585,28.8579],[94.0598,28.8736],[94.138,28.8915],[94.1747,28.912],[94.1796,28.9368],[94.262,28.9332],[94.2768,28.9703],[94.3652,29.0245],[94.3263,29.0409],[94.3147,29.078],[94.2764,29.0916],[94.2941,29.1507],[94.3797,29.1531],[94.3906,29.1834],[94.4459,29.182],[94.456,29.2124],[94.4898,29.2062],[94.5112,29.2298],[94.542,29.22],[94.5914,29.2732],[94.6936,29.3178],[94.7354,29.2867],[94.7517,29.2297],[94.8001,29.2122],[94.8044,29.1655],[94.8819,29.1792],[94.909,29.1593],[94.9611,29.1611],[95.0159,29.1268],[94.9935,29.1737],[95.0979,29.1417],[95.1194,29.1126],[95.104,29.0972],[95.1506,29.091],[95.2135,29.1086],[95.2653,29.0713],[95.278,29.1176],[95.3062,29.1406],[95.4115,29.1258],[95.4184,29.1827],[95.4366,29.1922],[95.4553,29.1774],[95.4598,29.1371],[95.4805,29.1436],[95.5072,29.1261],[95.5056,29.1944],[95.5982,29.189],[95.6069,29.236],[95.6483,29.2107],[95.6987,29.2248],[95.7099,29.2043],[95.7431,29.2258],[95.7303,29.2361],[95.753,29.2755],[95.7407,29.3038],[95.8148,29.3479],[95.8408,29.3526],[95.8394,29.3232],[95.8776,29.3146],[95.9394,29.3488],[95.9429,29.3656],[95.9668,29.3748],[96.0137,29.3617],[96.0537,29.3827],[96.1319,29.3479],[96.1525,29.2962],[96.195,29.2657],[96.2635,29.2464],[96.2615,29.2164],[96.2868,29.209],[96.3206,29.1689],[96.3108,29.1216],[96.3652,29.0808],[96.3625,29.0442],[96.4441,28.9951],[96.4486,28.9402],[96.5219,28.9384],[96.5237,28.8619],[96.5896,28.8185],[96.5735,28.7832],[96.6028,28.7809],[96.614,28.7422],[96.6318,28.7334],[96.6506,28.6135],[96.6869,28.5898],[96.7115,28.6115],[96.7224,28.5788],[96.7621,28.5529],[96.7509,28.5418],[96.7596,28.5199],[96.8604,28.4832],[96.862,28.4531],[96.8932,28.4187],[96.888,28.3876],[96.9251,28.3526],[97.0005,28.325],[97.0777,28.3708],[97.1264,28.3619],[97.2373,28.294],[97.2434,28.2648],[97.2635,28.2663],[97.2844,28.2315],[97.3609,28.2034],[97.353,28.1535],[97.326,28.1412],[97.3282,28.0843],[97.3125,28.0626],[97.353,28.0638],[97.3952,28.0121],[97.3619,27.9645],[97.3763,27.9506],[97.3666,27.9388],[97.3802,27.8917],[97.3621,27.8729],[97.3224,27.8875],[97.2986,27.9162],[97.2482,27.9002],[97.1648,27.8149],[97.1133,27.7843],[97.0853,27.7341],[97.0622,27.7471],[97.045,27.8143],[97.0088,27.81],[96.9723,27.8637],[96.9073,27.888],[96.8493,27.8777],[96.8031,27.8993],[96.7852,27.9339],[96.6741,27.9556],[96.6127,28.0376],[96.5806,28.0421],[96.5729,28.0633],[96.5169,28.0812],[96.4934,28.0696],[96.4798,28.1201],[96.4372,28.1586],[96.4072,28.1627],[96.371,28.1218],[96.2944,28.1401],[96.2858,28.2002],[96.2533,28.2508],[96.2058,28.2147],[96.123,28.2049],[96.0981,28.2173],[96.06,28.1948],[96.0125,28.1937],[95.9738,28.2023],[95.9347,28.2425],[95.9028,28.2456],[95.8984,28.2805],[95.8726,28.3041],[95.8389,28.2833],[95.8145,28.3017],[95.3725,28.131],[95.3424,28.0912],[95.3514,28.041],[95.2775,27.9368],[95.0814,27.8464],[94.9532,27.8062],[94.8647,27.7419],[94.7904,27.7224],[94.7739,27.7012],[94.7413,27.7002],[94.5216,27.6003],[94.4192,27.6002],[94.3693,27.576],[94.2764,27.5888],[94.2636,27.5617],[94.0534,27.3905],[93.8602,27.1856],[93.8452,27.0538],[93.8198,27.0173],[93.7289,27.0014],[93.5816,26.9419],[93.3464,26.9287],[93.0743,26.8877],[92.8944,26.9228],[92.7908,26.8974],[92.6553,26.9614],[92.2142,26.8645],[92.1145,26.8572],[92.1208,26.9708],[92.0776,27.0182],[92.0819,27.0402],[92.0385,27.0605],[92.0232,27.1094],[92.0361,27.1374],[92.0267,27.168],[92.0571,27.1886],[92.072,27.233],[92.0377,27.258],[92.1238,27.2828],[92.0649,27.3273],[92.0477,27.3624],[92.0544,27.4036],[92.0223,27.4462],[92.0195,27.4775],[91.9513,27.4597],[91.8486,27.4866],[91.8301,27.4687],[91.7677,27.4653],[91.7134,27.4755],[91.7171,27.4984],[91.6928,27.5055],[91.6519,27.4833],[91.5661,27.5836],[91.584,27.6072],[91.5632,27.6361]]]]}},{"type":"Feature","properties":{"NAM_0":"Jammu and Kashmir"},"geometry":{"type":"MultiPolygon","coordinates":[[[[75.9455,36.6028],[75.9231,36.5655],[75.9878,36.5058],[76.0359,36.408],[75.985,36.3508],[75.9948,36.3078],[76.0178,36.3],[76.0255,36.271],[76.0624,36.2351],[76.0592,36.2237],[76.004,36.2317],[76.0041,36.1868],[76.0242,36.1714],[75.9677,36.1624],[75.9685,36.1496],[75.9333,36.1363],[75.9499,36.1124],[75.9385,36.1039],[75.9512,36.0544],[76.0022,36.0195],[76.0995,36.0176],[76.1068,35.9758],[76.1603,35.9194],[76.1412,35.8486],[76.17,35.8205],[76.2177,35.8271],[76.225,35.8425],[76.3584,35.8285],[76.3515,35.8552],[76.3628,35.8636],[76.428,35.8537],[76.4699,35.891],[76.5183,35.8843],[76.5468,35.9026],[76.5493,35.9282],[76.5833,35.9213],[76.5996,35.9013],[76.5728,35.8704],[76.587,35.8454],[76.56,35.8224],[76.5869,35.7748],[76.6898,35.7502],[76.6961,35.7249],[76.7772,35.6581],[76.7825,35.6429],[76.7565,35.6277],[76.7916,35.5789],[76.7762,35.5798],[76.7475,35.5384],[76.7654,35.5152],[76.7984,35.5173],[76.7909,35.496],[76.8375,35.4434],[76.85,35.3965],[76.896,35.3862],[76.9402,35.3968],[76.9538,35.367],[76.9858,35.3562],[76.9835,35.3173],[77.0206,35.2957],[76.9959,35.2886],[76.9767,35.26],[77.0037,35.2308],[76.9912,35.2098],[77.0156,35.1834],[77.0859,35.1684],[77.0704,35.1226],[77.0854,35.0959],[77.1115,35.0894],[77.1166,35.0523],[77.049,35.0515],[77.0164,35.0357],[76.9956,34.9325],[76.8688,34.9836],[76.8578,34.9637],[76.7725,34.9317],[76.7563,34.9393],[76.7477,34.8307],[76.7118,34.8094],[76.6812,34.7498],[76.6019,34.7492],[76.4726,34.7987],[76.4327,34.7725],[76.4289,34.751],[76.2597,34.7151],[76.2719,34.6966],[76.2509,34.6851],[76.2547,34.6728],[76.1934,34.6613],[76.1609,34.6332],[76.1019,34.6476],[76.0636,34.6872],[76.0341,34.6863],[75.9913,34.636],[75.9649,34.6358],[75.7795,34.5106],[75.6604,34.533],[75.3654,34.5376],[75.2864,34.5954],[75.2476,34.6029],[75.2658,34.6383],[75.087,34.6549],[75.0255,34.6291],[74.9292,34.6734],[74.7308,34.6808],[74.6518,34.7058],[74.578,34.7604],[74.4776,34.7795],[74.3089,34.7815],[74.2411,34.7267],[74.1585,34.6898],[74.146,34.6587],[74.1148,34.6642],[74.1081,34.6799],[74.0713,34.6695],[73.9686,34.6855],[73.9536,34.6509],[73.9321,34.6409],[73.9287,34.6097],[73.9523,34.5977],[73.9563,34.5655],[73.895,34.512],[73.8875,34.453],[73.841,34.4273],[73.8055,34.4277],[73.7559,34.381],[73.7506,34.3446],[73.7756,34.3327],[73.8149,34.3461],[73.8148,34.3337],[73.8545,34.3221],[73.9134,34.3522],[73.9372,34.3356],[73.9183,34.3106],[73.9415,34.3133],[73.9371,34.2855],[73.9911,34.2735],[74.009,34.2222],[73.9994,34.1983],[74.0112,34.1957],[73.9599,34.1683],[73.9656,34.1528],[73.9267,34.1275],[73.9268,34.1035],[73.905,34.1061],[73.8961,34.0599],[73.9255,34.0244],[73.9862,34.0125],[74.0181,34.0382],[74.0552,34.0308],[74.1296,34.0465],[74.198,34.0163],[74.2336,34.0239],[74.277,33.9686],[74.2671,33.9535],[74.2822,33.9349],[74.2764,33.8955],[74.1938,33.8416],[74.0582,33.8234],[74.0106,33.7775],[74.0006,33.7418],[73.962,33.7236],[73.9894,33.6832],[73.9834,33.637],[74.0307,33.5805],[74.0803,33.5844],[74.1395,33.557],[74.1924,33.4749],[74.1761,33.4328],[74.1869,33.3862],[74.1559,33.3267],[74.0901,33.2841],[74.0446,33.2855],[74.0011,33.2373],[74.0172,33.2061],[74.0689,33.1958],[74.1476,33.1425],[74.1826,33.0893],[74.173,33.074],[74.3245,33.0311],[74.3394,32.9518],[74.3136,32.9284],[74.4159,32.8967],[74.4191,32.8428],[74.4574,32.7883],[74.388,32.8034],[74.3115,32.786],[74.2534,32.8463],[74.1835,32.8657],[74.144,32.9002],[74.0306,32.9279],[74.0065,32.9483],[73.9638,32.9434],[73.926,33.0015],[73.8919,32.9955],[73.8303,33.0178],[73.7816,33.0069],[73.7656,33.0462],[73.7008,33.0894],[73.6386,33.0863],[73.6327,33.1392],[73.6699,33.1645],[73.6716,33.2075],[73.645,33.2202],[73.6324,33.2098],[73.6381,33.2301],[73.6134,33.2477],[73.5891,33.3217],[73.6006,33.3347],[73.5781,33.3275],[73.5698,33.3398],[73.5826,33.3532],[73.5654,33.3704],[73.6,33.4181],[73.5865,33.425],[73.5952,33.439],[73.6298,33.4488],[73.6029,33.4978],[73.6398,33.5253],[73.6226,33.5413],[73.6288,33.5698],[73.6053,33.5878],[73.6095,33.604],[73.5673,33.6201],[73.5778,33.6417],[73.5666,33.6651],[73.6052,33.7141],[73.5982,33.7488],[73.5599,33.7836],[73.5937,33.8899],[73.5136,34.0027],[73.4903,34.1267],[73.496,34.2084],[73.4723,34.2531],[73.4818,34.2862],[73.4578,34.2736],[73.4428,34.3212],[73.4032,34.3528],[73.4229,34.373],[73.4333,34.4354],[73.4291,34.5194],[73.4455,34.5328],[73.4461,34.5668],[73.5326,34.5705],[73.5536,34.589],[73.6115,34.5814],[73.6495,34.5587],[73.6536,34.5979],[73.694,34.6457],[73.6606,34.6751],[73.7078,34.7247],[73.7246,34.7669],[73.7735,34.7957],[73.8245,34.7924],[73.8439,34.8131],[73.9207,34.8098],[73.9335,34.8319],[73.9627,34.8387],[73.968,34.8621],[74.0256,34.8724],[74.0432,34.8915],[74.0393,34.9209],[74.0697,34.9362],[74.0576,34.9968],[74.1081,35.0156],[74.0699,35.0558],[74.0956,35.0927],[74.1354,35.108],[74.1052,35.125],[74.1073,35.1478],[74.0295,35.1459],[74.0032,35.1803],[73.9524,35.1665],[73.9183,35.2116],[73.8658,35.2027],[73.8082,35.239],[73.7482,35.2173],[73.6846,35.3275],[73.7204,35.4176],[73.8014,35.4601],[73.7901,35.5177],[73.7403,35.5182],[73.7276,35.532],[73.6671,35.5251],[73.6174,35.5476],[73.5552,35.5265],[73.5241,35.5434],[73.4127,35.5212],[73.3999,35.5817],[73.361,35.5969],[73.331,35.6577],[73.283,35.6708],[73.2374,35.6573],[73.1211,35.7229],[73.1104,35.7486],[73.1638,35.7605],[73.1668,35.7913],[73.1403,35.8106],[73.1547,35.8213],[73.1483,35.8372],[73.0878,35.8726],[73.0069,35.8246],[72.9641,35.8365],[72.9011,35.8134],[72.8825,35.8546],[72.8275,35.8814],[72.8028,35.8263],[72.7435,35.8135],[72.723,35.8539],[72.6971,35.8583],[72.6644,35.8381],[72.5259,35.8804],[72.5062,35.9194],[72.5853,36.0259],[72.5366,36.0527],[72.5196,36.0827],[72.5245,36.1097],[72.5577,36.1355],[72.5357,36.1734],[72.5451,36.204],[72.5697,36.2208],[72.5832,36.2565],[72.6192,36.2689],[72.6798,36.2533],[72.6818,36.269],[72.801,36.3288],[72.821,36.3592],[72.8537,36.3643],[72.876,36.3894],[72.8613,36.4383],[72.9052,36.4596],[72.9826,36.4609],[72.9789,36.5126],[73.0486,36.5289],[73.0558,36.5653],[73.0755,36.5708],[73.097,36.607],[73.07,36.6284],[73.0681,36.6817],[73.1118,36.6865],[73.1753,36.7209],[73.1842,36.6902],[73.2336,36.7084],[73.3077,36.7022],[73.3434,36.7165],[73.3503,36.7367],[73.4282,36.7451],[73.4989,36.7145],[73.5804,36.7248],[73.5984,36.6938],[73.6851,36.6889],[73.7151,36.7147],[73.8767,36.7004],[73.8914,36.727],[73.8728,36.7364],[73.8838,36.7532],[73.8617,36.7765],[73.7995,36.7959],[73.7943,36.8205],[73.7681,36.8145],[73.704,36.8365],[73.7042,36.8579],[73.6701,36.8816],[73.6724,36.9118],[73.7531,36.9121],[73.8152,36.8909],[73.8437,36.9262],[73.8906,36.913],[73.9074,36.8985],[73.8925,36.8783],[73.9323,36.8747],[73.9872,36.8315],[74.1208,36.8382],[74.1762,36.9165],[74.2406,36.8948],[74.2945,36.9123],[74.346,36.9605],[74.4153,36.9759],[74.4264,37.0111],[74.5345,36.9574],[74.5439,36.9727],[74.5189,37.0174],[74.6054,37.0377],[74.622,37.0594],[74.6738,37.0699],[74.6955,37.0908],[74.7381,37.0205],[74.7893,37.0281],[74.8053,37.0531],[74.8431,37.0541],[74.8388,37.0157],[74.8809,36.9609],[74.8831,36.9361],[74.9069,36.9301],[74.9325,36.9457],[74.9199,36.9788],[74.9887,36.9899],[75.0302,37.0163],[75.0524,37.0026],[75.1144,37.0075],[75.142,37.0277],[75.1687,37.0106],[75.1605,36.9896],[75.2358,36.9582],[75.2932,36.9759],[75.3751,36.9466],[75.4,36.9554],[75.4098,36.9464],[75.3887,36.9302],[75.387,36.9044],[75.4233,36.8866],[75.4205,36.7716],[75.4527,36.7222],[75.4685,36.7155],[75.4995,36.7388],[75.5346,36.7218],[75.5346,36.7718],[75.675,36.7652],[75.8033,36.7098],[75.9455,36.6028]]]]}}],"name":"countryboundaries"}